<COLLADA xmlns="http://www.collada.org/2005/11/COLLADASchema" version="1.4.1">
  <asset>
    <contributor/>
    <created>2025-03-05T10:00:29.446298</created>
    <modified>2025-03-05T10:00:29.446301</modified>
    <unit name="meter" meter="1.0"/>
    <up_axis>Z_UP</up_axis>
  </asset>
  <library_effects>
    <effect id="effect_Body002_shape" name="effect_Body002_shape">
      <profile_COMMON>
        <technique sid="common">
          <phong>
            <emission>
              <color>0.0 0.0 0.0 1.0</color>
            </emission>
            <ambient>
              <color>0.0 0.0 0.0 1.0</color>
            </ambient>
            <diffuse>
              <color>0.67843097448349 0.7098039984703064 0.7411760091781616 1.0</color>
            </diffuse>
            <specular>
              <color>1 1 1 1.0</color>
            </specular>
            <shininess>
              <float>0.0</float>
            </shininess>
            <reflective>
              <color>0.0 0.0 0.0 1.0</color>
            </reflective>
            <reflectivity>
              <float>0.0</float>
            </reflectivity>
            <transparent>
              <color>0.0 0.0 0.0 1.0</color>
            </transparent>
            <transparency>
              <float>1.0</float>
            </transparency>
          </phong>
        </technique>
        <extra>
          <technique profile="GOOGLEEARTH">
            <double_sided>0</double_sided>
          </technique>
        </extra>
      </profile_COMMON>
    </effect>
  </library_effects>
  <library_geometries>
    <geometry id="geometry0" name="Body002_shape">
      <mesh>
        <source id="cubeverts-array0">
          <float_array count="6252" id="cubeverts-array0-array">-0.001493518 -0.01492546 1.325432e-18 -0.00104571 -0.01496346 -3.651699e-05 -0.0007476883 -0.01498135 1.497244e-18 -0.001040615 -0.01496346 -0.0001093731 3.54894e-16 -0.015 4.996004e-18 -0.001030451 -0.01496346 -0.0001816963 -0.001015266 -0.01496346 -0.0002531343 -0.002235634 -0.01483246 1.150324e-18 -0.002082511 -0.01485402 -0.0001456234 -0.002972192 -0.01470259 9.723558e-19 -0.0009951352 -0.01496346 -0.000323339 -0.00206728 -0.01485402 -0.0002905373 -0.0009701561 -0.01496346 -0.0003919685 -0.002041977 -0.01485402 -0.0004340357 -0.003701361 -0.01453616 7.919706e-19 -0.003116776 -0.01467221 -0.0001088402 -0.0009404505 -0.01496346 -0.0004586884 -0.002006727 -0.01485402 -0.0005754196 -0.003101591 -0.01467221 -0.0003259903 -0.0009061632 -0.01496346 -0.0005231736 -0.001961699 -0.01485402 -0.000714 -0.003071296 -0.01467221 -0.0005415523 -0.0008674611 -0.01496346 -0.0005851099 -0.001907114 -0.01485402 -0.000849102 -0.003026037 -0.01467221 -0.0007544758 -0.0008245327 -0.01496346 -0.0006441956 -0.004421328 -0.01433359 6.096164e-19 -0.004124489 -0.01441893 -0.0002884124 -0.001843238 -0.01485402 -0.0009800672 -0.002966037 -0.01467221 -0.0009637237 -0.0007775874 -0.01496346 -0.0007001429 -0.004094323 -0.01441893 -0.0005754196 -0.001770382 -0.01485402 -0.001106258 -0.002891585 -0.01467221 -0.001168276 -0.0007268538 -0.01496346 -0.0007526791 -0.00404421 -0.01441893 -0.0008596234 -0.001688901 -0.01485402 -0.001227058 -0.005130302 -0.01409539 4.257467e-19 -0.005127177 -0.01409539 -0.000179045 -0.005826522 -0.01382214 2.408184e-19 -0.002803047 -0.01467221 -0.001367137 -0.0006725789 -0.01496346 -0.0008015484 -0.003974395 -0.01441893 -0.001139639 -0.001599192 -0.01485402 -0.001341881 -0.005102198 -0.01409539 -0.0005362626 -0.002700852 -0.01467221 -0.001559338 -0.0006150274 -0.01496346 -0.0008465126 -0.003885216 -0.01441893 -0.001414103 -0.001501691 -0.01485402 -0.001450166 -0.005052361 -0.01409539 -0.0008908676 -0.002585499 -0.01467221 -0.001743941 -0.0005544795 -0.01496346 -0.0008873526 -0.003777109 -0.01441893 -0.001681677 -0.001396875 -0.01485402 -0.001551387 -0.00497791 -0.01409539 -0.001241132 -0.00245755 -0.01467221 -0.001920048 -0.0004912302 -0.01496346 -0.0009238697 -0.006086188 -0.01370318 -0.0004255877 -0.006508256 -0.01351453 5.529142e-20 -0.0036506 -0.01441893 -0.001941059 -0.001285253 -0.01485402 -0.001645048 -0.004879207 -0.01409539 -0.001585351 -0.002317627 -0.01467221 -0.002086801 -0.0004255877 -0.01496346 -0.0009558856 -0.006041675 -0.01370318 -0.000849102 -0.003506306 -0.01441893 -0.002190983 -0.001167369 -0.01485402 -0.001730696 -0.004756733 -0.01409539 -0.001921845 -0.002166414 -0.01467221 -0.002243387 -0.0003578718 -0.01496346 -0.0009832447 -0.005967727 -0.01370318 -0.00126848 -0.00334493 -0.01441893 -0.002430233 -0.001043798 -0.01485402 -0.001807912 -0.00717381 -0.01317332 -1.30373e-19 -0.007037784 -0.01324421 -0.0002457648 -0.004611085 -0.01409539 -0.002248976 -0.002004646 -0.01467221 -0.002389044 -0.0002884124 -0.01496346 -0.001005813 -0.005864706 -0.01370318 -0.001681677 -0.003167257 -0.01441893 -0.002657644 -0.0009151421 -0.01485402 -0.001876319 -0.007003496 -0.01324421 -0.0007360971 -0.004442972 -0.01409539 -0.002565151 -0.001833111 -0.01467221 -0.002523061 -0.0002175478 -0.01496346 -0.001023482 -0.005733111 -0.01370318 -0.002086682 -0.002974154 -0.01441893 -0.002872107 -0.0007820274 -0.01485402 -0.001935586 -0.006935089 -0.01324421 -0.001222843 -0.004253213 -0.01409539 -0.002868829 -0.001652646 -0.01467221 -0.002644787 -0.0001456234 -0.01496346 -0.001036164 -0.005573586 -0.01370318 -0.00248152 -0.002766561 -0.01441893 -0.003072577 -0.0006451028 -0.01485402 -0.001985422 -0.006832894 -0.01324421 -0.001703632 -0.004042733 -0.01409539 -0.003158529 -0.001464129 -0.01467221 -0.002753627 -7.298949e-05 -0.01496346 -0.001043798 -0.007929426 -0.01272072 -0.0005544795 -0.007821528 -0.01279936 -3.157133e-19 -0.0084498 -0.01239358 -5.002687e-19 -0.005386907 -0.01370318 -0.002864269 -0.00254549 -0.01441893 -0.003258078 -0.0005050353 -0.01485402 -0.002025586 -0.00669741 -0.01324421 -0.00217612 -0.003812557 -0.01409539 -0.003432842 -0.00126848 -0.01467221 -0.002849052 1.097608e-18 -0.01496346 -0.001046347 -0.007871432 -0.01272072 -0.001106258 -0.005173984 -0.01370318 -0.003233064 -0.002312017 -0.01441893 -0.003427706 -0.0003625073 -0.01485402 -0.002055881 -0.006529297 -0.01324421 -0.002638007 -0.003563807 -0.01409539 -0.003690431 -0.00106665 -0.01467221 -0.002930596 7.298949e-05 -0.01496346 -0.001043798 -0.007775089 -0.01272072 -0.001652646 -0.004935853 -0.01370318 -0.003586107 -0.00206728 -0.01441893 -0.003580634 -0.0002182133 -0.01485402 -0.00207616 -0.009057066 -0.01195699 -6.835804e-19 -0.008811408 -0.01213525 -0.0003077011 -0.006329374 -0.01324421 -0.003087042 -0.003297695 -0.01409539 -0.003930039 -0.0008596234 -0.01467221 -0.002997863 0.0001456234 -0.01496346 -0.001036164 -0.007640866 -0.01272072 -0.002190983 -0.004673675 -0.01370318 -0.003921679 -0.001812472 -0.01441893 -0.003716118 -7.285607e-05 -0.01485402 -0.002086325 -0.008768479 -0.01213525 -0.0009216043 -0.006098615 -0.01324421 -0.003521037 -0.003015516 -0.01409539 -0.004150502 -0.0006484091 -0.01467221 -0.003050525 0.0002175478 -0.01496346 -0.001023482 -0.007469419 -0.01272072 -0.002718646 -0.004388728 -0.01370318 -0.004238145 -0.001548834 -0.01441893 -0.003833498 7.285607e-05 -0.01485402 -0.002086325 -0.008682832 -0.01213525 -0.001531018 -0.005838143 -0.01324421 -0.003937877 -0.002718646 -0.01409539 -0.004350743 -0.0004340357 -0.01467221 -0.003088325 0.0002884124 -0.01496346 -0.001005813 -0.00726158 -0.01272072 -0.003233064 -0.004082399 -0.01370318 -0.004533964 -0.001277649 -0.01441893 -0.0039322 0.0002182133 -0.01485402 -0.00207616 -0.008554883 -0.01213525 -0.002132972 -0.00554923 -0.01324421 -0.004335533 -0.002408531 -0.01409539 -0.004529788 -0.0002175478 -0.01467221 -0.003111079 0.0003578718 -0.01496346 -0.0009832447 -0.009641814 -0.01149067 -8.651925e-19 -0.009618327 -0.01149067 -0.0006725789 -0.01020259 -0.01099578 -1.044654e-18 -0.007018364 -0.01272072 -0.00373173 -0.003756181 -0.01370318 -0.004807693 -0.001000241 -0.01441893 -0.004011746 0.0003625073 -0.01485402 -0.002055881 -0.008385255 -0.01213525 -0.002724535 -0.005233281 -0.01324421 -0.004712067 -0.002086682 -0.01409539 -0.004686764 3.271461e-18 -0.01467221 -0.003118675 0.0004255877 -0.01496346 -0.0009558856 -0.00954798 -0.01149067 -0.001341881 -0.006740955 -0.01272072 -0.004212216 -0.003411664 -0.01370318 -0.005058 -0.0007179589 -0.01441893 -0.004071747 0.0005050353 -0.01485402 -0.002025586 -0.008174775 -0.01213525 -0.003302824 -0.004891835 -0.01324421 -0.005065644 -0.001754667 -0.01409539 -0.004820907 0.0002175478 -0.01467221 -0.003111079 0.0004912302 -0.01496346 -0.0009238697 -0.009431117 -0.01149067 -0.002004646 -0.006430706 -0.01272072 -0.004672181 -0.003050525 -0.01370318 -0.005283664 -0.0004321792 -0.01441893 -0.004111911 0.0006451028 -0.01485402 -0.001985422 -0.010738 -0.01047355 -1.221518e-18 -0.01041353 -0.0107901 -0.0003636484 -0.007924469 -0.01213525 -0.003865021 -0.004526557 -0.01324421 -0.005394541 -0.001414103 -0.01409539 -0.004931563 0.0004340357 -0.01467221 -0.003088325 0.0005544795 -0.01496346 -0.0008873526 -0.009268307 -0.01149067 -0.002657644 -0.006089126 -0.01272072 -0.005109383 -0.002674524 -0.01370318 -0.005483587 -0.0001442941 -0.01441893 -0.004132041 0.0007820274 -0.01485402 -0.001935586 -0.01036279 -0.0107901 -0.001089174 -0.007635554 -0.01213525 -0.00440839 -0.004139227 -0.01324421 -0.005697157 -0.00106665 -0.01409539 -0.005018193 0.0006484091 -0.01467221 -0.003050525 0.0006150274 -0.01496346 -0.0008465126 -0.009060342 -0.01149067 -0.003297695 -0.00571788 -0.01272072 -0.005521693 -0.002285493 -0.01370318 -0.005656795 0.0001442941 -0.01441893 -0.004132041 0.0009151421 -0.01485402 -0.001876319 -0.01026157 -0.0107901 -0.001809392 -0.007309441 -0.01213525 -0.00493028 -0.00373173 -0.01324421 -0.005972017 -0.000714 -0.01409539 -0.005080374 0.0008596234 -0.01467221 -0.002997863 0.0006725789 -0.01496346 -0.0008015484 -0.008808235 -0.01149067 -0.003921679 -0.005318778 -0.01272072 -0.005907101 -0.001885328 -0.01370318 -0.005802443 0.0004321792 -0.01441893 -0.004111911 0.001043798 -0.01485402 -0.001807912 -0.01011036 -0.0107901 -0.002520796 -0.006947717 -0.01213525 -0.005428151 -0.003306053 -0.01324421 -0.006217782 -0.0003578718 -0.01409539 -0.005117805 0.00106665 -0.01467221 -0.002930596 0.0007268538 -0.01496346 -0.0007526791 -0.01124672 -0.009925287 -1.395345e-18 -0.01112002 -0.01003696 -0.0007775874 -0.01172747 -0.009352347 -1.565703e-18 -0.008513217 -0.01149067 -0.004526557 -0.004893763 -0.01272072 -0.006263731 -0.001475978 -0.01370318 -0.005919822 0.0007179589 -0.01441893 -0.004071747 0.001167369 -0.01485402 -0.001730696 -0.00990989 -0.0107901 -0.003219919 -0.006552144 -0.01213525 -0.005899577 -0.002864269 -0.01324421 -0.006433254 5.381639e-18 -0.01409539 -0.005130302 0.00126848 -0.01467221 -0.002849052 0.0007775874 -0.01496346 -0.0007001429 -0.01103869 -0.01003696 -0.001551387 -0.008176723 -0.01149067 -0.005109383 -0.004444906 -0.01272072 -0.006589845 -0.001059436 -0.01370318 -0.006008361 0.001000241 -0.01441893 -0.004011746 0.001285253 -0.01485402 -0.001645048 -0.00966114 -0.0107901 -0.003903354 -0.006124649 -0.01213525 -0.00634226 -0.002408531 -0.01324421 -0.006617384 0.0003578718 -0.01409539 -0.005117805 0.001464129 -0.01467221 -0.002753627 0.0008245327 -0.01496346 -0.0006441956 -0.01090358 -0.01003696 -0.002317627 -0.007800392 -0.01149067 -0.005667316 -0.003974395 -0.01272072 -0.006883853 -0.0006377333 -0.01370318 -0.006067627 0.001277649 -0.01441893 -0.0039322 0.001396875 -0.01485402 -0.001551387 -0.01217907 -0.008756155 -1.732168e-18 -0.01181296 -0.009234922 -0.0004125177 -0.009365322 -0.0107901 -0.004567773 -0.005667316 -0.01213525 -0.006754045 -0.001941059 -0.01324421 -0.006769276 0.000714 -0.01409539 -0.005080374 0.001652646 -0.01467221 -0.002644787 0.0008674611 -0.01496346 -0.0005851099 -0.01071535 -0.01003696 -0.003072577 -0.007386058 -0.01149067 -0.006197639 -0.00348452 -0.01272072 -0.007144324 -0.0002129236 -0.01370318 -0.006097333 0.001548834 -0.01441893 -0.003833498 0.001501691 -0.01485402 -0.001450166 -0.01175541 -0.009234922 -0.001235543 -0.009023877 -0.0107901 -0.005209938 -0.005182373 -0.01213525 -0.007132924 -0.001464129 -0.01324421 -0.006888187 0.00106665 -0.01409539 -0.005018193 0.001833111 -0.01467221 -0.002523061 0.0009061632 -0.01496346 -0.0005231736 -0.01047492 -0.01003696 -0.003812557 -0.00693574 -0.01149067 -0.006697767 -0.002977669 -0.01272072 -0.007369989 0.0002129236 -0.01370318 -0.006097333 0.001812472 -0.01441893 -0.003716118 0.001599192 -0.01485402 -0.001341881 -0.01164059 -0.009234922 -0.002052549 -0.008638469 -0.0107901 -0.00582672 -0.004672181 -0.01213525 -0.007477053 -0.0009800672 -0.01324421 -0.00697354 0.001414103 -0.01409539 -0.004931563 0.002004646 -0.01467221 -0.002389044 0.0009404505 -0.01496346 -0.0004586884 -0.01018345 -0.01003696 -0.004533964 -0.006451633 -0.01149067 -0.007165264 -0.002456311 -0.01272072 -0.007559748 0.0006377333 -0.01370318 -0.006067627 0.00206728 -0.01441893 -0.003580634 0.001688901 -0.01485402 -0.001227058 -0.01146905 -0.009234922 -0.002859556 -0.008210974 -0.0107901 -0.006415116 -0.004139227 -0.01213525 -0.007784754 -0.0004912302 -0.01324421 -0.00702492 0.001754667 -0.01409539 -0.004820907 0.002166414 -0.01467221 -0.002243387 0.0009701561 -0.01496346 -0.0003919685 -0.01260039 -0.008138194 -1.894327e-18 -0.01240527 -0.008387894 -0.0008674611 -0.009842369 -0.01003696 -0.005233281 -0.005936093 -0.01149067 -0.007597853 -0.001922986 -0.01272072 -0.007712676 0.001059436 -0.01370318 -0.006008361 0.002312017 -0.01441893 -0.003427706 0.001770382 -0.01485402 -0.001106258 -0.01124164 -0.009234922 -0.003652631 -0.007743476 -0.0107901 -0.006972258 -0.003586107 -0.01213525 -0.008054528 7.387069e-18 -0.01324421 -0.007042073 0.002086682 -0.01409539 -0.004686764 0.002317627 -0.01467221 -0.002086801 0.0009951352 -0.01496346 -0.000323339 -0.01231454 -0.008387894 -0.001730696 -0.009453339 -0.01003696 -0.005907101 -0.005391634 -0.01149067 -0.007993426 -0.001380293 -0.01272072 -0.007828029 0.001475978 -0.01370318 -0.005919822 0.00254549 -0.01441893 -0.003258078 0.001843238 -0.01485402 -0.0009800672 -0.01095946 -0.009234922 -0.00442791 -0.007238254 -0.0107901 -0.007495431 -0.003015516 -0.01213525 -0.008285062 0.0004912302 -0.01324421 -0.00702492 0.002408531 -0.01409539 -0.004529788 0.00245755 -0.01467221 -0.001920048 0.001015266 -0.01496346 -0.0002531343 -0.01216382 -0.008387894 -0.002585499 -0.009018252 -0.01003696 -0.006552144 -0.004820907 -0.01149067 -0.008350056 -0.0008308747 -0.01272072 -0.007905245 0.001885328 -0.01370318 -0.005802443 0.002766561 -0.01441893 -0.003072577 0.001907114 -0.01485402 -0.000849102 -0.01299038 -0.0075 -2.051777e-18 -0.01298247 -0.0075 -0.0004533578 -0.01334808 -0.00684316 -2.204125e-18 -0.01062389 -0.009234922 -0.005181618 -0.006697767 -0.0107901 -0.007982088 -0.002430233 -0.01213525 -0.008475232 0.0009800672 -0.01324421 -0.00697354 0.002718646 -0.01409539 -0.004350743 0.002585499 -0.01467221 -0.001743941 0.001030451 -0.01496346 -0.0001816963 -0.01195383 -0.008387894 -0.003427706 -0.008539229 -0.01003696 -0.007165264 -0.004226693 -0.01149067 -0.008666005 -0.0002774087 -0.01272072 -0.007943947 0.002285493 -0.01370318 -0.005656795 0.002974154 -0.01441893 -0.002872107 0.001961699 -0.01485402 -0.000714 -0.01291922 -0.0075 -0.001357865 -0.01023656 -0.009234922 -0.00591008 -0.006124649 -0.0107901 -0.008429856 -0.001833111 -0.01213525 -0.008624111 0.001464129 -0.01324421 -0.006888187 0.003015516 -0.01409539 -0.004150502 0.002700852 -0.01467221 -0.001559338 0.001040615 -0.01496346 -0.0001093731 0.0007476883 -0.01498135 5.230268e-18 -0.01168561 -0.008387894 -0.004253213 -0.008018605 -0.01003696 -0.007743476 -0.003611887 -0.01149067 -0.008939734 0.0002774087 -0.01272072 -0.007943947 0.002674524 -0.01370318 -0.005483587 0.003167257 -0.01441893 -0.002657644 0.002006727 -0.01485402 -0.0005754196 -0.01279303 -0.0075 -0.002255756 -0.009799357 -0.009234922 -0.00660975 -0.005521693 -0.0107901 -0.008836555 -0.001227058 -0.01213525 -0.008730974 0.001941059 -0.01324421 -0.006769276 0.003297695 -0.01409539 -0.003930039 0.002803047 -0.01467221 -0.001367137 0.00104571 -0.01496346 -3.651699e-05 0.001493518 -0.01492546 5.451529e-18 -0.01136045 -0.008387894 -0.005058 -0.007458914 -0.01003696 -0.008283963 -0.002979484 -0.01149067 -0.00916991 0.0008308747 -0.01272072 -0.007905245 0.003050525 -0.01370318 -0.005283664 0.00334493 -0.01441893 -0.002430233 0.002041977 -0.01485402 -0.0004340357 -0.01260451 -0.0075 -0.003142658 -0.009314414 -0.009234922 -0.007277218 -0.004891835 -0.0107901 -0.009200204 -0.0006150274 -0.01213525 -0.008795301 0.002408531 -0.01324421 -0.006617384 0.003563807 -0.01409539 -0.003690431 0.002891585 -0.01467221 -0.001168276 -0.01344907 -0.006575567 -0.0009404505 -0.01367259 -0.006169307 -2.350994e-18 -0.01097995 -0.008387894 -0.005838143 -0.006862885 -0.01003696 -0.008784092 -0.002332566 -0.01149067 -0.009355412 0.001380293 -0.01272072 -0.007828029 0.003411664 -0.01370318 -0.005058 0.003506306 -0.01441893 -0.002190983 0.00206728 -0.01485402 -0.0002905373 -0.01235459 -0.0075 -0.004014248 -0.008784092 -0.009234922 -0.007909232 -0.004238145 -0.0107901 -0.00951903 9.248719e-18 -0.01213525 -0.008816779 0.002864269 -0.01324421 -0.006433254 0.003812557 -0.01409539 -0.003432842 0.002966037 -0.01467221 -0.0009637237 -0.01335071 -0.006575567 -0.001876319 -0.01054596 -0.008387894 -0.006589845 -0.00623342 -0.01003696 -0.009241425 -0.001674284 -0.01149067 -0.009495334 0.001922986 -0.01272072 -0.007712676 0.003756181 -0.01370318 -0.004807693 0.0036506 -0.01441893 -0.001941059 0.002082511 -0.01485402 -0.0001456234 0.002235634 -0.01483246 5.659237e-18 0.002972192 -0.01470259 5.852875e-18 -0.01204447 -0.0075 -0.004866282 -0.008210974 -0.009234922 -0.008502712 -0.003563807 -0.0107901 -0.00979148 0.0006150274 -0.01213525 -0.008795301 0.003306053 -0.01324421 -0.006217782 0.004042733 -0.01409539 -0.003158529 0.003026037 -0.01467221 -0.0007544758 -0.0131873 -0.006575567 -0.002803047 -0.01006058 -0.008387894 -0.007309441 -0.005573586 -0.01003696 -0.009653734 -0.001007844 -0.01149067 -0.009588995 0.002456311 -0.01272072 -0.007559748 0.004082399 -0.01370318 -0.004533964 0.003777109 -0.01441893 -0.001681677 -0.01396311 -0.005480115 -2.492017e-18 -0.01389929 -0.005619099 -0.0004853737 -0.01167568 -0.0075 -0.005694608 -0.007597853 -0.009234922 -0.009054769 -0.002872107 -0.0107901 -0.01001623 0.001227058 -0.01213525 -0.008730974 0.00373173 -0.01324421 -0.005972017 0.004253213 -0.01409539 -0.002868829 0.003071296 -0.01467221 -0.0005415523 -0.01295964 -0.006575567 -0.003716118 -0.009526195 -0.008387894 -0.007993426 -0.004886599 -0.01003696 -0.01001901 -0.0003364945 -0.01149067 -0.009635941 0.002977669 -0.01272072 -0.007369989 0.004388728 -0.01370318 -0.004238145 0.003885216 -0.01441893 -0.001414103 -0.01383157 -0.005619099 -0.001453757 -0.01125 -0.0075 -0.006495191 -0.006947717 -0.009234922 -0.009562712 -0.002166414 -0.0107901 -0.01019218 0.001833111 -0.01213525 -0.008624111 0.004139227 -0.01324421 -0.005697157 0.004442972 -0.01409539 -0.002565151 0.003101591 -0.01467221 -0.0003259903 -0.01266885 -0.006575567 -0.004611085 -0.008945395 -0.008387894 -0.008638469 -0.004175804 -0.01003696 -0.01033548 0.0003364945 -0.01149067 -0.009635941 0.00348452 -0.01272072 -0.007144324 0.004673675 -0.01370318 -0.003921679 0.003974395 -0.01441893 -0.001139639 -0.01369647 -0.005619099 -0.002415057 -0.01076951 -0.0075 -0.007264129 -0.006263731 -0.009234922 -0.01002407 -0.001450166 -0.0107901 -0.01031847 0.002430233 -0.01213525 -0.008475232 0.004526557 -0.01324421 -0.005394541 0.004611085 -0.01409539 -0.002248976 0.003116776 -0.01467221 -0.0001088402 0.003701361 -0.01453616 6.031962e-18 -0.01231634 -0.006575567 -0.005483587 -0.008321016 -0.008387894 -0.009241425 -0.003444666 -0.01003696 -0.01060159 0.001007844 -0.01149067 -0.009588995 0.003974395 -0.01272072 -0.006883853 0.004935853 -0.01370318 -0.003586107 0.00404421 -0.01441893 -0.0008596234 -0.01349464 -0.005619099 -0.003364591 -0.01023656 -0.0075 -0.007997677 -0.00554923 -0.009234922 -0.01043658 -0.0007268538 -0.0107901 -0.01039449 0.003015516 -0.01213525 -0.008285062 0.004891835 -0.01324421 -0.005065644 0.004756733 -0.01409539 -0.001921845 -0.0142311 -0.004635255 -0.0009951352 -0.01421891 -0.0047773 -2.626845e-18 -0.01443936 -0.004062607 -2.755143e-18 -0.01190382 -0.006575567 -0.006329374 -0.007656097 -0.008387894 -0.009799357 -0.002696745 -0.01003696 -0.01081605 0.001674284 -0.01149067 -0.009495334 0.004444906 -0.01272072 -0.006589845 0.005173984 -0.01370318 -0.003233064 0.004094323 -0.01441893 -0.0005754196 -0.01322706 -0.005619099 -0.004297733 -0.009653734 -0.0075 -0.008692262 -0.004807693 -0.009234922 -0.01079825 1.093035e-17 -0.0107901 -0.01041988 0.003586107 -0.01213525 -0.008054528 0.005233281 -0.01324421 -0.004712067 0.004879207 -0.01409539 -0.001585351 -0.01412701 -0.004635255 -0.001985422 -0.01143331 -0.006575567 -0.007144324 -0.006953879 -0.008387894 -0.01030955 -0.001935686 -0.01003696 -0.01097782 0.002332566 -0.01149067 -0.009355412 0.004893763 -0.01272072 -0.006263731 0.005386907 -0.01370318 -0.002864269 0.004124489 -0.01441893 -0.0002884124 0.004421328 -0.01433359 6.196053e-18 -0.01289505 -0.005619099 -0.005209938 -0.009023877 -0.0075 -0.009344498 -0.004042733 -0.009234922 -0.01110732 0.0007268538 -0.0107901 -0.01039449 0.004139227 -0.01213525 -0.007784754 0.00554923 -0.01324421 -0.004335533 0.00497791 -0.01409539 -0.001241132 -0.0139541 -0.004635255 -0.002966037 -0.01090709 -0.006575567 -0.007924469 -0.006217782 -0.008387894 -0.01076951 -0.001165197 -0.01003696 -0.01108611 0.002979484 -0.01149067 -0.00916991 0.005318778 -0.01272072 -0.005907101 0.005573586 -0.01370318 -0.00248152 -0.01462392 -0.003337814 -2.87659e-18 -0.01454557 -0.003628829 -0.0005079425 -0.01250021 -0.005619099 -0.00609676 -0.008350056 -0.0075 -0.009951209 -0.003258078 -0.009234922 -0.01136227 0.001450166 -0.0107901 -0.01031847 0.004672181 -0.01213525 -0.007477053 0.005838143 -0.01324421 -0.003937877 0.005052361 -0.01409539 -0.0008908676 -0.01371321 -0.004635255 -0.0039322 -0.01032774 -0.006575567 -0.008666005 -0.005451392 -0.008387894 -0.01117701 -0.0003890307 -0.01003696 -0.01114038 0.003611887 -0.01149067 -0.008939734 0.00571788 -0.01272072 -0.005521693 0.005733111 -0.01370318 -0.002086682 -0.0144747 -0.003628829 -0.001521353 -0.01204447 -0.005619099 -0.006953879 -0.007635554 -0.0075 -0.01050944 -0.00245755 -0.009234922 -0.01156186 0.002166414 -0.0107901 -0.01019218 0.005182373 -0.01213525 -0.007132924 0.006098615 -0.01324421 -0.003521037 0.005102198 -0.01409539 -0.0005362626 -0.01340551 -0.004635255 -0.004879207 -0.009698075 -0.006575567 -0.009365322 -0.004658444 -0.008387894 -0.01153005 0.0003890307 -0.01003696 -0.01114038 0.004226693 -0.01149067 -0.008666005 0.006089126 -0.01272072 -0.005109383 0.005864706 -0.01370318 -0.001681677 -0.01433332 -0.003628829 -0.002527351 -0.01153005 -0.005619099 -0.00777712 -0.006883853 -0.0075 -0.01101647 -0.001645048 -0.009234922 -0.01170513 0.002872107 -0.0107901 -0.01001623 0.005667316 -0.01213525 -0.006754045 0.006329374 -0.01324421 -0.003087042 0.005127177 -0.01409539 -0.000179045 0.005130302 -0.01409539 6.344739e-18 0.005826522 -0.01382214 6.477651e-18 -0.0130325 -0.004635255 -0.005802443 -0.009021159 -0.006575567 -0.01001901 -0.0038428 -0.008387894 -0.01182692 0.001165197 -0.01003696 -0.01108611 0.004820907 -0.01149067 -0.008350056 0.006430706 -0.01272072 -0.004672181 0.005967727 -0.01370318 -0.00126848 -0.01412211 -0.003628829 -0.003521037 -0.01095946 -0.005619099 -0.00856247 -0.006098615 -0.0075 -0.01146983 -0.0008245327 -0.009234922 -0.01179137 0.003563807 -0.0107901 -0.00979148 0.006124649 -0.01213525 -0.00634226 0.006529297 -0.01324421 -0.002638007 -0.01473613 -0.002604723 -0.001030451 -0.01477212 -0.002604723 -2.990886e-18 -0.01488359 -0.001865156 -3.097747e-18 -0.012596 -0.004635255 -0.00669741 -0.008300293 -0.006575567 -0.01062389 -0.003008435 -0.008387894 -0.01206617 0.001935686 -0.01003696 -0.01097782 0.005391634 -0.01149067 -0.007993426 0.006740955 -0.01272072 -0.004212216 0.006041675 -0.01370318 -0.000849102 -0.01384209 -0.003628829 -0.004497568 -0.01033548 -0.005619099 -0.009306107 -0.005283664 -0.0075 -0.0118673 1.239924e-17 -0.009234922 -0.01182016 0.004238145 -0.0107901 -0.00951903 0.006552144 -0.01213525 -0.005899577 0.00669741 -0.01324421 -0.00217612 -0.01462836 -0.002604723 -0.002055881 -0.01209813 -0.004635255 -0.007559748 -0.007538989 -0.006575567 -0.01117701 -0.002159413 -0.008387894 -0.01224664 0.002696745 -0.01003696 -0.01081605 0.005936093 -0.01149067 -0.007597853 0.007018364 -0.01272072 -0.00373173 0.006086188 -0.01370318 -0.0004255877 0.006508256 -0.01351453 6.594459e-18 -0.01349464 -0.003628829 -0.005452188 -0.00966114 -0.005619099 -0.0100044 -0.004442972 -0.0075 -0.01220697 0.0008245327 -0.009234922 -0.01179137 0.004891835 -0.0107901 -0.009200204 0.006947717 -0.01213525 -0.005428151 0.006832894 -0.01324421 -0.001703632 -0.01444931 -0.002604723 -0.003071296 -0.01154131 -0.004635255 -0.008385255 -0.006740955 -0.006575567 -0.01167568 -0.00129987 -0.008387894 -0.01236744 0.003444666 -0.01003696 -0.01060159 0.006451633 -0.01149067 -0.007165264 0.00726158 -0.01272072 -0.003233064 -0.01495806 -0.001120951 -3.196905e-18 -0.01490874 -0.001567927 -0.0005206247 -0.01308144 -0.003628829 -0.006380245 -0.008939734 -0.005619099 -0.01065396 -0.003580634 -0.0075 -0.01248716 0.001645048 -0.009234922 -0.01170513 0.005521693 -0.0107901 -0.008836555 0.007309441 -0.01213525 -0.00493028 0.006935089 -0.01324421 -0.001222843 -0.01419987 -0.002604723 -0.004071747 -0.01092827 -0.004635255 -0.00916991 -0.00591008 -0.006575567 -0.01211746 -0.0004339949 -0.008387894 -0.01242799 0.004175804 -0.01003696 -0.01033548 0.00693574 -0.01149067 -0.006697767 0.007469419 -0.01272072 -0.002718646 -0.01483611 -0.001567927 -0.001559338 -0.01260451 -0.003628829 -0.007277218 -0.008174775 -0.005619099 -0.01125161 -0.002700852 -0.0075 -0.01270651 0.00245755 -0.009234922 -0.01156186 0.006124649 -0.0107901 -0.008429856 0.007635554 -0.01213525 -0.00440839 0.007003496 -0.01324421 -0.0007360971 -0.01388125 -0.002604723 -0.005052361 -0.01026199 -0.004635255 -0.00990989 -0.005050413 -0.006575567 -0.01250021 0.0004339949 -0.008387894 -0.01242799 0.004886599 -0.01003696 -0.01001901 0.007386058 -0.01149067 -0.006197639 0.007640866 -0.01272072 -0.002190983 -0.01469119 -0.001567927 -0.002590454 -0.01206617 -0.003628829 -0.008138738 -0.007369989 -0.005619099 -0.01179445 -0.001807912 -0.0075 -0.01286396 0.003258078 -0.009234922 -0.01136227 0.006697767 -0.0107901 -0.007982088 0.007924469 -0.01213525 -0.003865021 0.007037784 -0.01324421 -0.0002457648 0.00717381 -0.01317332 6.694871e-18 -0.013495 -0.002604723 -0.006008361 -0.009545715 -0.004635255 -0.01060159 -0.00416614 -0.006575567 -0.01282206 0.00129987 -0.008387894 -0.01236744 0.005573586 -0.01003696 -0.009653734 0.007800392 -0.01149067 -0.005667316 0.007775089 -0.01272072 -0.001652646 -0.0144747 -0.001567927 -0.003608949 -0.01146905 -0.003628829 -0.008960606 -0.006529297 -0.005619099 -0.01227982 -0.0009061632 -0.0075 -0.01295874 0.004042733 -0.009234922 -0.01110732 0.007238254 -0.0107901 -0.007495431 0.008174775 -0.01213525 -0.003302824 -0.01499534 -0.0003739604 -3.288116e-18 -0.01495435 -0.0005234925 -0.00104571 -0.01499534 0.0003739604 -3.371152e-18 -0.013043 -0.002604723 -0.006935089 -0.008782933 -0.004635255 -0.01124164 -0.003261569 -0.006575567 -0.01308144 0.002159413 -0.008387894 -0.01224664 0.00623342 -0.01003696 -0.009241425 0.008176723 -0.01149067 -0.005109383 0.007871432 -0.01272072 -0.001106258 -0.0141877 -0.001567927 -0.004609862 -0.01081605 -0.003628829 -0.009738818 -0.005656795 -0.005619099 -0.01270537 1.362679e-17 -0.0075 -0.01299038 0.004807693 -0.009234922 -0.01079825 0.007743476 -0.0107901 -0.006972258 0.008385255 -0.01213525 -0.002724535 -0.01484497 -0.0005234925 -0.002086325 -0.01252746 -0.002604723 -0.007828029 -0.007977361 -0.004635255 -0.01182692 -0.002341109 -0.006575567 -0.01327709 0.003008435 -0.008387894 -0.01206617 0.006862885 -0.01003696 -0.008784092 0.008513217 -0.01149067 -0.004526557 0.007929426 -0.01272072 -0.0005544795 0.007821528 -0.01279936 6.77864e-18 0.0084498 -0.01239358 6.845555e-18 -0.01383157 -0.001567927 -0.005588317 -0.01011036 -0.003628829 -0.01046959 -0.004756733 -0.005619099 -0.01306902 0.0009061632 -0.0075 -0.01295874 0.00554923 -0.009234922 -0.01043658 0.008210974 -0.0107901 -0.006415116 0.008554883 -0.01213525 -0.002132972 -0.01466328 -0.0005234925 -0.003116776 -0.01195089 -0.002604723 -0.008682832 -0.007132924 -0.004635255 -0.01235459 -0.001409243 -0.006575567 -0.01340806 0.0038428 -0.008387894 -0.01182692 0.007458914 -0.01003696 -0.008283963 0.008808235 -0.01149067 -0.003921679 -0.01495806 0.001120951 -3.445806e-18 -0.01498173 0.0005234925 -0.0005231736 -0.01340806 -0.001567927 -0.006539546 -0.009355412 -0.003628829 -0.01114934 -0.003833498 -0.005619099 -0.01336899 0.001807912 -0.0075 -0.01286396 0.006263731 -0.009234922 -0.01002407 0.008638469 -0.0107901 -0.00582672 0.008682832 -0.01213525 -0.001531018 -0.01441014 -0.0005234925 -0.004132041 -0.0113161 -0.002604723 -0.009495334 -0.006253736 -0.004635255 -0.01282206 -0.0004705119 -0.006575567 -0.0134737 0.004658444 -0.008387894 -0.01153005 0.008018605 -0.01003696 -0.007743476 0.009060342 -0.01149067 -0.003297695 -0.01490874 0.0005234925 -0.001566972 -0.01291922 -0.001567927 -0.007458914 -0.008554883 -0.003628829 -0.01177479 -0.002891585 -0.005619099 -0.01360384 0.002700852 -0.0075 -0.01270651 0.006947717 -0.009234922 -0.009562712 0.009023877 -0.0107901 -0.005209938 0.008768479 -0.01213525 -0.0009216043 -0.0140868 -0.0005234925 -0.005127177 -0.01062617 -0.002604723 -0.01026157 -0.00534408 -0.004635255 -0.01322706 0.0004705119 -0.006575567 -0.0134737 0.005451392 -0.008387894 -0.01117701 0.008539229 -0.01003696 -0.007165264 0.009268307 -0.01149067 -0.002657644 -0.01476312 0.0005234925 -0.002603136 -0.01236744 -0.001567927 -0.008341944 -0.007712676 -0.003628829 -0.01234286 -0.001935586 -0.005619099 -0.01377241 0.003580634 -0.0075 -0.01248716 0.007597853 -0.009234922 -0.009054769 0.009365322 -0.0107901 -0.004567773 0.008811408 -0.01213525 -0.0003077011 0.009057066 -0.01195699 6.895452e-18 -0.01369483 -0.0005234925 -0.006097333 -0.009884475 -0.002604723 -0.01097782 -0.00440839 -0.004635255 -0.01356763 0.001409243 -0.006575567 -0.01340806 0.006217782 -0.008387894 -0.01076951 0.009018252 -0.01003696 -0.006552144 0.009431117 -0.01149067 -0.002004646 -0.01454557 0.0005234925 -0.003626618 -0.01175541 -0.001567927 -0.009184332 -0.006832894 -0.003628829 -0.0128508 -0.0009701561 -0.005619099 -0.01387388 0.004442972 -0.0075 -0.01220697 0.008210974 -0.009234922 -0.008502712 0.00966114 -0.0107901 -0.003903354 -0.01488359 0.001865156 -3.511894e-18 -0.01488149 0.001567927 -0.001040615 -0.01323615 -0.0005234925 -0.007037784 -0.009094623 -0.002604723 -0.01164059 -0.003451221 -0.004635255 -0.01384209 0.002341109 -0.006575567 -0.01327709 0.006953879 -0.008387894 -0.01030955 0.009453339 -0.01003696 -0.005907101 0.00954798 -0.01149067 -0.001341881 -0.01425716 0.0005234925 -0.004632431 -0.01108611 -0.001567927 -0.009981976 -0.005919822 -0.003628829 -0.01329614 1.458911e-17 -0.005619099 -0.01390776 0.005283664 -0.0075 -0.0118673 0.008784092 -0.009234922 -0.007909232 0.00990989 -0.0107901 -0.003219919 -0.01477265 0.001567927 -0.00207616 -0.01271297 -0.0005234925 -0.007943947 -0.008260463 -0.002604723 -0.01224664 -0.002477238 -0.004635255 -0.01404912 0.003261569 -0.006575567 -0.01308144 0.007656097 -0.008387894 -0.009799357 0.009842369 -0.01003696 -0.005233281 0.009618327 -0.01149067 -0.0006725789 0.009641814 -0.01149067 6.928205e-18 0.01020259 -0.01099578 6.943733e-18 -0.01389929 0.0005234925 -0.005615676 -0.01036279 -0.001567927 -0.01073099 -0.00497791 -0.003628829 -0.0136767 0.0009701561 -0.005619099 -0.01387388 0.006098615 -0.0075 -0.01146983 0.009314414 -0.009234922 -0.007277218 0.01011036 -0.0107901 -0.002520796 -0.01459184 0.001567927 -0.003101591 -0.01212786 -0.0005234925 -0.008811408 -0.007386058 -0.002604723 -0.01279303 -0.001491187 -0.004635255 -0.0141877 0.00416614 -0.006575567 -0.01282206 0.008321016 -0.008387894 -0.009241425 0.01018345 -0.01003696 -0.004533964 -0.01462392 0.003337814 -3.617734e-18 -0.01476312 0.002604723 -0.0005155394 -0.01477212 0.002604723 -3.569251e-18 -0.0134737 0.0005234925 -0.006571561 -0.009588995 -0.001567927 -0.01142772 -0.004011746 -0.003628829 -0.01399062 0.001935586 -0.005619099 -0.01377241 0.006883853 -0.0075 -0.01101647 0.009799357 -0.009234922 -0.00660975 0.01026157 -0.0107901 -0.001809392 -0.01433994 0.001567927 -0.004111911 -0.01148367 -0.0005234925 -0.009635941 -0.006475669 -0.002604723 -0.01327709 -0.0004978709 -0.004635255 -0.01425716 0.005050413 -0.006575567 -0.01250021 0.008945395 -0.008387894 -0.008638469 0.01047492 -0.01003696 -0.003812557 -0.01469119 0.002604723 -0.001544107 -0.01298247 0.0005234925 -0.007495431 -0.008768479 -0.001567927 -0.01206878 -0.003026037 -0.003628829 -0.01423639 0.002891585 -0.005619099 -0.01360384 0.007635554 -0.0075 -0.01050944 0.01023656 -0.009234922 -0.00591008 0.01036279 -0.0107901 -0.001089174 -0.01401817 0.001567927 -0.005102198 -0.01078352 -0.0005234925 -0.01041353 -0.005533732 -0.002604723 -0.01369647 0.0004978709 -0.004635255 -0.01425716 0.00591008 -0.006575567 -0.01211746 0.009526195 -0.008387894 -0.007993426 0.01071535 -0.01003696 -0.003072577 -0.01454769 0.002604723 -0.002565151 -0.01242799 0.0005234925 -0.008382784 -0.007905245 -0.001567927 -0.01265104 -0.002025586 -0.003628829 -0.01441279 0.003833498 -0.005619099 -0.01336899 0.008350056 -0.0075 -0.009951209 0.01062389 -0.009234922 -0.005181618 0.01041353 -0.0107901 -0.0003636484 0.010738 -0.01047355 6.941999e-18 -0.01362811 0.001567927 -0.006067627 -0.01003084 -0.0005234925 -0.01114038 -0.004564835 -0.002604723 -0.01404912 0.001491187 -0.004635255 -0.0141877 0.006740955 -0.006575567 -0.01167568 0.01006058 -0.008387894 -0.007309441 0.01090358 -0.01003696 -0.002317627 -0.01433332 0.002604723 -0.003573698 -0.01181296 0.0005234925 -0.009229297 -0.007003496 -0.001567927 -0.01317166 -0.001015266 -0.003628829 -0.01451898 0.004756733 -0.005619099 -0.01306902 0.009023877 -0.0075 -0.009344498 0.01095946 -0.009234922 -0.00442791 -0.01443936 0.004062607 -3.657223e-18 -0.01451898 0.003628829 -0.001015266 -0.01317166 0.001567927 -0.007003496 -0.009229297 -0.0005234925 -0.01181296 -0.003573698 -0.002604723 -0.01433332 0.002477238 -0.004635255 -0.01404912 0.007538989 -0.006575567 -0.01117701 0.01054596 -0.008387894 -0.006589845 0.01103869 -0.01003696 -0.001551387 -0.01404912 0.002604723 -0.004564835 -0.01114038 0.0005234925 -0.01003084 -0.006067627 -0.001567927 -0.01362811 1.526747e-17 -0.003628829 -0.01455444 0.005656795 -0.005619099 -0.01270537 0.009653734 -0.0075 -0.008692262 0.01124164 -0.009234922 -0.003652631 -0.01441279 0.003628829 -0.002025586 -0.01265104 0.001567927 -0.007905245 -0.008382784 -0.0005234925 -0.01242799 -0.002565151 -0.002604723 -0.01454769 0.003451221 -0.004635255 -0.01384209 0.008300293 -0.006575567 -0.01062389 0.01097995 -0.008387894 -0.005838143 0.01112002 -0.01003696 -0.0007775874 0.01124672 -0.009925287 6.923005e-18 0.01172747 -0.009352347 6.8868e-18 -0.01369647 0.002604723 -0.005533732 -0.01041353 0.0005234925 -0.01078352 -0.005102198 -0.001567927 -0.01401817 0.001015266 -0.003628829 -0.01451898 0.006529297 -0.005619099 -0.01227982 0.01023656 -0.0075 -0.007997677 0.01146905 -0.009234922 -0.002859556 -0.01423639 0.003628829 -0.003026037 -0.01206878 0.001567927 -0.008768479 -0.007495431 -0.0005234925 -0.01298247 -0.001544107 -0.002604723 -0.01469119 0.00440839 -0.004635255 -0.01356763 0.009021159 -0.006575567 -0.01001901 0.01136045 -0.008387894 -0.005058 -0.01421891 0.0047773 -3.687619e-18 -0.01425716 0.004635255 -0.0004978709 -0.01327709 0.002604723 -0.006475669 -0.009635941 0.0005234925 -0.01148367 -0.004111911 -0.001567927 -0.01433994 0.002025586 -0.003628829 -0.01441279 0.007369989 -0.005619099 -0.01179445 0.01076951 -0.0075 -0.007264129 0.01164059 -0.009234922 -0.002052549 -0.01399062 0.003628829 -0.004011746 -0.01142772 0.001567927 -0.009588995 -0.006571561 -0.0005234925 -0.0134737 -0.0005155394 -0.002604723 -0.01476312 0.00534408 -0.004635255 -0.01322706 0.009698075 -0.006575567 -0.009365322 0.01168561 -0.008387894 -0.004253213 -0.0141877 0.004635255 -0.001491187 -0.01279303 0.002604723 -0.007386058 -0.008811408 0.0005234925 -0.01212786 -0.003101591 -0.001567927 -0.01459184 0.003026037 -0.003628829 -0.01423639 0.008174775 -0.005619099 -0.01125161 0.01125 -0.0075 -0.006495191 0.01175541 -0.009234922 -0.001235543 -0.0136767 0.003628829 -0.00497791 -0.01073099 0.001567927 -0.01036279 -0.005615676 -0.0005234925 -0.01389929 0.0005155394 -0.002604723 -0.01476312 0.006253736 -0.004635255 -0.01282206 0.01032774 -0.006575567 -0.008666005 0.01195383 -0.008387894 -0.003427706 -0.01404912 0.004635255 -0.002477238 -0.01224664 0.002604723 -0.008260463 -0.007943947 0.0005234925 -0.01271297 -0.00207616 -0.001567927 -0.01477265 0.004011746 -0.003628829 -0.01399062 0.008939734 -0.005619099 -0.01065396 0.01167568 -0.0075 -0.005694608 0.01181296 -0.009234922 -0.0004125177 0.01217907 -0.008756155 6.833473e-18 -0.01329614 0.003628829 -0.005919822 -0.009981976 0.001567927 -0.01108611 -0.004632431 -0.0005234925 -0.01425716 0.001544107 -0.002604723 -0.01469119 0.007132924 -0.004635255 -0.01235459 0.01090709 -0.006575567 -0.007924469 0.01216382 -0.008387894 -0.002585499 -0.01384209 0.004635255 -0.003451221 -0.01164059 0.002604723 -0.009094623 -0.007037784 0.0005234925 -0.01323615 -0.001040615 -0.001567927 -0.01488149 0.00497791 -0.003628829 -0.0136767 0.00966114 -0.005619099 -0.0100044 0.01204447 -0.0075 -0.004866282 -0.01396311 0.005480115 -3.708847e-18 -0.01387388 0.005619099 -0.0009701561 -0.01367259 0.006169307 -3.720855e-18 -0.0128508 0.003628829 -0.006832894 -0.009184332 0.001567927 -0.01175541 -0.003626618 -0.0005234925 -0.01454557 0.002565151 -0.002604723 -0.01454769 0.007977361 -0.004635255 -0.01182692 0.01143331 -0.006575567 -0.007144324 0.01231454 -0.008387894 -0.001730696 -0.01356763 0.004635255 -0.00440839 -0.01097782 0.002604723 -0.009884475 -0.006097333 0.0005234925 -0.01369483 1.564866e-17 -0.001567927 -0.01491783 0.005919822 -0.003628829 -0.01329614 0.01033548 -0.005619099 -0.009306107 0.01235459 -0.0075 -0.004014248 -0.01377241 0.005619099 -0.001935586 -0.01234286 0.003628829 -0.007712676 -0.008341944 0.001567927 -0.01236744 -0.002603136 -0.0005234925 -0.01476312 0.003573698 -0.002604723 -0.01433332 0.008782933 -0.004635255 -0.01124164 0.01190382 -0.006575567 -0.006329374 0.01240527 -0.008387894 -0.0008674611 0.01260039 -0.008138194 6.763157e-18 -0.01322706 0.004635255 -0.00534408 -0.01026157 0.002604723 -0.01062617 -0.005127177 0.0005234925 -0.0140868 0.001040615 -0.001567927 -0.01488149 0.006832894 -0.003628829 -0.0128508 0.01095946 -0.005619099 -0.00856247 0.01260451 -0.0075 -0.003142658 -0.01360384 0.005619099 -0.002891585 -0.01177479 0.003628829 -0.008554883 -0.007458914 0.001567927 -0.01291922 -0.001566972 -0.0005234925 -0.01490874 0.004564835 -0.002604723 -0.01404912 0.009545715 -0.004635255 -0.01060159 0.01231634 -0.006575567 -0.005483587 -0.01334808 0.00684316 -3.723612e-18 -0.0134737 0.006575567 -0.0004705119 -0.01282206 0.004635255 -0.006253736 -0.009495334 0.002604723 -0.0113161 -0.004132041 0.0005234925 -0.01441014 0.00207616 -0.001567927 -0.01477265 0.007712676 -0.003628829 -0.01234286 0.01153005 -0.005619099 -0.00777712 0.01279303 -0.0075 -0.002255756 -0.01336899 0.005619099 -0.003833498 -0.01114934 0.003628829 -0.009355412 -0.006539546 0.001567927 -0.01340806 -0.0005231736 -0.0005234925 -0.01498173 0.005533732 -0.002604723 -0.01369647 0.01026199 -0.004635255 -0.00990989 0.01266885 -0.006575567 -0.004611085 -0.01340806 0.006575567 -0.001409243 -0.01235459 0.004635255 -0.007132924 -0.008682832 0.002604723 -0.01195089 -0.003116776 0.0005234925 -0.01466328 0.003101591 -0.001567927 -0.01459184 0.008554883 -0.003628829 -0.01177479 0.01204447 -0.005619099 -0.006953879 0.01291922 -0.0075 -0.001357865 -0.01306902 0.005619099 -0.004756733 -0.01046959 0.003628829 -0.01011036 -0.005588317 0.001567927 -0.01383157 0.0005231736 -0.0005234925 -0.01498173 0.006475669 -0.002604723 -0.01327709 0.01092827 -0.004635255 -0.00916991 0.01295964 -0.006575567 -0.003716118 -0.01327709 0.006575567 -0.002341109 -0.01182692 0.004635255 -0.007977361 -0.007828029 0.002604723 -0.01252746 -0.002086325 0.0005234925 -0.01484497 0.004111911 -0.001567927 -0.01433994 0.009355412 -0.003628829 -0.01114934 0.01250021 -0.005619099 -0.00609676 0.01298247 -0.0075 -0.0004533578 0.01299038 -0.0075 6.676027e-18 0.01334808 -0.00684316 6.572299e-18 -0.01270537 0.005619099 -0.005656795 -0.009738818 0.003628829 -0.01081605 -0.004609862 0.001567927 -0.0141877 0.001566972 -0.0005234925 -0.01490874 0.007386058 -0.002604723 -0.01279303 0.01154131 -0.004635255 -0.008385255 0.0131873 -0.006575567 -0.002803047 -0.01308144 0.006575567 -0.003261569 -0.01124164 0.004635255 -0.008782933 -0.006935089 0.002604723 -0.013043 -0.00104571 0.0005234925 -0.01495435 0.005102198 -0.001567927 -0.01401817 0.01011036 -0.003628829 -0.01046959 0.01289505 -0.005619099 -0.005209938 -0.01299038 0.0075 -3.717111e-18 -0.01295874 0.0075 -0.0009061632 -0.01260039 0.008138194 -3.701369e-18 -0.01227982 0.005619099 -0.006529297 -0.008960606 0.003628829 -0.01146905 -0.003608949 0.001567927 -0.0144747 0.002603136 -0.0005234925 -0.01476312 0.008260463 -0.002604723 -0.01224664 0.01209813 -0.004635255 -0.007559748 0.01335071 -0.006575567 -0.001876319 -0.01282206 0.006575567 -0.00416614 -0.01060159 0.004635255 -0.009545715 -0.006008361 0.002604723 -0.013495 1.572528e-17 0.0005234925 -0.01499086 0.006067627 -0.001567927 -0.01362811 0.01081605 -0.003628829 -0.009738818 0.01322706 -0.005619099 -0.004297733 -0.01286396 0.0075 -0.001807912 -0.01179445 0.005619099 -0.007369989 -0.008138738 0.003628829 -0.01206617 -0.002590454 0.001567927 -0.01469119 0.003626618 -0.0005234925 -0.01454557 0.009094623 -0.002604723 -0.01164059 0.012596 -0.004635255 -0.00669741 0.01367259 -0.006169307 6.452232e-18 0.01344907 -0.006575567 -0.0009404505 -0.01250021 0.006575567 -0.005050413 -0.00990989 0.004635255 -0.01026199 -0.005052361 0.002604723 -0.01388125 0.00104571 0.0005234925 -0.01495435 0.007003496 -0.001567927 -0.01317166 0.01146905 -0.003628829 -0.008960606 0.01349464 -0.005619099 -0.003364591 -0.01270651 0.0075 -0.002700852 -0.01125161 0.005619099 -0.008174775 -0.007277218 0.003628829 -0.01260451 -0.001559338 0.001567927 -0.01483611 0.004632431 -0.0005234925 -0.01425716 0.009884475 -0.002604723 -0.01097782 0.0130325 -0.004635255 -0.005802443 -0.01217907 0.008756155 -3.676425e-18 -0.01242799 0.008387894 -0.0004339949 -0.01211746 0.006575567 -0.00591008 -0.00916991 0.004635255 -0.01092827 -0.004071747 0.002604723 -0.01419987 0.002086325 0.0005234925 -0.01484497 0.007905245 -0.001567927 -0.01265104 0.01206617 -0.003628829 -0.008138738 0.01369647 -0.005619099 -0.002415057 -0.01248716 0.0075 -0.003580634 -0.01065396 0.005619099 -0.008939734 -0.006380245 0.003628829 -0.01308144 -0.0005206247 0.001567927 -0.01490874 0.005615676 -0.0005234925 -0.01389929 0.01062617 -0.002604723 -0.01026157 0.01340551 -0.004635255 -0.004879207 -0.01236744 0.008387894 -0.00129987 -0.01167568 0.006575567 -0.006740955 -0.008385255 0.004635255 -0.01154131 -0.003071296 0.002604723 -0.01444931 0.003116776 0.0005234925 -0.01466328 0.008768479 -0.001567927 -0.01206878 0.01260451 -0.003628829 -0.007277218 0.01383157 -0.005619099 -0.001453757 -0.01220697 0.0075 -0.004442972 -0.0100044 0.005619099 -0.00966114 -0.005452188 0.003628829 -0.01349464 0.0005206247 0.001567927 -0.01490874 0.006571561 -0.0005234925 -0.0134737 0.0113161 -0.002604723 -0.009495334 0.01371321 -0.004635255 -0.0039322 -0.01224664 0.008387894 -0.002159413 -0.01117701 0.006575567 -0.007538989 -0.007559748 0.004635255 -0.01209813 -0.002055881 0.002604723 -0.01462836 0.004132041 0.0005234925 -0.01441014 0.009588995 -0.001567927 -0.01142772 0.01308144 -0.003628829 -0.006380245 0.01389929 -0.005619099 -0.0004853737 0.01396311 -0.005480115 6.316123e-18 -0.0118673 0.0075 -0.005283664 -0.009306107 0.005619099 -0.01033548 -0.004497568 0.003628829 -0.01384209 0.001559338 0.001567927 -0.01483611 0.007495431 -0.0005234925 -0.01298247 0.01195089 -0.002604723 -0.008682832 0.0139541 -0.004635255 -0.002966037 -0.01206617 0.008387894 -0.003008435 -0.01062389 0.006575567 -0.008300293 -0.00669741 0.004635255 -0.012596 -0.001030451 0.002604723 -0.01473613 0.005127177 0.0005234925 -0.0140868 0.01036279 -0.001567927 -0.01073099 0.01349464 -0.003628829 -0.005452188 -0.01172747 0.009352347 -3.642341e-18 -0.01179137 0.009234922 -0.0008245327 -0.01124672 0.009925287 -3.599201e-18 -0.01146983 0.0075 -0.006098615 -0.00856247 0.005619099 -0.01095946 -0.003521037 0.003628829 -0.01412211 0.002590454 0.001567927 -0.01469119 0.008382784 -0.0005234925 -0.01242799 0.01252746 -0.002604723 -0.007828029 0.01412701 -0.004635255 -0.001985422 -0.01182692 0.008387894 -0.0038428 -0.01001901 0.006575567 -0.009021159 -0.005802443 0.004635255 -0.0130325 1.549581e-17 0.002604723 -0.01477212 0.006097333 0.0005234925 -0.01369483 0.01108611 -0.001567927 -0.009981976 0.01384209 -0.003628829 -0.004497568 -0.01170513 0.009234922 -0.001645048 -0.01101647 0.0075 -0.006883853 -0.00777712 0.005619099 -0.01153005 -0.002527351 0.003628829 -0.01433332 0.003608949 0.001567927 -0.0144747 0.009229297 -0.0005234925 -0.01181296 0.013043 -0.002604723 -0.006935089 0.0142311 -0.004635255 -0.0009951352 0.01421891 -0.0047773 6.164311e-18 0.01443936 -0.004062607 5.997174e-18 -0.01153005 0.008387894 -0.004658444 -0.009365322 0.006575567 -0.009698075 -0.004879207 0.004635255 -0.01340551 0.001030451 0.002604723 -0.01473613 0.007037784 0.0005234925 -0.01323615 0.01175541 -0.001567927 -0.009184332 0.01412211 -0.003628829 -0.003521037 -0.01156186 0.009234922 -0.00245755 -0.01050944 0.0075 -0.007635554 -0.006953879 0.005619099 -0.01204447 -0.001521353 0.003628829 -0.0144747 0.004609862 0.001567927 -0.0141877 0.01003084 -0.0005234925 -0.01114038 0.013495 -0.002604723 -0.006008361 -0.010738 0.01047355 -3.547114e-18 -0.01114038 0.01003696 -0.0003890307 -0.01117701 0.008387894 -0.005451392 -0.008666005 0.006575567 -0.01032774 -0.0039322 0.004635255 -0.01371321 0.002055881 0.002604723 -0.01462836 0.007943947 0.0005234925 -0.01271297 0.01236744 -0.001567927 -0.008341944 0.01433332 -0.003628829 -0.002527351 -0.01136227 0.009234922 -0.003258078 -0.009951209 0.0075 -0.008350056 -0.00609676 0.005619099 -0.01250021 -0.0005079425 0.003628829 -0.01454557 0.005588317 0.001567927 -0.01383157 0.01078352 -0.0005234925 -0.01041353 0.01388125 -0.002604723 -0.005052361 -0.01108611 0.01003696 -0.001165197 -0.01076951 0.008387894 -0.006217782 -0.007924469 0.006575567 -0.01090709 -0.002966037 0.004635255 -0.0139541 0.003071296 0.002604723 -0.01444931 0.008811408 0.0005234925 -0.01212786 0.01291922 -0.001567927 -0.007458914 0.0144747 -0.003628829 -0.001521353 -0.01110732 0.009234922 -0.004042733 -0.009344498 0.0075 -0.009023877 -0.005209938 0.005619099 -0.01289505 0.0005079425 0.003628829 -0.01454557 0.006539546 0.001567927 -0.01340806 0.01148367 -0.0005234925 -0.009635941 0.01419987 -0.002604723 -0.004071747 -0.01097782 0.01003696 -0.001935686 -0.01030955 0.008387894 -0.006953879 -0.007144324 0.006575567 -0.01143331 -0.001985422 0.004635255 -0.01412701 0.004071747 0.002604723 -0.01419987 0.009635941 0.0005234925 -0.01148367 0.01340806 -0.001567927 -0.006539546 0.01454557 -0.003628829 -0.0005079425 0.01462392 -0.003337814 5.815126e-18 -0.01079825 0.009234922 -0.004807693 -0.008692262 0.0075 -0.009653734 -0.004297733 0.005619099 -0.01322706 0.001521353 0.003628829 -0.0144747 0.007458914 0.001567927 -0.01291922 0.01212786 -0.0005234925 -0.008811408 0.01444931 -0.002604723 -0.003071296 -0.01081605 0.01003696 -0.002696745 -0.009799357 0.008387894 -0.007656097 -0.006329374 0.006575567 -0.01190382 -0.0009951352 0.004635255 -0.0142311 0.005052361 0.002604723 -0.01388125 0.01041353 0.0005234925 -0.01078352 0.01383157 -0.001567927 -0.005588317 -0.01020259 0.01099578 -3.486207e-18 -0.01039449 0.0107901 -0.0007268538 -0.01043658 0.009234922 -0.00554923 -0.007997677 0.0075 -0.01023656 -0.003364591 0.005619099 -0.01349464 0.002527351 0.003628829 -0.01433332 0.008341944 0.001567927 -0.01236744 0.01271297 -0.0005234925 -0.007943947 0.01462836 -0.002604723 -0.002055881 -0.01060159 0.01003696 -0.003444666 -0.009241425 0.008387894 -0.008321016 -0.005483587 0.006575567 -0.01231634 1.496474e-17 0.004635255 -0.01426585 0.006008361 0.002604723 -0.013495 0.01114038 0.0005234925 -0.01003084 0.0141877 -0.001567927 -0.004609862 -0.01031847 0.0107901 -0.001450166 -0.01002407 0.009234922 -0.006263731 -0.007264129 0.0075 -0.01076951 -0.002415057 0.005619099 -0.01369647 0.003521037 0.003628829 -0.01412211 0.009184332 0.001567927 -0.01175541 0.01323615 -0.0005234925 -0.007037784 0.01473613 -0.002604723 -0.001030451 0.01477212 -0.002604723 5.618622e-18 0.01488359 -0.001865156 5.408149e-18 -0.01033548 0.01003696 -0.004175804 -0.008638469 0.008387894 -0.008945395 -0.004611085 0.006575567 -0.01266885 0.0009951352 0.004635255 -0.0142311 0.006935089 0.002604723 -0.013043 0.01181296 0.0005234925 -0.009229297 0.0144747 -0.001567927 -0.003608949 -0.01019218 0.0107901 -0.002166414 -0.009562712 0.009234922 -0.006947717 -0.006495191 0.0075 -0.01125 -0.001453757 0.005619099 -0.01383157 0.004497568 0.003628829 -0.01384209 0.009981976 0.001567927 -0.01108611 0.01369483 -0.0005234925 -0.006097333 -0.009641814 0.01149067 -3.416633e-18 -0.009635941 0.01149067 -0.0003364945 -0.009057066 0.01195699 -3.338565e-18 -0.01001901 0.01003696 -0.004886599 -0.007993426 0.008387894 -0.009526195 -0.003716118 0.006575567 -0.01295964 0.001985422 0.004635255 -0.01412701 0.007828029 0.002604723 -0.01252746 0.01242799 0.0005234925 -0.008382784 0.01469119 -0.001567927 -0.002590454 -0.01001623 0.0107901 -0.002872107 -0.009054769 0.009234922 -0.007597853 -0.005694608 0.0075 -0.01167568 -0.0004853737 0.005619099 -0.01389929 0.005452188 0.003628829 -0.01349464 0.01073099 0.001567927 -0.01036279 0.0140868 -0.0005234925 -0.005127177 -0.009588995 0.01149067 -0.001007844 -0.009653734 0.01003696 -0.005573586 -0.007309441 0.008387894 -0.01006058 -0.002803047 0.006575567 -0.0131873 0.002966037 0.004635255 -0.0139541 0.008682832 0.002604723 -0.01195089 0.01298247 0.0005234925 -0.007495431 0.01483611 -0.001567927 -0.001559338 -0.00979148 0.0107901 -0.003563807 -0.008502712 0.009234922 -0.008210974 -0.004866282 0.0075 -0.01204447 0.0004853737 0.005619099 -0.01389929 0.006380245 0.003628829 -0.01308144 0.01142772 0.001567927 -0.009588995 0.01441014 -0.0005234925 -0.004132041 -0.009495334 0.01149067 -0.001674284 -0.009241425 0.01003696 -0.00623342 -0.006589845 0.008387894 -0.01054596 -0.001876319 0.006575567 -0.01335071 0.0039322 0.004635255 -0.01371321 0.009495334 0.002604723 -0.0113161 0.0134737 0.0005234925 -0.006571561 0.01490874 -0.001567927 -0.0005206247 0.01495806 -0.001120951 5.18423e-18 -0.00951903 0.0107901 -0.004238145 -0.007909232 0.009234922 -0.008784092 -0.004014248 0.0075 -0.01235459 0.001453757 0.005619099 -0.01383157 0.007277218 0.003628829 -0.01260451 0.01206878 0.001567927 -0.008768479 0.01466328 -0.0005234925 -0.003116776 -0.009355412 0.01149067 -0.002332566 -0.008784092 0.01003696 -0.006862885 -0.005838143 0.008387894 -0.01097995 -0.0009404505 0.006575567 -0.01344907 0.004879207 0.004635255 -0.01340551 0.01026157 0.002604723 -0.01062617 0.01389929 0.0005234925 -0.005615676 -0.0084498 0.01239358 -3.252197e-18 -0.008795301 0.01213525 -0.0006150274 -0.009200204 0.0107901 -0.004891835 -0.007277218 0.009234922 -0.009314414 -0.003142658 0.0075 -0.01260451 0.002415057 0.005619099 -0.01369647 0.008138738 0.003628829 -0.01206617 0.01265104 0.001567927 -0.007905245 0.01484497 -0.0005234925 -0.002086325 -0.00916991 0.01149067 -0.002979484 -0.008283963 0.01003696 -0.007458914 -0.005058 0.008387894 -0.01136045 1.41424e-17 0.006575567 -0.01348191 0.005802443 0.004635255 -0.0130325 0.01097782 0.002604723 -0.009884475 0.01425716 0.0005234925 -0.004632431 -0.008730974 0.01213525 -0.001227058 -0.008836555 0.0107901 -0.005521693 -0.00660975 0.009234922 -0.009799357 -0.002255756 0.0075 -0.01279303 0.003364591 0.005619099 -0.01349464 0.008960606 0.003628829 -0.01146905 0.01317166 0.001567927 -0.007003496 0.01495435 -0.0005234925 -0.00104571 0.01499534 -0.0003739604 4.947422e-18 0.01499534 0.0003739604 4.698315e-18 -0.008939734 0.01149067 -0.003611887 -0.007743476 0.01003696 -0.008018605 -0.004253213 0.008387894 -0.01168561 0.0009404505 0.006575567 -0.01344907 0.00669741 0.004635255 -0.012596 0.01164059 0.002604723 -0.009094623 0.01454557 0.0005234925 -0.003626618 -0.008624111 0.01213525 -0.001833111 -0.008429856 0.0107901 -0.006124649 -0.00591008 0.009234922 -0.01023656 -0.001357865 0.0075 -0.01291922 0.004297733 0.005619099 -0.01322706 0.009738818 0.003628829 -0.01081605 0.01362811 0.001567927 -0.006067627 -0.007821528 0.01279936 -3.157743e-18 -0.007943947 0.01272072 -0.0002774087 -0.008666005 0.01149067 -0.004226693 -0.007165264 0.01003696 -0.008539229 -0.003427706 0.008387894 -0.01195383 0.001876319 0.006575567 -0.01335071 0.007559748 0.004635255 -0.01209813 0.01224664 0.002604723 -0.008260463 0.01476312 0.0005234925 -0.002603136 -0.008475232 0.01213525 -0.002430233 -0.007982088 0.0107901 -0.006697767 -0.005181618 0.009234922 -0.01062389 -0.0004533578 0.0075 -0.01298247 0.005209938 0.005619099 -0.01289505 0.01046959 0.003628829 -0.01011036 0.01401817 0.001567927 -0.005102198 -0.007905245 0.01272072 -0.0008308747 -0.008350056 0.01149067 -0.004820907 -0.006552144 0.01003696 -0.009018252 -0.002585499 0.008387894 -0.01216382 0.002803047 0.006575567 -0.0131873 0.008385255 0.004635255 -0.01154131 0.01279303 0.002604723 -0.007386058 0.01490874 0.0005234925 -0.001566972 -0.008285062 0.01213525 -0.003015516 -0.007495431 0.0107901 -0.007238254 -0.00442791 0.009234922 -0.01095946 0.0004533578 0.0075 -0.01298247 0.00609676 0.005619099 -0.01250021 0.01114934 0.003628829 -0.009355412 0.01433994 0.001567927 -0.004111911 -0.007828029 0.01272072 -0.001380293 -0.007993426 0.01149067 -0.005391634 -0.005907101 0.01003696 -0.009453339 -0.001730696 0.008387894 -0.01231454 0.003716118 0.006575567 -0.01295964 0.00916991 0.004635255 -0.01092827 0.01327709 0.002604723 -0.006475669 0.01495806 0.001120951 4.437526e-18 0.01498173 0.0005234925 -0.0005231736 -0.008054528 0.01213525 -0.003586107 -0.006972258 0.0107901 -0.007743476 -0.003652631 0.009234922 -0.01124164 0.001357865 0.0075 -0.01291922 0.006953879 0.005619099 -0.01204447 0.01177479 0.003628829 -0.008554883 0.01459184 0.001567927 -0.003101591 -0.007712676 0.01272072 -0.001922986 -0.007597853 0.01149067 -0.005936093 -0.005233281 0.01003696 -0.009842369 -0.0008674611 0.008387894 -0.01240527 0.004611085 0.006575567 -0.01266885 0.00990989 0.004635255 -0.01026199 0.01369647 0.002604723 -0.005533732 -0.00717381 0.01317332 -3.055438e-18 -0.00702492 0.01324421 -0.0004912302 -0.006508256 0.01351453 -2.945538e-18 -0.007784754 0.01213525 -0.004139227 -0.006415116 0.0107901 -0.008210974 -0.002859556 0.009234922 -0.01146905 0.002255756 0.0075 -0.01279303 0.00777712 0.005619099 -0.01153005 0.01234286 0.003628829 -0.007712676 0.01477265 0.001567927 -0.00207616 -0.007559748 0.01272072 -0.002456311 -0.007165264 0.01149067 -0.006451633 -0.004533964 0.01003696 -0.01018345 1.304479e-17 0.008387894 -0.01243556 0.005483587 0.006575567 -0.01231634 0.01060159 0.004635255 -0.009545715 0.01404912 0.002604723 -0.004564835 -0.00697354 0.01324421 -0.0009800672 -0.007477053 0.01213525 -0.004672181 -0.00582672 0.0107901 -0.008638469 -0.002052549 0.009234922 -0.01164059 0.003142658 0.0075 -0.01260451 0.00856247 0.005619099 -0.01095946 0.0128508 0.003628829 -0.006832894 0.01488149 0.001567927 -0.001040615 0.01488359 0.001865156 4.165705e-18 -0.007369989 0.01272072 -0.002977669 -0.006697767 0.01149067 -0.00693574 -0.003812557 0.01003696 -0.01047492 0.0008674611 0.008387894 -0.01240527 0.006329374 0.006575567 -0.01190382 0.01124164 0.004635255 -0.008782933 0.01433332 0.002604723 -0.003573698 -0.006888187 0.01324421 -0.001464129 -0.007132924 0.01213525 -0.005182373 -0.005209938 0.0107901 -0.009023877 -0.001235543 0.009234922 -0.01175541 0.004014248 0.0075 -0.01235459 0.009306107 0.005619099 -0.01033548 0.01329614 0.003628829 -0.005919822 -0.005826522 0.01382214 -2.828314e-18 -0.006097333 0.01370318 -0.0002129236 -0.007144324 0.01272072 -0.00348452 -0.006197639 0.01149067 -0.007386058 -0.003072577 0.01003696 -0.01071535 0.001730696 0.008387894 -0.01231454 0.007144324 0.006575567 -0.01143331 0.01182692 0.004635255 -0.007977361 0.01454769 0.002604723 -0.002565151 -0.006769276 0.01324421 -0.001941059 -0.006754045 0.01213525 -0.005667316 -0.004567773 0.0107901 -0.009365322 -0.0004125177 0.009234922 -0.01181296 0.004866282 0.0075 -0.01204447 0.0100044 0.005619099 -0.00966114 0.0136767 0.003628829 -0.00497791 -0.006067627 0.01370318 -0.0006377333 -0.006883853 0.01272072 -0.003974395 -0.005667316 0.01149067 -0.007800392 -0.002317627 0.01003696 -0.01090358 0.002585499 0.008387894 -0.01216382 0.007924469 0.006575567 -0.01090709 0.01235459 0.004635255 -0.007132924 0.01469119 0.002604723 -0.001544107 -0.006617384 0.01324421 -0.002408531 -0.00634226 0.01213525 -0.006124649 -0.003903354 0.0107901 -0.00966114 0.0004125177 0.009234922 -0.01181296 0.005694608 0.0075 -0.01167568 0.01065396 0.005619099 -0.008939734 0.01399062 0.003628829 -0.004011746 -0.006008361 0.01370318 -0.001059436 -0.006589845 0.01272072 -0.004444906 -0.005109383 0.01149067 -0.008176723 -0.001551387 0.01003696 -0.01103869 0.003427706 0.008387894 -0.01195383 0.008666005 0.006575567 -0.01032774 0.01282206 0.004635255 -0.006253736 0.01476312 0.002604723 -0.0005155394 0.01477212 0.002604723 3.883528e-18 0.01462392 0.003337814 3.591695e-18 -0.006433254 0.01324421 -0.002864269 -0.005899577 0.01213525 -0.006552144 -0.003219919 0.0107901 -0.00990989 0.001235543 0.009234922 -0.01175541 0.006495191 0.0075 -0.01125 0.01125161 0.005619099 -0.008174775 0.01423639 0.003628829 -0.003026037 -0.005919822 0.01370318 -0.001475978 -0.006263731 0.01272072 -0.004893763 -0.004526557 0.01149067 -0.008513217 -0.0007775874 0.01003696 -0.01112002 0.004253213 0.008387894 -0.01168561 0.009365322 0.006575567 -0.009698075 0.01322706 0.004635255 -0.00534408 -0.005130302 0.01409539 -2.704058e-18 -0.005117805 0.01409539 -0.0003578718 -0.004421328 0.01433359 -2.57308e-18 -0.006217782 0.01324421 -0.003306053 -0.005428151 0.01213525 -0.006947717 -0.002520796 0.0107901 -0.01011036 0.002052549 0.009234922 -0.01164059 0.007264129 0.0075 -0.01076951 0.01179445 0.005619099 -0.007369989 0.01441279 0.003628829 -0.002025586 -0.005802443 0.01370318 -0.001885328 -0.005907101 0.01272072 -0.005318778 -0.003921679 0.01149067 -0.008808235 1.169328e-17 0.01003696 -0.01114717 0.005058 0.008387894 -0.01136045 0.01001901 0.006575567 -0.009021159 0.01356763 0.004635255 -0.00440839 -0.005080374 0.01409539 -0.000714 -0.005972017 0.01324421 -0.00373173 -0.00493028 0.01213525 -0.007309441 -0.001809392 0.0107901 -0.01026157 0.002859556 0.009234922 -0.01146905 0.007997677 0.0075 -0.01023656 0.01227982 0.005619099 -0.006529297 0.01451898 0.003628829 -0.001015266 0.01443936 0.004062607 3.290934e-18 -0.005656795 0.01370318 -0.002285493 -0.005521693 0.01272072 -0.00571788 -0.003297695 0.01149067 -0.009060342 0.0007775874 0.01003696 -0.01112002 0.005838143 0.008387894 -0.01097995 0.01062389 0.006575567 -0.008300293 0.01384209 0.004635255 -0.003451221 -0.005018193 0.01409539 -0.00106665 -0.005697157 0.01324421 -0.004139227 -0.00440839 0.01213525 -0.007635554 -0.001089174 0.0107901 -0.01036279 0.003652631 0.009234922 -0.01124164 0.008692262 0.0075 -0.009653734 0.01270537 0.005619099 -0.005656795 -0.003701361 0.01453616 -2.435705e-18 -0.004132041 0.01441893 -0.0001442941 -0.005483587 0.01370318 -0.002674524 -0.005109383 0.01272072 -0.006089126 -0.002657644 0.01149067 -0.009268307 0.001551387 0.01003696 -0.01103869 0.006589845 0.008387894 -0.01054596 0.01117701 0.006575567 -0.007538989 0.01404912 0.004635255 -0.002477238 -0.004931563 0.01409539 -0.001414103 -0.005394541 0.01324421 -0.004526557 -0.003865021 0.01213525 -0.007924469 -0.0003636484 0.0107901 -0.01041353 0.00442791 0.009234922 -0.01095946 0.009344498 0.0075 -0.009023877 0.01306902 0.005619099 -0.004756733 -0.004111911 0.01441893 -0.0004321792 -0.005283664 0.01370318 -0.003050525 -0.004672181 0.01272072 -0.006430706 -0.002004646 0.01149067 -0.009431117 0.002317627 0.01003696 -0.01090358 0.007309441 0.008387894 -0.01006058 0.01167568 0.006575567 -0.006740955 0.0141877 0.004635255 -0.001491187 -0.004820907 0.01409539 -0.001754667 -0.005065644 0.01324421 -0.004891835 -0.003302824 0.01213525 -0.008174775 0.0003636484 0.0107901 -0.01041353 0.005181618 0.009234922 -0.01062389 0.009951209 0.0075 -0.008350056 0.01336899 0.005619099 -0.003833498 -0.004071747 0.01441893 -0.0007179589 -0.005058 0.01370318 -0.003411664 -0.004212216 0.01272072 -0.006740955 -0.001341881 0.01149067 -0.00954798 0.003072577 0.01003696 -0.01071535 0.007993426 0.008387894 -0.009526195 0.01211746 0.006575567 -0.00591008 0.01425716 0.004635255 -0.0004978709 0.01421891 0.0047773 2.98199e-18 -0.004686764 0.01409539 -0.002086682 -0.004712067 0.01324421 -0.005233281 -0.002724535 0.01213525 -0.008385255 0.001089174 0.0107901 -0.01036279 0.00591008 0.009234922 -0.01023656 0.01050944 0.0075 -0.007635554 0.01360384 0.005619099 -0.002891585 -0.004011746 0.01441893 -0.001000241 -0.004807693 0.01370318 -0.003756181 -0.00373173 0.01272072 -0.007018364 -0.0006725789 0.01149067 -0.009618327 0.003812557 0.01003696 -0.01047492 0.008638469 0.008387894 -0.008945395 0.01250021 0.006575567 -0.005050413 -0.002972192 0.01470259 -2.292274e-18 -0.003111079 0.01467221 -0.0002175478 -0.002235634 0.01483246 -2.143145e-18 -0.004529788 0.01409539 -0.002408531 -0.004335533 0.01324421 -0.00554923 -0.002132972 0.01213525 -0.008554883 0.001809392 0.0107901 -0.01026157 0.00660975 0.009234922 -0.009799357 0.01101647 0.0075 -0.006883853 0.01377241 0.005619099 -0.001935586 -0.0039322 0.01441893 -0.001277649 -0.004533964 0.01370318 -0.004082399 -0.003233064 0.01272072 -0.00726158 1.011417e-17 0.01149067 -0.009641814 0.004533964 0.01003696 -0.01018345 0.009241425 0.008387894 -0.008321016 0.01282206 0.006575567 -0.00416614 -0.003088325 0.01467221 -0.0004340357 -0.004350743 0.01409539 -0.002718646 -0.003937877 0.01324421 -0.005838143 -0.001531018 0.01213525 -0.008682832 0.002520796 0.0107901 -0.01011036 0.007277218 0.009234922 -0.009314414 0.01146983 0.0075 -0.006098615 0.01387388 0.005619099 -0.0009701561 0.01396311 0.005480115 2.665632e-18 0.01367259 0.006169307 2.342648e-18 -0.003833498 0.01441893 -0.001548834 -0.004238145 0.01370318 -0.004388728 -0.002718646 0.01272072 -0.007469419 0.0006725789 0.01149067 -0.009618327 0.005233281 0.01003696 -0.009842369 0.009799357 0.008387894 -0.007656097 0.01308144 0.006575567 -0.003261569 -0.003050525 0.01467221 -0.0006484091 -0.004150502 0.01409539 -0.003015516 -0.003521037 0.01324421 -0.006098615 -0.0009216043 0.01213525 -0.008768479 0.003219919 0.0107901 -0.00990989 0.007909232 0.009234922 -0.008784092 0.0118673 0.0075 -0.005283664 -0.001493518 0.01492546 -1.988687e-18 -0.002086325 0.01485402 -7.285607e-05 -0.003716118 0.01441893 -0.001812472 -0.003921679 0.01370318 -0.004673675 -0.002190983 0.01272072 -0.007640866 0.001341881 0.01149067 -0.00954798 0.005907101 0.01003696 -0.009453339 0.01030955 0.008387894 -0.006953879 0.01327709 0.006575567 -0.002341109 -0.002997863 0.01467221 -0.0008596234 -0.003930039 0.01409539 -0.003297695 -0.003087042 0.01324421 -0.006329374 -0.0003077011 0.01213525 -0.008811408 0.003903354 0.0107901 -0.00966114 0.008502712 0.009234922 -0.008210974 0.01220697 0.0075 -0.004442972 -0.00207616 0.01485402 -0.0002182133 -0.003580634 0.01441893 -0.00206728 -0.003586107 0.01370318 -0.004935853 -0.001652646 0.01272072 -0.007775089 0.002004646 0.01149067 -0.009431117 0.006552144 0.01003696 -0.009018252 0.01076951 0.008387894 -0.006217782 0.01340806 0.006575567 -0.001409243 -0.002930596 0.01467221 -0.00106665 -0.003690431 0.01409539 -0.003563807 -0.002638007 0.01324421 -0.006529297 0.0003077011 0.01213525 -0.008811408 0.004567773 0.0107901 -0.009365322 0.009054769 0.009234922 -0.007597853 0.01248716 0.0075 -0.003580634 -0.002055881 0.01485402 -0.0003625073 -0.003427706 0.01441893 -0.002312017 -0.003233064 0.01370318 -0.005173984 -0.001106258 0.01272072 -0.007871432 0.002657644 0.01149067 -0.009268307 0.007165264 0.01003696 -0.008539229 0.01117701 0.008387894 -0.005451392 0.0134737 0.006575567 -0.0004705119 0.01334808 0.00684316 2.013839e-18 -0.002849052 0.01467221 -0.00126848 -0.003432842 0.01409539 -0.003812557 -0.00217612 0.01324421 -0.00669741 0.0009216043 0.01213525 -0.008768479 0.005209938 0.0107901 -0.009023877 0.009562712 0.009234922 -0.006947717 0.01270651 0.0075 -0.002700852 -0.002025586 0.01485402 -0.0005050353 -0.003258078 0.01441893 -0.00254549 -0.002864269 0.01370318 -0.005386907 -0.0005544795 0.01272072 -0.007929426 0.003297695 0.01149067 -0.009060342 0.007743476 0.01003696 -0.008018605 0.01153005 0.008387894 -0.004658444 -0.0007476883 0.01498135 -1.829285e-18 -0.001043798 0.01496346 -7.298949e-05 -0.002753627 0.01467221 -0.001464129 -0.003158529 0.01409539 -0.004042733 -0.001703632 0.01324421 -0.006832894 0.001531018 0.01213525 -0.008682832 0.00582672 0.0107901 -0.008638469 0.01002407 0.009234922 -0.006263731 0.01286396 0.0075 -0.001807912 -0.001985422 0.01485402 -0.0006451028 -0.003072577 0.01441893 -0.002766561 -0.00248152 0.01370318 -0.005573586 8.338206e-18 0.01272072 -0.007948789 0.003921679 0.01149067 -0.008808235 0.008283963 0.01003696 -0.007458914 0.01182692 0.008387894 -0.0038428 -3.548879e-16 0.015 -4.996004e-18 -0.001036164 0.01496346 -0.0001456234 -0.002644787 0.01467221 -0.001652646 -0.002868829 0.01409539 -0.004253213 -0.001222843 0.01324421 -0.006935089 0.002132972 0.01213525 -0.008554883 0.006415116 0.0107901 -0.008210974 0.01043658 0.009234922 -0.00554923 0.01295874 0.0075 -0.0009061632 0.01299038 0.0075 1.680023e-18 0.01260039 0.008138194 1.342031e-18 -0.001935586 0.01485402 -0.0007820274 -0.002872107 0.01441893 -0.002974154 -0.002086682 0.01370318 -0.005733111 0.0005544795 0.01272072 -0.007929426 0.004526557 0.01149067 -0.008513217 0.008784092 0.01003696 -0.006862885 0.01206617 0.008387894 -0.003008435 -0.001023482 0.01496346 -0.0002175478 -0.002523061 0.01467221 -0.001833111 -0.002565151 0.01409539 -0.004442972 -0.0007360971 0.01324421 -0.007003496 0.002724535 0.01213525 -0.008385255 0.006972258 0.0107901 -0.007743476 0.01079825 0.009234922 -0.004807693 -0.001876319 0.01485402 -0.0009151421 -0.002657644 0.01441893 -0.003167257 -0.001681677 0.01370318 -0.005864706 0.001106258 0.01272072 -0.007871432 0.005109383 0.01149067 -0.008176723 0.009241425 0.01003696 -0.00623342 0.01224664 0.008387894 -0.002159413 -0.001005813 0.01496346 -0.0002884124 -0.002389044 0.01467221 -0.002004646 -0.002248976 0.01409539 -0.004611085 -0.0002457648 0.01324421 -0.007037784 0.003302824 0.01213525 -0.008174775 0.007495431 0.0107901 -0.007238254 0.01110732 0.009234922 -0.004042733 -0.001807912 0.01485402 -0.001043798 -0.002430233 0.01441893 -0.00334493 -0.00126848 0.01370318 -0.005967727 0.001652646 0.01272072 -0.007775089 0.005667316 0.01149067 -0.007800392 0.009653734 0.01003696 -0.005573586 0.01236744 0.008387894 -0.00129987 -0.0009832447 0.01496346 -0.0003578718 -0.002243387 0.01467221 -0.002166414 -0.001921845 0.01409539 -0.004756733 0.0002457648 0.01324421 -0.007037784 0.003865021 0.01213525 -0.007924469 0.007982088 0.0107901 -0.006697767 0.01136227 0.009234922 -0.003258078 -0.001730696 0.01485402 -0.001167369 -0.002190983 0.01441893 -0.003506306 -0.000849102 0.01370318 -0.006041675 0.002190983 0.01272072 -0.007640866 0.006197639 0.01149067 -0.007386058 0.01001901 0.01003696 -0.004886599 0.01242799 0.008387894 -0.0004339949 0.01217907 0.008756155 1.000702e-18 -0.0009558856 0.01496346 -0.0004255877 -0.002086801 0.01467221 -0.002317627 -0.001585351 0.01409539 -0.004879207 0.0007360971 0.01324421 -0.007003496 0.00440839 0.01213525 -0.007635554 0.008429856 0.0107901 -0.006124649 0.01156186 0.009234922 -0.00245755 -0.001645048 0.01485402 -0.001285253 -0.001941059 0.01441893 -0.0036506 -0.0004255877 0.01370318 -0.006086188 0.002718646 0.01272072 -0.007469419 0.006697767 0.01149067 -0.00693574 0.01033548 0.01003696 -0.004175804 -0.0009238697 0.01496346 -0.0004912302 -0.001920048 0.01467221 -0.00245755 -0.001241132 0.01409539 -0.00497791 0.001222843 0.01324421 -0.006935089 0.00493028 0.01213525 -0.007309441 0.008836555 0.0107901 -0.005521693 0.01170513 0.009234922 -0.001645048 -0.001551387 0.01485402 -0.001396875 -0.001681677 0.01441893 -0.003777109 6.399944e-18 0.01370318 -0.006101049 0.003233064 0.01272072 -0.00726158 0.007165264 0.01149067 -0.006451633 0.01060159 0.01003696 -0.003444666 -0.0008873526 0.01496346 -0.0005544795 -0.001743941 0.01467221 -0.002585499 -0.0008908676 0.01409539 -0.005052361 0.001703632 0.01324421 -0.006832894 0.005428151 0.01213525 -0.006947717 0.009200204 0.0107901 -0.004891835 0.01179137 0.009234922 -0.0008245327 0.01172747 0.009352347 6.568854e-19 0.01124672 0.009925287 3.114356e-19 -0.001450166 0.01485402 -0.001501691 -0.001414103 0.01441893 -0.003885216 0.0004255877 0.01370318 -0.006086188 0.00373173 0.01272072 -0.007018364 0.007597853 0.01149067 -0.005936093 0.01081605 0.01003696 -0.002696745 -0.0008465126 0.01496346 -0.0006150274 -0.001559338 0.01467221 -0.002700852 -0.0005362626 0.01409539 -0.005102198 0.00217612 0.01324421 -0.00669741 0.005899577 0.01213525 -0.006552144 0.00951903 0.0107901 -0.004238145 -0.001341881 0.01485402 -0.001599192 -0.001139639 0.01441893 -0.003974395 0.000849102 0.01370318 -0.006041675 0.004212216 0.01272072 -0.006740955 0.007993426 0.01149067 -0.005391634 0.01097782 0.01003696 -0.001935686 -0.0008015484 0.01496346 -0.0006725789 -0.001367137 0.01467221 -0.002803047 -0.000179045 0.01409539 -0.005127177 0.002638007 0.01324421 -0.006529297 0.00634226 0.01213525 -0.006124649 0.00979148 0.0107901 -0.003563807 -0.001227058 0.01485402 -0.001688901 -0.0008596234 0.01441893 -0.00404421 0.00126848 0.01370318 -0.005967727 0.004672181 0.01272072 -0.006430706 0.008350056 0.01149067 -0.004820907 0.01108611 0.01003696 -0.001165197 -0.0007526791 0.01496346 -0.0007268538 -0.001168276 0.01467221 -0.002891585 0.000179045 0.01409539 -0.005127177 0.003087042 0.01324421 -0.006329374 0.006754045 0.01213525 -0.005667316 0.01001623 0.0107901 -0.002872107 -0.001106258 0.01485402 -0.001770382 -0.0005754196 0.01441893 -0.004094323 0.001681677 0.01370318 -0.005864706 0.005109383 0.01272072 -0.006089126 0.008666005 0.01149067 -0.004226693 0.010738 0.01047355 -3.478858e-20 0.01114038 0.01003696 -0.0003890307 -0.0007001429 0.01496346 -0.0007775874 -0.0009637237 0.01467221 -0.002966037 0.0005362626 0.01409539 -0.005102198 0.003521037 0.01324421 -0.006098615 0.007132924 0.01213525 -0.005182373 0.01019218 0.0107901 -0.002166414 -0.0009800672 0.01485402 -0.001843238 -0.0002884124 0.01441893 -0.004124489 0.002086682 0.01370318 -0.005733111 0.005521693 0.01272072 -0.00571788 0.008939734 0.01149067 -0.003611887 -0.0006441956 0.01496346 -0.0008245327 -0.0007544758 0.01467221 -0.003026037 0.0008908676 0.01409539 -0.005052361 0.003937877 0.01324421 -0.005838143 0.007477053 0.01213525 -0.004672181 0.01031847 0.0107901 -0.001450166 -0.000849102 0.01485402 -0.001907114 4.337115e-18 0.01441893 -0.00413456 0.00248152 0.01370318 -0.005573586 0.005907101 0.01272072 -0.005318778 0.00916991 0.01149067 -0.002979484 -0.0005851099 0.01496346 -0.0008674611 -0.0005415523 0.01467221 -0.003071296 0.001241132 0.01409539 -0.00497791 0.004335533 0.01324421 -0.00554923 0.007784754 0.01213525 -0.004139227 0.01039449 0.0107901 -0.0007268538 0.01020259 0.01099578 -3.809263e-19 -0.000714 0.01485402 -0.001961699 0.0002884124 0.01441893 -0.004124489 0.002864269 0.01370318 -0.005386907 0.006263731 0.01272072 -0.004893763 0.009355412 0.01149067 -0.002332566 -0.0005231736 0.01496346 -0.0009061632 -0.0003259903 0.01467221 -0.003101591 0.001585351 0.01409539 -0.004879207 0.004712067 0.01324421 -0.005233281 0.008054528 0.01213525 -0.003586107 -0.0005754196 0.01485402 -0.002006727 0.0005754196 0.01441893 -0.004094323 0.003233064 0.01370318 -0.005173984 0.006589845 0.01272072 -0.004444906 0.009495334 0.01149067 -0.001674284 -0.0004586884 0.01496346 -0.0009404505 -0.0001088402 0.01467221 -0.003116776 0.001921845 0.01409539 -0.004756733 0.005065644 0.01324421 -0.004891835 0.008285062 0.01213525 -0.003015516 -0.0004340357 0.01485402 -0.002041977 0.0008596234 0.01441893 -0.00404421 0.003586107 0.01370318 -0.004935853 0.006883853 0.01272072 -0.003974395 0.009588995 0.01149067 -0.001007844 -0.0003919685 0.01496346 -0.0009701561 0.0001088402 0.01467221 -0.003116776 0.002248976 0.01409539 -0.004611085 0.005394541 0.01324421 -0.004526557 0.008475232 0.01213525 -0.002430233 -0.0002905373 0.01485402 -0.00206728 0.001139639 0.01441893 -0.003974395 0.003921679 0.01370318 -0.004673675 0.007144324 0.01272072 -0.00348452 0.009057066 0.01195699 -1.069502e-18 0.009635941 0.01149067 -0.0003364945 0.009641814 0.01149067 -7.261169e-19 -0.000323339 0.01496346 -0.0009951352 0.0003259903 0.01467221 -0.003101591 0.002565151 0.01409539 -0.004442972 0.005697157 0.01324421 -0.004139227 0.008624111 0.01213525 -0.001833111 -0.0001456234 0.01485402 -0.002082511 0.001414103 0.01441893 -0.003885216 0.004238145 0.01370318 -0.004388728 0.007369989 0.01272072 -0.002977669 -0.0002531343 0.01496346 -0.001015266 0.0005415523 0.01467221 -0.003071296 0.002868829 0.01409539 -0.004253213 0.005972017 0.01324421 -0.00373173 0.008730974 0.01213525 -0.001227058 2.189869e-18 0.01485402 -0.002087596 0.001681677 0.01441893 -0.003777109 0.004533964 0.01370318 -0.004082399 0.007559748 0.01272072 -0.002456311 -0.0001816963 0.01496346 -0.001030451 0.0007544758 0.01467221 -0.003026037 0.003158529 0.01409539 -0.004042733 0.006217782 0.01324421 -0.003306053 0.0084498 0.01239358 -1.410229e-18 0.008795301 0.01213525 -0.0006150274 0.0001456234 0.01485402 -0.002082511 0.001941059 0.01441893 -0.0036506 0.004807693 0.01370318 -0.003756181 0.007712676 0.01272072 -0.001922986 -0.0001093731 0.01496346 -0.001040615 0.0009637237 0.01467221 -0.002966037 0.003432842 0.01409539 -0.003812557 0.006433254 0.01324421 -0.002864269 0.0002905373 0.01485402 -0.00206728 0.002190983 0.01441893 -0.003506306 0.005058 0.01370318 -0.003411664 0.007828029 0.01272072 -0.001380293 -3.651699e-05 0.01496346 -0.00104571 0.001168276 0.01467221 -0.002891585 0.003690431 0.01409539 -0.003563807 0.006617384 0.01324421 -0.002408531 0.0004340357 0.01485402 -0.002041977 0.002430233 0.01441893 -0.00334493 0.005283664 0.01370318 -0.003050525 0.007905245 0.01272072 -0.0008308747 3.651699e-05 0.01496346 -0.00104571 0.001367137 0.01467221 -0.002803047 0.003930039 0.01409539 -0.003297695 0.006769276 0.01324421 -0.001941059 0.0005754196 0.01485402 -0.002006727 0.002657644 0.01441893 -0.003167257 0.005483587 0.01370318 -0.002674524 0.007943947 0.01272072 -0.0002774087 0.007821528 0.01279936 -1.747449e-18 0.0001093731 0.01496346 -0.001040615 0.001559338 0.01467221 -0.002700852 0.004150502 0.01409539 -0.003015516 0.006888187 0.01324421 -0.001464129 0.000714 0.01485402 -0.001961699 0.002872107 0.01441893 -0.002974154 0.005656795 0.01370318 -0.002285493 0.0001816963 0.01496346 -0.001030451 0.001743941 0.01467221 -0.002585499 0.004350743 0.01409539 -0.002718646 0.00697354 0.01324421 -0.0009800672 0.000849102 0.01485402 -0.001907114 0.003072577 0.01441893 -0.002766561 0.005802443 0.01370318 -0.001885328 0.0002531343 0.01496346 -0.001015266 0.001920048 0.01467221 -0.00245755 0.004529788 0.01409539 -0.002408531 0.00702492 0.01324421 -0.0004912302 0.00717381 0.01317332 -2.080325e-18 0.006508256 0.01351453 -2.408029e-18 0.0009800672 0.01485402 -0.001843238 0.003258078 0.01441893 -0.00254549 0.005919822 0.01370318 -0.001475978 0.000323339 0.01496346 -0.0009951352 0.002086801 0.01467221 -0.002317627 0.004686764 0.01409539 -0.002086682 0.001106258 0.01485402 -0.001770382 0.003427706 0.01441893 -0.002312017 0.006008361 0.01370318 -0.001059436 0.0003919685 0.01496346 -0.0009701561 0.002243387 0.01467221 -0.002166414 0.004820907 0.01409539 -0.001754667 0.001227058 0.01485402 -0.001688901 0.003580634 0.01441893 -0.00206728 0.006067627 0.01370318 -0.0006377333 0.0004586884 0.01496346 -0.0009404505 0.002389044 0.01467221 -0.002004646 0.004931563 0.01409539 -0.001414103 0.001341881 0.01485402 -0.001599192 0.003716118 0.01441893 -0.001812472 0.006097333 0.01370318 -0.0002129236 0.005826522 0.01382214 -2.729746e-18 0.0005231736 0.01496346 -0.0009061632 0.002523061 0.01467221 -0.001833111 0.005018193 0.01409539 -0.00106665 0.001450166 0.01485402 -0.001501691 0.003833498 0.01441893 -0.001548834 0.0005851099 0.01496346 -0.0008674611 0.002644787 0.01467221 -0.001652646 0.005080374 0.01409539 -0.000714 0.001551387 0.01485402 -0.001396875 0.0039322 0.01441893 -0.001277649 0.0006441956 0.01496346 -0.0008245327 0.002753627 0.01467221 -0.001464129 0.005117805 0.01409539 -0.0003578718 0.005130302 0.01409539 -3.044677e-18 0.004421328 0.01433359 -3.352038e-18 0.001645048 0.01485402 -0.001285253 0.004011746 0.01441893 -0.001000241 0.0007001429 0.01496346 -0.0007775874 0.002849052 0.01467221 -0.00126848 0.001730696 0.01485402 -0.001167369 0.004071747 0.01441893 -0.0007179589 0.0007526791 0.01496346 -0.0007268538 0.002930596 0.01467221 -0.00106665 0.001807912 0.01485402 -0.001043798 0.004111911 0.01441893 -0.0004321792 0.0008015484 0.01496346 -0.0006725789 0.002997863 0.01467221 -0.0008596234 0.001876319 0.01485402 -0.0009151421 0.003701361 0.01453616 -3.651065e-18 0.004132041 0.01441893 -0.0001442941 0.0008465126 0.01496346 -0.0006150274 0.003050525 0.01467221 -0.0006484091 0.001935586 0.01485402 -0.0007820274 0.0008873526 0.01496346 -0.0005544795 0.003088325 0.01467221 -0.0004340357 0.001985422 0.01485402 -0.0006451028 0.0009238697 0.01496346 -0.0004912302 0.003111079 0.01467221 -0.0002175478 0.002972192 0.01470259 -3.941015e-18 0.002235634 0.01483246 -4.221168e-18 0.002025586 0.01485402 -0.0005050353 0.0009558856 0.01496346 -0.0004255877 0.002055881 0.01485402 -0.0003625073 0.0009832447 0.01496346 -0.0003578718 0.00207616 0.01485402 -0.0002182133 0.001005813 0.01496346 -0.0002884124 0.002086325 0.01485402 -7.285607e-05 0.001493518 0.01492546 -4.490826e-18 0.001023482 0.01496346 -0.0002175478 0.001036164 0.01496346 -0.0001456234 0.0007476883 0.01498135 -4.749318e-18 0.001043798 0.01496346 -7.298949e-05</float_array>
          <technique_common>
            <accessor count="2084" source="#cubeverts-array0-array" stride="3">
              <param type="float" name="X"/>
              <param type="float" name="Y"/>
              <param type="float" name="Z"/>
            </accessor>
          </technique_common>
        </source>
        <source id="cubenormals-array0">
          <float_array count="12492" id="cubenormals-array0-array">-0.07418635 -0.9899516 0.1203845 -0.08503193 -0.9963604 -0.005946072 -0.02481484 -0.9950407 -0.09632326 -0.05942299 -0.9982243 -0.004155305 -0.03458074 -0.9993901 -0.004860013 -0.03415749 -0.9993901 -0.007260353 -0.1243278 -0.9921098 0.01614595 -0.1735309 -0.9841417 -0.03677074 -0.03356781 -0.9993901 -0.009625434 -0.0964211 -0.9938763 -0.05397044 -0.1173942 -0.9930087 -0.01233869 -0.1034487 -0.9945285 -0.01453879 -0.03281461 -0.9993901 -0.01194356 -0.1021825 -0.9945285 -0.02171943 -0.1030651 -0.9945086 -0.01817315 -0.2224588 -0.9746583 0.02352084 -0.03190154 -0.9993901 -0.01420347 -0.1004185 -0.9945286 -0.02879461 -0.1015463 -0.9945086 -0.0253183 -0.172491 -0.9848442 -0.01812962 -0.1715173 -0.9848964 -0.02368379 -0.2294818 -0.9731807 -0.01604697 -0.1956933 -0.9805697 -0.01368423 -0.03083304 -0.9993901 -0.01639422 -0.09816529 -0.9945285 -0.03572928 -0.09953284 -0.9945086 -0.03234017 -0.1708062 -0.9848443 -0.03011774 -0.1722665 -0.9847528 -0.02421038 -0.02961434 -0.9993901 -0.01850508 -0.09543383 -0.9945285 -0.04248986 -0.09703442 -0.9945085 -0.03920446 -0.170158 -0.9847528 -0.0361682 -0.1682892 -0.9848443 -0.04195915 -0.02825134 -0.9993902 -0.02052582 -0.2708354 -0.9626066 0.006059218 -0.09406331 -0.9945086 -0.0458777 -0.0922374 -0.9945285 -0.04904351 -0.1672206 -0.9847528 -0.04794976 -0.1649524 -0.9848443 -0.05359624 -0.02675071 -0.9993901 -0.02244652 -0.2389152 -0.9704255 -0.0345529 -0.2502261 -0.9678302 -0.02629982 -0.2391462 -0.9704017 -0.03360967 -0.09063388 -0.9945086 -0.05232752 -0.08859165 -0.9945285 -0.05535816 -0.1608119 -0.9848443 -0.06497221 -0.1634684 -0.9847528 -0.05949774 -0.02511978 -0.9993901 -0.02425786 -0.2362191 -0.9704017 -0.05020991 -0.2388037 -0.9701545 -0.04210746 -0.08676293 -0.9945086 -0.05852235 -0.0845142 -0.9945285 -0.06140322 -0.3184821 -0.9479125 -0.005559036 -0.3653332 -0.930855 -0.006376778 -0.1558879 -0.9848442 -0.07603153 -0.15892 -0.9847528 -0.07075556 -0.02336642 -0.9993901 -0.02595106 -0.2352846 -0.9701545 -0.05866312 -0.2321412 -0.9704017 -0.06656548 -0.08002508 -0.9945285 -0.06714904 -0.08246925 -0.9945086 -0.06443208 -0.3066224 -0.9512854 -0.03222731 -0.3695357 -0.9288572 -0.02584051 -0.3062619 -0.9513494 -0.03373304 -0.3146607 -0.9489491 -0.02200324 -0.1535971 -0.9847528 -0.08166904 -0.1502044 -0.9848443 -0.08672061 -0.02149927 -0.9993902 -0.02751779 -0.2306194 -0.9701545 -0.0749329 -0.2269323 -0.9704017 -0.08259676 -0.0751461 -0.9945285 -0.07256769 -0.07777382 -0.9945086 -0.07002788 -0.3036274 -0.9512855 -0.05353762 -0.3068806 -0.9507703 -0.04312897 -0.147526 -0.9847528 -0.09218451 -0.1437892 -0.9848442 -0.09698708 -0.01952733 -0.9993901 -0.02895048 -0.220618 -0.9704017 -0.09822524 -0.2248306 -0.9701545 -0.0908373 -0.07269951 -0.9945086 -0.07528249 -0.06990092 -0.9945285 -0.07763291 -0.3031245 -0.9507703 -0.06443141 -0.2991533 -0.9512855 -0.07458738 -0.1366735 -0.9848442 -0.1067811 -0.1407362 -0.9847528 -0.1022508 -0.01746031 -0.9993901 -0.0302421 -0.3731335 -0.927242 -0.03152313 -0.4112845 -0.911499 -0.003845411 -0.2132287 -0.9704018 -0.1133757 -0.2179464 -0.9701545 -0.1062996 -0.06431532 -0.9945285 -0.08231977 -0.06727096 -0.9945086 -0.08017037 -0.2978917 -0.9507703 -0.08541902 -0.2932215 -0.9512855 -0.09527361 -0.1332606 -0.9847528 -0.1118191 -0.1288919 -0.9848442 -0.1160548 -0.01530817 -0.9993901 -0.03138641 -0.3737841 -0.9266834 -0.03928636 -0.3699367 -0.9276011 -0.05199087 -0.4466839 -0.8934592 -0.04694847 -0.2048006 -0.9704017 -0.1279737 -0.2100004 -0.9701545 -0.121244 -0.05841624 -0.9945285 -0.08660571 -0.06151465 -0.9945086 -0.08466769 -0.2858614 -0.9512855 -0.1154953 -0.2912075 -0.9507704 -0.1059906 -0.125136 -0.9847528 -0.1208424 -0.1204824 -0.9848442 -0.1247631 -0.01308148 -0.9993901 -0.0323778 -0.3654087 -0.9276011 -0.07767039 -0.3701332 -0.9266833 -0.06526433 -0.1953747 -0.9704016 -0.141948 -0.2010314 -0.9701545 -0.1355972 -0.0554587 -0.9945086 -0.08875248 -0.05223272 -0.9945285 -0.0904696 -0.4562066 -0.889864 0.004178427 -0.2831045 -0.9507703 -0.1260464 -0.2771085 -0.9512855 -0.1351548 -0.1114859 -0.9848442 -0.1328636 -0.1164017 -0.9847528 -0.1292771 -0.01079104 -0.9993901 -0.03321145 -0.3646788 -0.9266834 -0.09092452 -0.3591006 -0.9276011 -0.1029704 -0.1910829 -0.9701545 -0.1492902 -0.1849969 -0.9704017 -0.155231 -0.04579457 -0.9945285 -0.09389282 -0.04913253 -0.9945086 -0.0924049 -0.4340297 -0.9000745 -0.0385252 -0.5119671 -0.8582587 -0.03580032 -0.443012 -0.8959804 -0.03097848 -0.2736224 -0.9507703 -0.1454874 -0.2670053 -0.9512855 -0.1541559 -0.1071001 -0.9847528 -0.137082 -0.1019461 -0.9848443 -0.1403169 -0.00844809 -0.9993901 -0.03388328 -0.3574478 -0.9266834 -0.116142 -0.3510431 -0.9276011 -0.127769 -0.173718 -0.9704018 -0.1677574 -0.1802033 -0.9701545 -0.1622559 -0.04256703 -0.9945086 -0.09560712 -0.03913341 -0.9945285 -0.09685857 -0.4303379 -0.8994729 -0.07588003 -0.435709 -0.8980022 -0.06123475 -0.262807 -0.9507703 -0.16422 -0.2556018 -0.9512855 -0.1724053 -0.09727692 -0.9847528 -0.144219 -0.09190981 -0.9848442 -0.1470865 -0.006063887 -0.9993901 -0.03439006 -0.3484756 -0.9266834 -0.1407935 -0.3412752 -0.9276011 -0.1519457 -0.1615927 -0.9704017 -0.1794668 -0.168446 -0.9701545 -0.174431 -0.03579414 -0.9945086 -0.09834353 -0.03228151 -0.9945285 -0.09935245 -0.4239966 -0.8994729 -0.1057141 -0.4303761 -0.8980022 -0.09147926 -0.2429528 -0.9512855 -0.1898153 -0.2507114 -0.9507703 -0.1821527 -0.08697976 -0.9847528 -0.1506533 -0.08142567 -0.9848443 -0.1531395 -0.003650154 -0.9993901 -0.03472929 -0.4965691 -0.8674307 -0.03135432 -0.4998372 -0.8657432 -0.02552328 -0.5424966 -0.8399484 -0.01356355 -0.3378056 -0.9266834 -0.1647586 -0.3298448 -0.9276011 -0.1753814 -0.1486799 -0.9704017 -0.1903018 -0.155868 -0.9701545 -0.1857562 -0.02527256 -0.9945285 -0.1013623 -0.02884678 -0.9945086 -0.1006009 -0.4155895 -0.8994728 -0.1350334 -0.4229465 -0.8980021 -0.1212782 -0.2373946 -0.9507703 -0.1991975 -0.2291199 -0.9512855 -0.2063007 -0.07054486 -0.9848442 -0.1584464 -0.07625887 -0.9847528 -0.1563537 -0.001218751 -0.9993901 -0.03489931 -0.4992595 -0.864862 -0.05247442 -0.5767452 -0.8146719 -0.06061851 -0.4933826 -0.8670442 -0.06934024 -0.3254897 -0.9266834 -0.1879215 -0.3168072 -0.927601 -0.1979631 -0.1425305 -0.9701545 -0.1961767 -0.1350431 -0.9704018 -0.2002096 -0.02175909 -0.9945086 -0.102368 -0.01814019 -0.9945285 -0.1028783 -0.4134564 -0.8980022 -0.1504855 -0.4051575 -0.8994729 -0.1636945 -0.2229209 -0.9507703 -0.2152722 -0.2141711 -0.9512855 -0.2217806 -0.06516628 -0.9847528 -0.1612925 -0.0593204 -0.9848442 -0.1629814 0.001218751 -0.9993901 -0.03489931 -0.4873438 -0.8670441 -0.1035881 -0.494383 -0.864862 -0.08717305 -0.3022261 -0.9276011 -0.2195804 -0.311588 -0.9266833 -0.2101687 -0.1207482 -0.9704017 -0.209142 -0.1284989 -0.9701545 -0.2056411 -0.01091948 -0.9945285 -0.1038931 -0.01456513 -0.9945086 -0.1036365 -0.583738 -0.8119304 0.004357848 -0.4019516 -0.8980023 -0.1789603 -0.3927519 -0.899473 -0.1915577 -0.2073612 -0.9507703 -0.230298 -0.1981788 -0.9512854 -0.2361802 -0.05375644 -0.9847528 -0.1654453 -0.04780678 -0.9848442 -0.1667224 0.003650154 -0.9993901 -0.03472929 -0.4789306 -0.8670442 -0.1373314 -0.4870978 -0.8648621 -0.1214472 -0.286173 -0.9276011 -0.2401275 -0.2961681 -0.9266834 -0.2313922 -0.113841 -0.9701546 -0.2141039 -0.1058651 -0.9704018 -0.2170555 -0.003645908 -0.9945285 -0.1044017 -0.007300289 -0.9945086 -0.1044001 -0.5521744 -0.832647 -0.04245695 -0.5586263 -0.8284991 -0.03906332 -0.6218778 -0.781906 -0.04348633 -0.3784328 -0.8994729 -0.2184882 -0.3884889 -0.8980023 -0.2065632 -0.1907914 -0.9507703 -0.2442016 -0.1812206 -0.9512855 -0.2494292 -0.03606059 -0.9848442 -0.169651 -0.04208461 -0.9847528 -0.1687922 0.006063887 -0.9993901 -0.03439006 -0.4681842 -0.8670442 -0.1704048 -0.4774394 -0.8648621 -0.1551292 -0.2687254 -0.9276011 -0.2595051 -0.2793059 -0.9266833 -0.251488 -0.09862864 -0.9701545 -0.2215234 -0.09046602 -0.9704017 -0.2239116 0 -0.9945086 -0.104655 0.003645908 -0.9945285 -0.1044017 -0.5485923 -0.8304754 -0.0967316 -0.5561137 -0.8274232 -0.07815681 -0.3622701 -0.8994728 -0.2443541 -0.3731333 -0.8980021 -0.2331599 -0.1633803 -0.9512855 -0.2614628 -0.1732917 -0.9507703 -0.2569158 -0.03020777 -0.9847528 -0.1713167 -0.0241383 -0.9848442 -0.1717533 0.00844809 -0.9993901 -0.03388328 -0.455157 -0.8670441 -0.2026489 -0.4654551 -0.864862 -0.1880563 -0.2610825 -0.9266833 -0.2703588 -0.2499685 -0.9276012 -0.2776183 -0.08293559 -0.9701545 -0.2278638 -0.07462649 -0.9704018 -0.2296768 0.00730029 -0.9945086 -0.1044001 0.01091948 -0.9945285 -0.1038931 -0.549307 -0.8274233 -0.1167583 -0.5405081 -0.8304756 -0.1347638 -0.3559602 -0.8980022 -0.2586202 -0.3443421 -0.8994728 -0.2690299 -0.1549483 -0.9507703 -0.2683781 -0.1447433 -0.9512855 -0.2722228 -0.01818384 -0.9847528 -0.1730065 -0.01209852 -0.9848442 -0.1730187 0.01079104 -0.9993901 -0.03321145 -0.6233419 -0.7816464 -0.02176769 -0.6615092 -0.7495812 -0.0231005 -0.610981 -0.7907149 -0.03837026 -0.4512033 -0.864862 -0.2200666 -0.4399122 -0.8670442 -0.2339055 -0.2415871 -0.9266834 -0.2879126 -0.2299942 -0.9276011 -0.2943789 -0.05842325 -0.9704018 -0.2343229 -0.06683888 -0.9701545 -0.2330939 0.01814019 -0.9945285 -0.1028783 0.01456513 -0.9945086 -0.1036365 -0.5398241 -0.8274233 -0.1547923 -0.529791 -0.8304755 -0.1721392 -0.3370526 -0.8980022 -0.2828206 -0.3247369 -0.8994729 -0.2923943 -0.1358496 -0.9507703 -0.2785331 -0.1254016 -0.9512855 -0.2816564 -0.006071124 -0.9847528 -0.1738535 0 -0.9848442 -0.1734411 0.01308148 -0.9993901 -0.0323778 -0.6072124 -0.7899433 -0.08533828 -0.6150039 -0.7858701 -0.06463983 -0.422524 -0.8670442 -0.2640226 -0.4347531 -0.864862 -0.2510048 -0.2088987 -0.9276012 -0.3097055 -0.2209153 -0.9266834 -0.3040632 -0.04193543 -0.9704018 -0.2378275 -0.05041603 -0.9701545 -0.2371886 0.02527256 -0.9945285 -0.1013623 0.02175908 -0.9945086 -0.102368 -0.5277116 -0.8274233 -0.1920711 -0.5164923 -0.8304756 -0.2086767 -0.316503 -0.8980022 -0.3056433 -0.3035495 -0.8994728 -0.3143346 -0.1054486 -0.9512855 -0.2897179 -0.1160893 -0.9507703 -0.287331 0.01209852 -0.9848442 -0.1730187 0.006071124 -0.9847528 -0.1738535 0.01530817 -0.9993901 -0.03138641 -0.5997806 -0.7899433 -0.1274868 -0.6089969 -0.7858701 -0.1073825 -0.4161849 -0.8648621 -0.2807199 -0.4030775 -0.8670443 -0.2928528 -0.1867863 -0.9276011 -0.323523 -0.1991661 -0.9266833 -0.3187332 -0.03374758 -0.9701545 -0.2401277 -0.02524342 -0.9704017 -0.2401734 0.03228151 -0.9945285 -0.09935245 0.02884678 -0.9945086 -0.1006009 -0.6982364 -0.7158672 0.0001211904 -0.5130277 -0.8274233 -0.2284146 -0.5006777 -0.8304756 -0.2441968 -0.2944114 -0.8980022 -0.326977 -0.280883 -0.8994729 -0.3347436 -0.09576318 -0.9507703 -0.2947291 -0.08498242 -0.9512855 -0.2963678 0.01818384 -0.9847528 -0.1730065 0.0241383 -0.9848442 -0.1717533 0.01746031 -0.9993901 -0.0302421 -0.5894262 -0.7899435 -0.1690155 -0.600023 -0.78587 -0.1496021 -0.3955887 -0.8648621 -0.3090681 -0.3816674 -0.8670442 -0.3202568 -0.1764479 -0.9266833 -0.3318496 -0.1637632 -0.9276012 -0.3357645 -0.01691487 -0.9701545 -0.2418969 -0.008428142 -0.9704017 -0.2413494 0.03579414 -0.9945086 -0.09834353 0.03913341 -0.9945286 -0.09685857 -0.6626974 -0.7456411 -0.06965264 -0.7259768 -0.6858429 -0.0507661 -0.6557509 -0.7535835 -0.04585535 -0.6726012 -0.7388906 -0.04060227 -0.4958445 -0.8274233 -0.2636454 -0.4824239 -0.8304756 -0.2785275 -0.2708854 -0.8980023 -0.3467176 -0.2568488 -0.8994728 -0.3535213 -0.06410159 -0.9512855 -0.3015741 -0.07497081 -0.9507703 -0.3006912 0.03606059 -0.9848443 -0.1696511 0.03020777 -0.9847528 -0.1713167 0.01952733 -0.9993901 -0.02895048 -0.5762006 -0.7899435 -0.2097196 -0.5881253 -0.7858701 -0.1910934 -0.3730658 -0.864862 -0.3359101 -0.3583976 -0.8670442 -0.3461005 -0.1528689 -0.9266834 -0.3433498 -0.1399427 -0.9276011 -0.3463702 0 -0.9701545 -0.2424877 0.008428142 -0.9704017 -0.2413494 0.04256703 -0.9945086 -0.09560712 0.04579458 -0.9945286 -0.09389284 -0.6656119 -0.7404121 -0.09354561 -0.6562244 -0.7456412 -0.11571 -0.4762459 -0.8274233 -0.2975912 -0.4618197 -0.8304756 -0.311501 -0.2460399 -0.8980021 -0.3647691 -0.2315619 -0.8994728 -0.3705774 -0.05381281 -0.9507703 -0.3051885 -0.04290846 -0.9512854 -0.305311 0.04780678 -0.9848442 -0.1667224 0.04208461 -0.9847528 -0.1687922 0.02149927 -0.9993902 -0.02751779 -0.5601678 -0.7899432 -0.2494028 -0.5733626 -0.78587 -0.2316541 -0.3333818 -0.8670442 -0.3702581 -0.3487251 -0.864862 -0.3611155 -0.1154401 -0.9276011 -0.3552883 -0.1285461 -0.9266833 -0.3531769 0.01691487 -0.9701545 -0.241897 0.02524342 -0.9704018 -0.2401734 0.04913253 -0.9945086 -0.0924049 0.05223272 -0.9945285 -0.0904696 -0.6465542 -0.7456414 -0.1612036 -0.657465 -0.7404123 -0.1397478 -0.4543268 -0.8274233 -0.3300878 -0.4389652 -0.8304756 -0.3429575 -0.2199956 -0.8980023 -0.3810431 -0.2051484 -0.899473 -0.3858272 -0.02150644 -0.9512855 -0.3075603 -0.03239315 -0.9507703 -0.3081988 0.05932041 -0.9848442 -0.1629814 0.05375644 -0.9847528 -0.1654453 0.02336642 -0.9993901 -0.02595106 -0.7328786 -0.6800115 -0.02175722 -0.7656399 -0.6424485 -0.03248993 -0.5558071 -0.78587 -0.2710845 -0.5414055 -0.7899435 -0.2878707 -0.3226855 -0.864862 -0.3845617 -0.3067418 -0.8670442 -0.3926117 -0.1035962 -0.9266833 -0.3612835 -0.09037539 -0.9276011 -0.3624755 0.04193543 -0.9704018 -0.2378275 0.03374758 -0.9701545 -0.2401277 0.0554587 -0.9945086 -0.08875248 0.05841624 -0.9945285 -0.08660571 -0.6461149 -0.7404121 -0.1852712 -0.6337346 -0.745641 -0.2059128 -0.4139725 -0.8304756 -0.3727427 -0.4301942 -0.8274233 -0.360976 -0.1928792 -0.8980022 -0.3954613 -0.1777341 -0.8994728 -0.3991981 0 -0.9512855 -0.3083113 -0.01081505 -0.9507703 -0.3097076 0.06516628 -0.9847528 -0.1612925 0.07054486 -0.9848442 -0.1584464 0.02511978 -0.9993901 -0.02425786 -0.7272874 -0.6843876 -0.05164055 -0.683701 -0.7262156 -0.07185967 -0.7093453 -0.6977755 -0.09969194 -0.5200059 -0.7899434 -0.3249355 -0.5355428 -0.7858703 -0.3091957 -0.2950739 -0.8648621 -0.4061342 -0.2786075 -0.8670442 -0.4130524 -0.06486994 -0.9276011 -0.3678969 -0.07814222 -0.9266833 -0.36763 0.05041603 -0.9701545 -0.2371886 0.05842325 -0.9704018 -0.2343229 0.06151465 -0.9945086 -0.08466769 0.06431532 -0.9945285 -0.08231977 -0.6178265 -0.7456413 -0.2496188 -0.6316176 -0.740412 -0.2298896 -0.3869629 -0.8304755 -0.400712 -0.4039658 -0.8274233 -0.3901056 -0.1648234 -0.8980023 -0.4079524 -0.149455 -0.8994729 -0.4106236 0.02150644 -0.9512855 -0.3075603 0.01081505 -0.9507703 -0.3097076 0.08142567 -0.9848443 -0.1531395 0.07625887 -0.9847528 -0.1563537 0.02675071 -0.9993901 -0.02244652 -0.7116099 -0.6912793 -0.125476 -0.7006636 -0.6977754 -0.1489298 -0.496073 -0.7899433 -0.3604181 -0.5126697 -0.7858701 -0.3458005 -0.2660245 -0.8648621 -0.4257283 -0.2491159 -0.8670442 -0.4314809 -0.05230732 -0.9266834 -0.3721853 -0.03904911 -0.9276011 -0.3715257 0.06683888 -0.9701545 -0.2330939 0.07462649 -0.9704018 -0.2296768 0.06990092 -0.9945285 -0.07763291 0.06727096 -0.9945086 -0.08017036 -0.7971148 -0.6037909 -0.006681234 -0.5989096 -0.7456412 -0.292107 -0.6140422 -0.7404124 -0.2733893 -0.3757696 -0.8274233 -0.4173343 -0.358068 -0.8304756 -0.4267289 -0.1359649 -0.8980023 -0.4184561 -0.1204469 -0.899473 -0.4200488 0.03239315 -0.9507703 -0.3081988 0.04290846 -0.9512854 -0.305311 0.08697977 -0.9847528 -0.1506533 0.09190981 -0.9848442 -0.1470865 0.02825134 -0.9993901 -0.02052582 -0.6885674 -0.6977756 -0.1974442 -0.7011241 -0.6912791 -0.1748094 -0.4872994 -0.78587 -0.3807199 -0.469723 -0.7899433 -0.3941445 -0.2184101 -0.8670442 -0.4478074 -0.2356795 -0.864862 -0.4432481 -0.02621743 -0.9266834 -0.3749275 -0.01303726 -0.9276011 -0.3733446 0.08293559 -0.9701545 -0.2278638 0.09046602 -0.9704017 -0.2239116 0.07269951 -0.9945086 -0.07528249 0.0751461 -0.9945285 -0.07256769 -0.7155754 -0.696741 -0.05003775 -0.8161896 -0.5749583 -0.05707336 -0.7586753 -0.6465704 -0.07973977 -0.7710289 -0.6353502 -0.04294936 -0.5934761 -0.7404121 -0.3155568 -0.5770742 -0.7456411 -0.3331738 -0.3457425 -0.8274234 -0.44253 -0.3274288 -0.8304757 -0.4506669 -0.09085257 -0.899473 -0.4274275 -0.1064434 -0.8980023 -0.4269212 0.06410159 -0.9512855 -0.3015741 0.05381281 -0.9507703 -0.3051885 0.09727692 -0.9847528 -0.144219 0.1019461 -0.9848443 -0.1403169 0.02961434 -0.9993901 -0.01850508 -0.6872215 -0.6912794 -0.2232923 -0.6731175 -0.6977755 -0.2449943 -0.4410846 -0.7899432 -0.4259508 -0.4595544 -0.78587 -0.413785 -0.2041857 -0.864862 -0.4586085 -0.1866407 -0.8670442 -0.461952 0 -0.9266833 -0.375843 0.01303726 -0.9276011 -0.3733446 0.09862864 -0.9701545 -0.2215234 0.1058651 -0.9704018 -0.2170555 0.07777382 -0.9945086 -0.07002788 0.08002507 -0.9945285 -0.06714904 -0.7619467 -0.6387254 -0.1070843 -0.7512647 -0.6465705 -0.1324682 -0.5524271 -0.7456412 -0.3726172 -0.5700184 -0.7404121 -0.3561868 -0.2951941 -0.8304757 -0.4724094 -0.3140309 -0.8274234 -0.4655698 -0.07640331 -0.8980023 -0.4333065 -0.06081549 -0.8994729 -0.432724 0.08498242 -0.9512855 -0.2963678 0.07497081 -0.9507703 -0.3006912 0.1071001 -0.9847528 -0.137082 0.1114859 -0.9848442 -0.1328636 0.03083304 -0.9993901 -0.01639422 -0.6543877 -0.6977755 -0.2913522 -0.6699718 -0.6912791 -0.2706859 -0.4102975 -0.7899433 -0.4556814 -0.429571 -0.7858701 -0.4448336 -0.1716974 -0.864862 -0.4717346 -0.1539622 -0.8670442 -0.473846 0.02621743 -0.9266834 -0.3749275 0.03904911 -0.9276011 -0.3715257 0.1207482 -0.9704017 -0.209142 0.113841 -0.9701546 -0.2141039 0.08246925 -0.9945086 -0.06443208 0.0845142 -0.9945285 -0.06140322 -0.7401944 -0.6465704 -0.1845507 -0.7526206 -0.6387256 -0.1599745 -0.5437831 -0.7404121 -0.3950821 -0.5250893 -0.745641 -0.4102447 -0.2807892 -0.8274234 -0.4863414 -0.2615217 -0.8304756 -0.4918502 -0.0459919 -0.8980023 -0.4375806 -0.03048187 -0.899473 -0.435912 0.1054486 -0.9512855 -0.2897179 0.09576318 -0.9507703 -0.294729 0.1204824 -0.9848442 -0.1247631 0.1164017 -0.9847528 -0.1292771 0.03190154 -0.9993901 -0.01420348 -0.8260073 -0.5631615 -0.02368623 -0.63247 -0.6977755 -0.3362902 -0.6494575 -0.6912793 -0.3167616 -0.3974945 -0.78587 -0.4737155 -0.3775114 -0.7899433 -0.4831923 -0.120533 -0.8670442 -0.4834317 -0.1383725 -0.864862 -0.4825627 0.05230732 -0.9266834 -0.3721853 0.06486994 -0.9276011 -0.3678969 0.1350431 -0.9704018 -0.2002096 0.1284989 -0.9701545 -0.2056411 0.08859165 -0.9945285 -0.05535816 0.08676293 -0.9945086 -0.05852235 -0.7396283 -0.638725 -0.2120856 -0.7255177 -0.64657 -0.2357355 -0.4951926 -0.7456412 -0.4458738 -0.5148993 -0.7404121 -0.4320517 -0.2461798 -0.8274233 -0.5047438 -0.2265748 -0.8304756 -0.5088952 -0.0153551 -0.8980023 -0.4397229 0 -0.8994729 -0.4369766 0.1254016 -0.9512855 -0.2816564 0.1160893 -0.9507703 -0.2873309 0.1288919 -0.9848442 -0.1160548 0.125136 -0.9847528 -0.1208424 0.03281461 -0.9993901 -0.01194356 -0.7551137 -0.650772 -0.07936571 -0.8172264 -0.5733871 -0.05803767 -0.7979059 -0.5922593 -0.112138 -0.6257793 -0.6912792 -0.3612939 -0.607471 -0.6977754 -0.3795898 -0.3428859 -0.7899433 -0.5083491 -0.3634817 -0.78587 -0.5002893 -0.1043737 -0.864862 -0.4910395 -0.08651661 -0.8670442 -0.490662 0.09037539 -0.9276011 -0.3624755 0.07814222 -0.9266833 -0.36763 0.1486799 -0.9704017 -0.1903018 0.1425305 -0.9701545 -0.1961767 0.0922374 -0.9945285 -0.04904351 0.09063388 -0.9945086 -0.05232752 -0.7073063 -0.6465704 -0.28577 -0.7230325 -0.6387254 -0.2631616 -0.4835065 -0.7404122 -0.4669166 -0.462884 -0.7456413 -0.4793302 -0.1905242 -0.8304754 -0.5234606 -0.210371 -0.8274232 -0.5206869 0.0153551 -0.8980023 -0.4397229 0.03048187 -0.899473 -0.435912 0.1447433 -0.9512855 -0.2722228 0.1358496 -0.9507703 -0.2785331 0.1366735 -0.9848442 -0.1067811 0.1332606 -0.9847528 -0.1118191 0.03356781 -0.9993901 -0.009625434 -0.8001153 -0.583019 -0.1410824 -0.7881402 -0.5922589 -0.1675244 -0.5990525 -0.6912792 -0.4040657 -0.5795118 -0.6977757 -0.4210405 -0.3276975 -0.78587 -0.5244261 -0.3065899 -0.7899432 -0.5310296 -0.06986621 -0.8648622 -0.497124 -0.05207972 -0.8670442 -0.4955019 0.1035962 -0.9266833 -0.3612835 0.1154401 -0.9276011 -0.3552883 0.155868 -0.9701545 -0.1857562 0.1615927 -0.9704017 -0.1794668 0.09406331 -0.9945086 -0.0458777 0.09543385 -0.9945286 -0.04248987 -0.853196 -0.5213778 -0.01489297 -0.8781187 -0.4781972 -0.01532803 -0.685649 -0.6465703 -0.3344134 -0.7029137 -0.6387253 -0.3129574 -0.449758 -0.7404122 -0.4995073 -0.42832 -0.7456411 -0.510452 -0.1735378 -0.8274232 -0.5340931 -0.1535451 -0.8304756 -0.5354757 0.0459919 -0.8980023 -0.4375806 0.06081549 -0.8994729 -0.432724 0.1633803 -0.9512855 -0.2614628 0.1549483 -0.9507703 -0.2683781 0.1437892 -0.9848442 -0.09698708 0.1407362 -0.9847528 -0.1022508 0.03415749 -0.9993901 -0.007260353 -0.7883251 -0.5830189 -0.1965515 -0.7745341 -0.5922592 -0.2220947 -0.5487304 -0.6977755 -0.4604393 -0.5694065 -0.6912794 -0.4448698 -0.2688003 -0.7899433 -0.5511225 -0.2903175 -0.78587 -0.5460075 -0.01738762 -0.8670442 -0.4979278 -0.03501833 -0.864862 -0.5007868 0.1399427 -0.9276011 -0.3463701 0.1285461 -0.9266833 -0.3531769 0.173718 -0.9704018 -0.1677574 0.168446 -0.9701545 -0.174431 0.09816529 -0.9945285 -0.03572928 0.09703442 -0.9945085 -0.03920446 -0.8401656 -0.5350925 -0.08830503 -0.8541937 -0.5181759 -0.04297529 -0.8376303 -0.5430881 -0.0585731 -0.8897018 -0.4522831 -0.06221432 -0.6793705 -0.6387252 -0.3612282 -0.6606514 -0.6465701 -0.3814273 -0.4138188 -0.7404122 -0.5296639 -0.3916696 -0.7456412 -0.5390866 -0.1158183 -0.8304755 -0.5448821 -0.135858 -0.8274233 -0.5448975 0.09085257 -0.899473 -0.4274275 0.07640332 -0.8980023 -0.4333065 0.1732917 -0.9507703 -0.2569158 0.1812206 -0.9512855 -0.2494292 0.1502044 -0.9848443 -0.08672061 0.147526 -0.9847528 -0.09218451 0.02481484 -0.9950407 -0.09632327 0.03458074 -0.9993901 -0.004860013 -0.7571553 -0.5922591 -0.2755813 -0.7726938 -0.5830193 -0.2510635 -0.515275 -0.6977756 -0.497595 -0.5369875 -0.6912793 -0.4835052 -0.2297011 -0.7899433 -0.5685304 -0.2515226 -0.7858701 -0.5649289 0.01738762 -0.8670442 -0.4979278 0 -0.8648621 -0.5020095 0.1528689 -0.9266834 -0.3433498 0.1637632 -0.9276012 -0.3357645 0.1802033 -0.9701545 -0.1622559 0.1849969 -0.9704017 -0.155231 0.09953284 -0.9945086 -0.03234016 0.1004185 -0.9945285 -0.02879461 -0.8319588 -0.5350929 -0.1466973 -0.8431548 -0.5244504 -0.1184975 -0.6324354 -0.6465699 -0.4265827 -0.6525179 -0.638725 -0.4077386 -0.3758633 -0.7404121 -0.5572402 -0.3531102 -0.7456412 -0.5650951 -0.07752711 -0.8304754 -0.5516341 -0.09751674 -0.8274232 -0.5530474 0.1064434 -0.8980023 -0.4269212 0.1204469 -0.8994729 -0.4200488 0.1907914 -0.9507703 -0.2442016 0.1981788 -0.9512854 -0.2361802 0.1558879 -0.9848442 -0.07603153 0.1535971 -0.9847528 -0.08166904 0.07418635 -0.9899515 0.1203845 0.05942299 -0.9982243 -0.004155305 0.08503193 -0.9963604 -0.005946072 -0.7532986 -0.5830189 -0.304352 -0.736087 -0.5922592 -0.3277271 -0.4793092 -0.6977754 -0.5323271 -0.5019515 -0.6912792 -0.5197864 -0.2115025 -0.7858702 -0.5810979 -0.1894834 -0.7899434 -0.5831685 0.05207972 -0.8670442 -0.4955019 0.03501833 -0.864862 -0.5007868 0.1867863 -0.9276011 -0.323523 0.1764479 -0.9266833 -0.3318496 0.1953747 -0.9704016 -0.141948 0.1910829 -0.9701545 -0.1492902 0.1015463 -0.9945086 -0.0253183 0.1021825 -0.9945285 -0.02171943 -0.8328348 -0.5244508 -0.1770244 -0.8196991 -0.5350931 -0.2043739 -0.6011373 -0.6465701 -0.4696606 -0.6224863 -0.6387249 -0.4522626 -0.3128315 -0.7456412 -0.5883499 -0.3360765 -0.7404122 -0.5821016 -0.03885811 -0.8304754 -0.5556982 -0.05870115 -0.827423 -0.5585026 0.1359649 -0.8980022 -0.4184561 0.149455 -0.8994729 -0.4106236 0.2141711 -0.9512855 -0.2217806 0.2073612 -0.9507703 -0.230298 0.1608119 -0.9848443 -0.06497221 0.15892 -0.9847528 -0.07075555 -0.8750741 -0.4820579 -0.04319141 -0.9006478 -0.4337293 -0.02669388 -0.7114326 -0.5922592 -0.378276 -0.7302327 -0.5830191 -0.3561585 -0.4410084 -0.6977756 -0.564465 -0.4644706 -0.6912794 -0.5535341 -0.1704521 -0.7858701 -0.5944361 -0.1483414 -0.7899435 -0.5949657 0.06986621 -0.8648621 -0.497124 0.08651661 -0.8670442 -0.490662 0.1991661 -0.9266833 -0.3187332 0.2088987 -0.9276012 -0.3097054 0.2048006 -0.9704017 -0.1279737 0.2010314 -0.9701545 -0.1355972 0.1030651 -0.9945086 -0.01817315 0.09642109 -0.9938763 -0.05397046 0.1034487 -0.9945286 -0.01453879 -0.8034459 -0.5350932 -0.2610555 -0.8184573 -0.5244509 -0.2346889 -0.5894215 -0.6387253 -0.4945829 -0.5669115 -0.6465703 -0.510449 -0.2710281 -0.745641 -0.608739 -0.2946525 -0.7404121 -0.6041273 -0.01959925 -0.8274232 -0.5612367 0 -0.8304756 -0.5570549 0.1648234 -0.8980023 -0.4079524 0.1777341 -0.8994729 -0.3991981 0.2229208 -0.9507703 -0.2152722 0.2291199 -0.9512855 -0.2063007 0.1634684 -0.9847528 -0.05949774 0.1649524 -0.9848443 -0.05359624 -0.8813351 -0.4633227 -0.09263126 -0.9512069 -0.2919079 -0.09997503 -0.8712437 -0.4753332 -0.1224451 -0.6833125 -0.5922593 -0.4269813 -0.7036095 -0.5830191 -0.4062293 -0.4247262 -0.6912793 -0.5845858 -0.4005591 -0.6977755 -0.5938533 -0.1285707 -0.7858702 -0.6048782 -0.1064771 -0.7899435 -0.6038641 0.120533 -0.8670442 -0.4834317 0.1043737 -0.864862 -0.4910395 0.2299942 -0.9276011 -0.2943789 0.2209153 -0.9266833 -0.3040632 0.2100004 -0.9701545 -0.121244 0.2132287 -0.9704017 -0.1133757 0.1243278 -0.9921098 0.01614595 0.1735309 -0.9841417 -0.03677076 0.1173942 -0.9930087 -0.01233869 -0.8000926 -0.524451 -0.2912097 -0.7832786 -0.5350931 -0.3164647 -0.5299231 -0.64657 -0.548752 -0.5534849 -0.638725 -0.5344948 -0.2279045 -0.7456411 -0.6261621 -0.2517932 -0.740412 -0.6232096 0.0388581 -0.8304754 -0.5556982 0.01959925 -0.8274233 -0.5612367 0.2051484 -0.899473 -0.3858272 0.1928792 -0.8980022 -0.3954613 0.2429528 -0.9512855 -0.1898154 0.2373946 -0.9507703 -0.1991975 0.1682892 -0.9848443 -0.04195915 0.1672206 -0.9847528 -0.04794976 -0.8727263 -0.4633228 -0.1538854 -0.8605802 -0.4753328 -0.1829218 -0.6518633 -0.5922595 -0.4736063 -0.6735587 -0.5830194 -0.4543207 -0.3581583 -0.6977754 -0.6203484 -0.3829129 -0.6912792 -0.6127893 -0.06409493 -0.7899433 -0.6098208 -0.08606286 -0.7858702 -0.6123734 0.1383725 -0.864862 -0.4825627 0.1539622 -0.8670442 -0.473846 0.2499685 -0.9276012 -0.2776183 0.2415871 -0.9266834 -0.2879126 0.2179464 -0.9701545 -0.1062996 0.220618 -0.9704017 -0.09822523 -0.9214306 -0.3884159 -0.009937028 -0.7592949 -0.535093 -0.3703331 -0.7778299 -0.5244508 -0.3463123 -0.5148525 -0.6387252 -0.5718016 -0.4903537 -0.6465701 -0.5843803 -0.1836705 -0.7456412 -0.6405343 -0.2077073 -0.7404122 -0.6392554 0.05870115 -0.8274232 -0.5585026 0.07752711 -0.8304753 -0.5516341 0.2315619 -0.8994728 -0.3705774 0.2199956 -0.8980023 -0.3810431 0.2507114 -0.9507703 -0.1821527 0.2556018 -0.9512855 -0.1724053 0.170158 -0.9847528 -0.0361682 0.1708062 -0.9848443 -0.03011774 -0.8598661 -0.4633225 -0.2143889 -0.8457239 -0.4753326 -0.2425074 -0.6172385 -0.5922594 -0.5179241 -0.6402259 -0.5830194 -0.5001991 -0.3392348 -0.6912792 -0.6380069 -0.3140123 -0.6977757 -0.6438209 -0.04313704 -0.7858701 -0.6168853 -0.02140014 -0.7899433 -0.6128064 0.1716974 -0.864862 -0.4717346 0.1866407 -0.8670442 -0.461952 0.2610825 -0.9266833 -0.2703588 0.2687254 -0.9276011 -0.2595051 0.2248306 -0.9701545 -0.0908373 0.2269323 -0.9704017 -0.08259676 -0.9025121 -0.4260952 -0.06256726 -0.9019301 -0.4272522 -0.06306884 -0.9753839 -0.2097002 -0.06820522 -0.7517775 -0.5244508 -0.3997273 -0.7316121 -0.5350931 -0.4223967 -0.4737119 -0.6387252 -0.6063226 -0.4483944 -0.6465704 -0.6171622 -0.1626078 -0.7404119 -0.6521877 -0.1385414 -0.7456408 -0.6517868 0.09751673 -0.8274232 -0.5530473 0.1158183 -0.8304755 -0.5448821 0.2568488 -0.8994728 -0.3535213 0.2460399 -0.8980021 -0.3647691 0.2670053 -0.9512855 -0.1541559 0.262807 -0.9507703 -0.16422 0.1715173 -0.9848964 -0.02368383 0.172491 -0.9848442 -0.01812962 0.1722665 -0.9847528 -0.02421038 -0.8428166 -0.4633223 -0.2738478 -0.8267475 -0.4753324 -0.3009113 -0.6037741 -0.5830192 -0.5436409 -0.5796058 -0.5922593 -0.5597195 -0.2683371 -0.6977754 -0.6641572 -0.2939023 -0.6912793 -0.660117 0.02140014 -0.7899433 -0.6128064 0 -0.7858699 -0.6183918 0.2184101 -0.8670442 -0.4478074 0.2041857 -0.864862 -0.4586085 0.286173 -0.9276011 -0.2401275 0.2793059 -0.9266833 -0.251488 0.2321412 -0.9704017 -0.06656548 0.2306194 -0.9701545 -0.0749329 -0.9076174 -0.3999494 -0.1275577 -0.8967828 -0.4132513 -0.1581272 -0.7003654 -0.535093 -0.4724021 -0.7220626 -0.524451 -0.4511949 -0.430262 -0.6387253 -0.6378908 -0.404251 -0.6465701 -0.6469375 -0.1167185 -0.7404119 -0.6619418 -0.09273703 -0.7456412 -0.6598629 0.1535451 -0.8304756 -0.5354757 0.135858 -0.8274233 -0.5448975 0.280883 -0.8994729 -0.3347436 0.2708853 -0.8980022 -0.3467176 0.2771085 -0.9512855 -0.1351548 0.2736224 -0.9507703 -0.1454874 0.2224588 -0.9746583 0.02352082 0.1956933 -0.9805697 -0.01368423 0.2294818 -0.9731807 -0.01604697 -0.8037429 -0.4753328 -0.3578494 -0.8216611 -0.4633223 -0.3319721 -0.5643808 -0.5830194 -0.5844336 -0.5391502 -0.5922594 -0.598787 -0.2213545 -0.6977754 -0.6812573 -0.2471401 -0.6912792 -0.6790102 0.06409493 -0.7899433 -0.6098208 0.04313704 -0.78587 -0.6168853 0.2356795 -0.864862 -0.4432481 0.2491159 -0.8670442 -0.4314809 0.2961681 -0.9266834 -0.2313922 0.3022261 -0.9276011 -0.2195804 0.2362191 -0.9704017 -0.05020991 0.2352846 -0.9701545 -0.05866312 -0.8835674 -0.413252 -0.2202983 -0.8965087 -0.3999498 -0.190558 -0.6888301 -0.5244507 -0.5004643 -0.6657062 -0.5350929 -0.5201064 -0.3847174 -0.6387253 -0.6663502 -0.3581389 -0.6465701 -0.6735603 -0.07025902 -0.7404123 -0.6684709 -0.0464823 -0.7456412 -0.6647245 0.1735378 -0.8274232 -0.5340931 0.1905242 -0.8304754 -0.5234606 0.3035495 -0.8994728 -0.3143346 0.2944114 -0.8980022 -0.326977 0.2831044 -0.9507703 -0.1260464 0.2858613 -0.9512855 -0.1154953 -0.9333181 -0.355487 -0.05046144 -0.9390391 -0.3417825 -0.03728581 -0.9551326 -0.2946189 -0.03035662 -0.7768226 -0.4753329 -0.413044 -0.7965021 -0.4633226 -0.3884799 -0.4960683 -0.592259 -0.6349374 -0.522238 -0.5830193 -0.6223794 -0.1732919 -0.6977753 -0.6950393 -0.1991718 -0.6912789 -0.6945963 0.1064771 -0.7899435 -0.6038641 0.08606286 -0.7858702 -0.6123734 0.2786075 -0.8670442 -0.4130524 0.2660245 -0.8648621 -0.4257283 0.3168072 -0.9276011 -0.1979631 0.311588 -0.9266833 -0.2101687 0.2391462 -0.9704017 -0.03360967 0.2389152 -0.9704255 -0.03455287 0.2388037 -0.9701545 -0.04210746 -0.8810318 -0.3999503 -0.2526319 -0.8660479 -0.4132521 -0.2813962 -0.6278036 -0.5350928 -0.5652772 -0.6522415 -0.5244505 -0.5472958 -0.3372985 -0.638725 -0.6915634 -0.3102802 -0.6465704 -0.6969023 -0.02345758 -0.7404121 -0.6717438 0 -0.745641 -0.6663478 0.2103711 -0.8274232 -0.5206869 0.2265748 -0.8304756 -0.5088952 0.316503 -0.8980022 -0.3056433 0.3247369 -0.8994729 -0.2923943 0.2912075 -0.9507704 -0.1059906 0.2932215 -0.9512855 -0.09527361 -0.9787834 -0.1771997 -0.1028749 -0.9279526 -0.3491358 -0.1304156 -0.9371768 -0.3346597 -0.09850187 -0.7461179 -0.4753326 -0.4662263 -0.7674626 -0.4633226 -0.4430952 -0.4775514 -0.5830188 -0.6572927 -0.4505677 -0.5922592 -0.6679953 -0.1243874 -0.6977754 -0.7054341 -0.1502343 -0.6912792 -0.7067975 0.1285707 -0.7858702 -0.6048782 0.1483414 -0.7899434 -0.5949657 0.3067418 -0.8670442 -0.3926117 0.2950739 -0.864862 -0.4061342 0.3254897 -0.9266834 -0.1879215 0.3298448 -0.9276011 -0.1753814 0.2708354 -0.9626066 0.006059218 0.2502261 -0.9678302 -0.02629982 -0.8612627 -0.39995 -0.3134748 -0.8443096 -0.4132514 -0.3411227 -0.6124753 -0.5244506 -0.5914606 -0.5868426 -0.5350929 -0.6076935 -0.2882348 -0.6387255 -0.7134077 -0.2609122 -0.6465701 -0.7168486 0.02345758 -0.740412 -0.6717438 0.0464823 -0.7456412 -0.6647245 0.2615217 -0.8304756 -0.4918502 0.2461798 -0.8274233 -0.5047438 0.3370526 -0.8980022 -0.2828206 0.3443421 -0.8994728 -0.2690299 0.2978917 -0.9507703 -0.08541902 0.2991533 -0.9512855 -0.07458738 -0.9280227 -0.3346597 -0.1636355 -0.916595 -0.3491355 -0.1948275 -0.7117781 -0.4753328 -0.5171371 -0.7346847 -0.4633225 -0.4955508 -0.4305375 -0.5830195 -0.6890035 -0.4028736 -0.5922596 -0.6977975 -0.1005654 -0.6912792 -0.7155555 -0.07487534 -0.6977756 -0.7123923 0.1894834 -0.7899434 -0.5831685 0.1704521 -0.7858701 -0.5944361 0.3333818 -0.8670442 -0.3702581 0.3226855 -0.864862 -0.3845617 0.3412752 -0.9276011 -0.1519457 0.3378056 -0.9266834 -0.1647586 -0.9690455 -0.2467495 -0.008103655 -0.8372985 -0.3999495 -0.372789 -0.8184572 -0.4132514 -0.3991881 -0.5430225 -0.5350929 -0.6471493 -0.5697251 -0.5244506 -0.632744 -0.2102707 -0.6465703 -0.7333028 -0.237769 -0.638725 -0.731776 0.09273703 -0.7456412 -0.6598629 0.07025902 -0.7404122 -0.6684709 0.2951941 -0.8304757 -0.4724094 0.2807893 -0.8274234 -0.4863414 0.3622701 -0.8994728 -0.2443541 0.3559602 -0.8980022 -0.2586202 0.3036274 -0.9512855 -0.05353762 0.3031245 -0.9507703 -0.06443141 -0.9143478 -0.3346591 -0.2279723 -0.9007717 -0.3491355 -0.2582922 -0.6983269 -0.4633225 -0.5455931 -0.6739706 -0.4753326 -0.5655286 -0.3532169 -0.5922593 -0.7242007 -0.3814258 -0.5830195 -0.7173581 -0.05040492 -0.6912794 -0.7208275 -0.02499884 -0.6977756 -0.71588 0.2297011 -0.7899434 -0.5685304 0.2115025 -0.7858702 -0.5810979 0.3583977 -0.8670442 -0.3461006 0.3487251 -0.864862 -0.3611155 0.3510431 -0.9276011 -0.127769 0.3484756 -0.9266833 -0.1407935 -0.9519398 -0.2996665 -0.0633292 -0.9869834 -0.14526 -0.06901672 -0.9484589 -0.3098822 -0.06632283 -0.7886171 -0.4132517 -0.4553088 -0.8092543 -0.3999496 -0.430288 -0.496557 -0.5350934 -0.6834517 -0.5241997 -0.5244509 -0.6709441 -0.1861426 -0.6387253 -0.7465794 -0.1586062 -0.6465702 -0.7461843 0.1385414 -0.7456408 -0.6517867 0.1167185 -0.7404119 -0.6619418 0.3140309 -0.8274234 -0.4655698 0.3274288 -0.8304757 -0.4506669 0.3731333 -0.8980021 -0.2331599 0.3784328 -0.8994729 -0.2184882 0.3068806 -0.9507703 -0.04312897 0.3062619 -0.9513494 -0.03373304 0.3066224 -0.9512854 -0.03222731 -0.8962178 -0.3346594 -0.2911988 -0.8805595 -0.3491358 -0.3204982 -0.6585675 -0.4633226 -0.5929764 -0.6328794 -0.4753329 -0.6111647 -0.3304568 -0.5830192 -0.7422176 -0.3018377 -0.5922595 -0.7470761 0 -0.6912794 -0.7225875 0.02499884 -0.6977756 -0.71588 0.2515226 -0.7858701 -0.5649289 0.2688003 -0.7899433 -0.5511225 0.3816674 -0.8670442 -0.3202568 0.3730658 -0.864862 -0.3359101 0.3574478 -0.9266834 -0.116142 0.3591006 -0.9276011 -0.1029704 -0.9541022 -0.2677855 -0.1340896 -0.944467 -0.2832812 -0.166535 -0.7549356 -0.4132519 -0.5092102 -0.7772675 -0.3999501 -0.4856904 -0.4476725 -0.5350929 -0.7164251 -0.4761193 -0.5244509 -0.7058765 -0.1061695 -0.6465705 -0.7554301 -0.1336116 -0.6387255 -0.7577451 0.1836705 -0.7456412 -0.6405343 0.1626078 -0.740412 -0.6521876 0.358068 -0.8304756 -0.4267289 0.3457425 -0.8274234 -0.44253 0.3927519 -0.899473 -0.1915577 0.3884889 -0.8980023 -0.2065632 0.3184821 -0.9479125 -0.005559053 0.3653332 -0.930855 -0.006376811 0.3146607 -0.9489491 -0.02200324 0.3695357 -0.9288572 -0.02584051 -0.8560581 -0.349136 -0.3811412 -0.8737214 -0.33466 -0.3530065 -0.588705 -0.475333 -0.6538234 -0.615599 -0.4633227 -0.6374714 -0.2489903 -0.5922591 -0.7663113 -0.2778765 -0.5830194 -0.7634612 0.07487534 -0.6977756 -0.7123923 0.05040492 -0.6912794 -0.7208275 0.3065899 -0.7899432 -0.5310296 0.2903175 -0.78587 -0.5460075 0.4030775 -0.8670443 -0.2928528 0.3955887 -0.8648621 -0.3090681 0.3646788 -0.9266834 -0.09092452 0.3654086 -0.9276011 -0.07767039 -0.9305497 -0.2832805 -0.2320119 -0.9424241 -0.2677855 -0.2003191 -0.7414939 -0.3999499 -0.538727 -0.7175756 -0.4132518 -0.5606319 -0.4257206 -0.5244506 -0.7373694 -0.3966062 -0.535093 -0.7459081 -0.0532138 -0.6465699 -0.7609965 -0.08042712 -0.6387251 -0.7652201 0.2279045 -0.7456411 -0.6261621 0.2077073 -0.7404121 -0.6392554 0.3869629 -0.8304756 -0.400712 0.3757696 -0.8274233 -0.4173343 0.4019516 -0.8980023 -0.1789603 0.4051575 -0.8994729 -0.1636945 -0.9733491 -0.2231731 -0.05277573 -0.9795987 -0.1980308 -0.03420825 -0.9882419 -0.1489526 -0.03451008 -0.8469687 -0.3346596 -0.4130942 -0.8273857 -0.3491358 -0.4399286 -0.5696316 -0.4633228 -0.6788607 -0.5416632 -0.4753328 -0.6932963 -0.1949274 -0.5922595 -0.7818133 -0.2239445 -0.583019 -0.7809851 0.1005654 -0.6912792 -0.7155555 0.1243874 -0.6977753 -0.7054341 0.3428859 -0.7899433 -0.5083491 0.3276975 -0.78587 -0.5244261 0.422524 -0.8670442 -0.2640226 0.4161848 -0.8648621 -0.2807199 0.3701332 -0.9266833 -0.06526434 0.3699367 -0.9276011 -0.05199087 -0.9261553 -0.2677853 -0.2655699 -0.9120983 -0.2832811 -0.2963587 -0.7021078 -0.39995 -0.5891389 -0.6767206 -0.4132515 -0.6093214 -0.3436085 -0.5350929 -0.7717568 -0.373247 -0.5244508 -0.7652699 -0.02685291 -0.638725 -0.7689664 0 -0.6465701 -0.7628546 0.2517932 -0.740412 -0.6232096 0.2710281 -0.745641 -0.608739 0.4139725 -0.8304756 -0.3727427 0.4039658 -0.8274233 -0.3901056 0.4155895 -0.8994728 -0.1350334 0.4134564 -0.8980022 -0.1504855 -0.9744959 -0.1996671 -0.1024241 -0.966893 -0.2159923 -0.1358873 -0.7946823 -0.3491361 -0.4965723 -0.8160897 -0.3346597 -0.471169 -0.4919811 -0.4753324 -0.7293926 -0.5208891 -0.4633223 -0.7169428 -0.1399173 -0.5922591 -0.7935063 -0.1689191 -0.5830195 -0.7947041 0.1732919 -0.6977753 -0.6950393 0.1502343 -0.6912792 -0.7067974 0.3775114 -0.7899433 -0.4831923 0.3634817 -0.78587 -0.5002893 0.4399122 -0.8670442 -0.2339055 0.4347531 -0.864862 -0.2510048 0.4112845 -0.911499 -0.003845364 0.3731335 -0.927242 -0.03152313 0.4466839 -0.8934592 -0.04694847 0.3737841 -0.9266834 -0.03928636 -0.8892035 -0.2832811 -0.3592616 -0.9053736 -0.2677857 -0.3295291 -0.6325676 -0.4132517 -0.6550429 -0.6593019 -0.3999497 -0.6366798 -0.2889356 -0.5350932 -0.793846 -0.3189555 -0.5244507 -0.7894421 0.02685291 -0.638725 -0.7689664 0.0532138 -0.64657 -0.7609965 0.2946525 -0.7404121 -0.6041273 0.3128315 -0.7456412 -0.5883499 0.4301942 -0.8274233 -0.360976 0.4389652 -0.8304756 -0.3429575 0.4239966 -0.8994729 -0.1057141 0.4229464 -0.8980021 -0.1212782 -0.9550583 -0.2159925 -0.2030046 -0.9649777 -0.1996663 -0.1701514 -0.7581072 -0.3491355 -0.5507973 -0.7812342 -0.3346595 -0.5269498 -0.4399032 -0.4753327 -0.7619344 -0.4696092 -0.4633225 -0.7515314 -0.1130725 -0.5830189 -0.8045518 -0.08422275 -0.5922593 -0.8013335 0.2213545 -0.6977754 -0.6812573 0.1991718 -0.6912789 -0.6945963 0.3974945 -0.78587 -0.4737155 0.4102975 -0.7899433 -0.4556814 0.455157 -0.8670441 -0.2026489 0.4512033 -0.864862 -0.2200666 -0.9949924 -0.09956495 -0.008770892 -0.8619769 -0.2832805 -0.4204141 -0.8801813 -0.2677854 -0.3918827 -0.5853333 -0.4132513 -0.6975731 -0.6132827 -0.3999497 -0.6811202 -0.2631095 -0.5244512 -0.8097681 -0.2328572 -0.5350931 -0.812067 0.08042711 -0.6387251 -0.76522 0.1061695 -0.6465705 -0.7554301 0.3360765 -0.7404122 -0.5821016 0.3531102 -0.7456412 -0.5650951 0.4543268 -0.8274233 -0.3300878 0.4618197 -0.8304756 -0.311501 0.4303761 -0.8980023 -0.09147928 0.4303379 -0.8994729 -0.07588003 -0.9385715 -0.215992 -0.2691302 -0.9507576 -0.1996668 -0.237051 -0.7178386 -0.3491359 -0.6023386 -0.7425734 -0.3346595 -0.5801618 -0.3856816 -0.4753326 -0.7907646 -0.4160408 -0.4633224 -0.7824592 -0.02812019 -0.5922594 -0.8052565 -0.05667414 -0.5830194 -0.810479 0.2683371 -0.6977754 -0.6641572 0.2471401 -0.6912792 -0.6790102 0.4410846 -0.7899433 -0.4259508 0.429571 -0.7858701 -0.4448336 0.4654551 -0.864862 -0.1880563 0.4681843 -0.8670442 -0.1704048 -0.9836311 -0.1475862 -0.1033843 -0.9909707 -0.1228982 -0.05360015 -0.9769316 -0.2023313 -0.06831358 -0.9971502 -0.02880262 -0.06972739 -0.8507012 -0.2677852 -0.4523255 -0.8305508 -0.2832805 -0.4795181 -0.5352468 -0.4132519 -0.7367045 -0.564277 -0.3999498 -0.7222407 -0.175642 -0.5350927 -0.8263327 -0.2059816 -0.5244504 -0.8261497 0.1586062 -0.6465702 -0.7461843 0.1336116 -0.6387255 -0.7577451 0.3916696 -0.7456412 -0.5390866 0.3758633 -0.7404121 -0.5572402 0.4762459 -0.8274233 -0.2975912 0.4824239 -0.8304756 -0.2785275 0.435709 -0.8980022 -0.06123475 0.4340296 -0.9000745 -0.0385252 -0.9319061 -0.1996658 -0.3027945 -0.9175113 -0.2159918 -0.3339469 -0.6740735 -0.3491359 -0.6509447 -0.7002943 -0.3346599 -0.6305479 -0.3604458 -0.4633223 -0.8095747 -0.3295814 -0.4753324 -0.8157421 0 -0.5830194 -0.8124582 0.02812019 -0.5922595 -0.8052564 0.2939023 -0.6912793 -0.660117 0.3140123 -0.6977757 -0.6438209 0.469723 -0.7899433 -0.3941445 0.4595544 -0.78587 -0.413785 0.4774395 -0.8648621 -0.1551292 0.4789306 -0.8670442 -0.1373314 -0.9740234 -0.1475856 -0.1717464 -0.9817805 -0.1306463 -0.137981 -0.8170766 -0.2677851 -0.5105655 -0.7950774 -0.2832809 -0.5362871 -0.5125209 -0.3999503 -0.7598434 -0.4825535 -0.413252 -0.7722467 -0.1478513 -0.5244506 -0.8385056 -0.1175726 -0.5350929 -0.8365718 0.2102707 -0.6465703 -0.7333028 0.1861426 -0.6387253 -0.7465793 0.4138188 -0.7404121 -0.5296639 0.42832 -0.7456411 -0.510452 0.4958445 -0.8274233 -0.2636454 0.5006777 -0.8304757 -0.2441968 0.4562066 -0.889864 0.004178488 0.443012 -0.8959804 -0.03097848 0.5119671 -0.8582587 -0.03580032 -0.9085142 -0.1996661 -0.3670633 -0.891981 -0.2159923 -0.3971363 -0.6546038 -0.3346595 -0.677862 -0.6270232 -0.3491359 -0.6963806 -0.3030947 -0.463322 -0.8327463 -0.2718751 -0.4753322 -0.8367456 0.05667414 -0.5830194 -0.810479 0.08422275 -0.5922593 -0.8013335 0.3581583 -0.6977754 -0.6203484 0.3392348 -0.6912792 -0.6380069 0.4872993 -0.78587 -0.3807199 0.496073 -0.7899433 -0.3604181 0.4873438 -0.8670442 -0.1035881 0.4870978 -0.864862 -0.1214472 -0.9596702 -0.1475859 -0.2392732 -0.9697641 -0.1306458 -0.2061296 -0.7557315 -0.283281 -0.5904421 -0.7794704 -0.2677857 -0.5663185 -0.4275086 -0.4132518 -0.804027 -0.4582683 -0.39995 -0.7937444 -0.0589297 -0.5350932 -0.8427352 -0.08900024 -0.5244507 -0.8467765 0.2609122 -0.6465701 -0.7168486 0.237769 -0.638725 -0.731776 0.449758 -0.7404122 -0.4995073 0.462884 -0.7456412 -0.4793303 0.5164924 -0.8304756 -0.2086768 0.5130277 -0.8274233 -0.2284146 -0.9982453 -0.04981943 -0.03200721 -0.9992325 -4.348732e-18 -0.03916988 -0.8806959 -0.199667 -0.4295437 -0.8621057 -0.2159929 -0.4583894 -0.5769196 -0.3491358 -0.7384225 -0.6057237 -0.3346599 -0.7218737 -0.2128438 -0.4753325 -0.8536724 -0.2442671 -0.463322 -0.8518605 0.1130725 -0.5830189 -0.8045518 0.1399173 -0.5922591 -0.7935063 0.4005591 -0.6977755 -0.5938533 0.3829129 -0.6912792 -0.6127893 0.5126697 -0.7858701 -0.3458005 0.5200059 -0.7899434 -0.3249355 0.4933826 -0.8670442 -0.06934024 0.494383 -0.864862 -0.08717305 -0.9406416 -0.1475867 -0.3056328 -0.953023 -0.1306467 -0.2732742 -0.7127035 -0.2832802 -0.6417211 -0.738067 -0.2677852 -0.6193127 -0.4017832 -0.3999499 -0.823778 -0.3703811 -0.4132517 -0.8318899 -0.02971481 -0.5244509 -0.850922 0 -0.5350932 -0.8447931 0.2882348 -0.6387254 -0.7134077 0.3102802 -0.6465704 -0.6969023 0.4835066 -0.7404122 -0.4669166 0.4951927 -0.7456411 -0.4458738 0.5277116 -0.8274233 -0.1920711 0.529791 -0.8304755 -0.1721392 -0.9969455 -0.04176198 -0.06599665 -0.9872209 -0.07838611 -0.1387456 -0.9793379 -0.1740749 -0.1029326 -0.8280303 -0.215992 -0.5174102 -0.8485867 -0.1996666 -0.4899324 -0.5538929 -0.3346592 -0.7623686 -0.5240043 -0.3491353 -0.7768682 -0.1842494 -0.4633226 -0.8668243 -0.1527769 -0.4753328 -0.8664398 0.1689191 -0.5830195 -0.7947041 0.1949274 -0.5922595 -0.7818133 0.4247262 -0.6912793 -0.5845857 0.4410084 -0.6977756 -0.564465 0.5414055 -0.7899435 -0.2878707 0.5355428 -0.7858703 -0.3091957 0.4998372 -0.8657432 -0.02552331 0.5424966 -0.8399484 -0.01356353 0.4965691 -0.8674307 -0.03135431 0.5767452 -0.8146719 -0.06061851 0.4992595 -0.864862 -0.05247442 -0.9316385 -0.1306467 -0.339089 -0.9170305 -0.1475862 -0.3705042 -0.6930692 -0.2677853 -0.6692878 -0.6662031 -0.2832811 -0.6898734 -0.3114491 -0.4132519 -0.8556999 -0.3433409 -0.39995 -0.8497983 0.0589297 -0.5350932 -0.8427352 0.02971481 -0.524451 -0.850922 0.3581389 -0.6465701 -0.6735603 0.3372985 -0.638725 -0.6915634 0.5250893 -0.7456411 -0.4102447 0.5148993 -0.740412 -0.4320517 0.5405081 -0.8304756 -0.1347638 0.5398241 -0.8274233 -0.1547923 -0.975138 -0.07838586 -0.2072719 -0.9829695 -0.06106947 -0.1733246 -0.7899202 -0.2159919 -0.5739108 -0.8123441 -0.199666 -0.5479329 -0.4685359 -0.3491358 -0.8115284 -0.4993642 -0.3346592 -0.7991487 -0.1233338 -0.4633226 -0.8775653 -0.09196524 -0.4753326 -0.8749865 0.2489902 -0.5922591 -0.7663113 0.2239445 -0.5830191 -0.7809851 0.4793092 -0.6977754 -0.5323271 0.4644706 -0.6912794 -0.5535341 0.5601678 -0.7899432 -0.2494028 0.5558071 -0.78587 -0.2710845 -0.9986882 0.04984154 -0.01172893 -0.9057155 -0.1306463 -0.4032506 -0.8889517 -0.1475858 -0.4335703 -0.6446927 -0.2677855 -0.7160044 -0.616457 -0.2832807 -0.7346651 -0.251 -0.4132518 -0.875341 -0.2832253 -0.3999501 -0.8716785 0.1175726 -0.5350929 -0.8365718 0.08900024 -0.5244507 -0.8467765 0.404251 -0.6465701 -0.6469375 0.3847174 -0.6387253 -0.6663502 0.5437831 -0.7404121 -0.3950821 0.5524271 -0.7456412 -0.3726172 0.5485923 -0.8304754 -0.0967316 0.5493071 -0.8274232 -0.1167583 -0.9684848 -0.06106933 -0.2414699 -0.9583042 -0.07838587 -0.2747886 -0.7479615 -0.2159923 -0.6276152 -0.7721434 -0.1996662 -0.6032646 -0.4424011 -0.3346595 -0.8320363 -0.4107853 -0.3491356 -0.842235 -0.06181734 -0.4633222 -0.8840312 -0.03070475 -0.4753323 -0.8792704 0.2778765 -0.5830194 -0.7634612 0.3018377 -0.5922595 -0.7470761 0.5019515 -0.6912792 -0.5197864 0.5152751 -0.6977756 -0.4975951 0.5762006 -0.7899435 -0.2097196 0.5733626 -0.78587 -0.2316541 -0.9860473 -0.1515142 -0.06895112 -0.9984224 0.01681777 -0.05357153 -0.9925532 0.1001043 -0.06940606 -0.9944841 -0.008721733 -0.1045245 -0.8753798 -0.1306458 -0.4654479 -0.8565416 -0.1475858 -0.4945251 -0.5637075 -0.283281 -0.7758773 -0.5931768 -0.2677854 -0.7592314 -0.2217304 -0.3999501 -0.8893118 -0.1893281 -0.4132518 -0.8907175 0.175642 -0.5350927 -0.8263327 0.1478513 -0.5244505 -0.8385056 0.4302619 -0.6387253 -0.6378908 0.4483944 -0.6465704 -0.6171622 0.5700183 -0.7404121 -0.3561868 0.5770742 -0.7456411 -0.3331738 0.5521744 -0.832647 -0.04245698 0.5561137 -0.8274232 -0.07815681 -0.9368013 -0.07838531 -0.3409681 -0.9492813 -0.06106863 -0.3084406 -0.7023606 -0.2159919 -0.6782604 -0.7281805 -0.1996667 -0.6556571 -0.3510334 -0.3491362 -0.868838 -0.3832844 -0.3346598 -0.8608693 0.03070475 -0.4753323 -0.8792703 0 -0.4633221 -0.8861899 0.3532169 -0.5922593 -0.7242007 0.3304568 -0.5830191 -0.7422176 0.5487304 -0.6977755 -0.4604393 0.5369875 -0.6912793 -0.4835052 0.5894262 -0.7899435 -0.1690155 0.5881253 -0.7858701 -0.1910934 -0.9847702 -0.00872219 -0.1736421 -0.9902304 0.008721934 -0.1391677 -0.819959 -0.1475861 -0.5530692 -0.8407796 -0.1306463 -0.5253772 -0.5082127 -0.2832804 -0.8133093 -0.53877 -0.2677855 -0.7987601 -0.1591551 -0.39995 -0.9026127 -0.1267334 -0.4132518 -0.9017547 0.2328572 -0.5350931 -0.812067 0.2059816 -0.5244504 -0.8261497 0.4737119 -0.6387252 -0.6063226 0.4903537 -0.6465701 -0.5843803 0.5989096 -0.7456412 -0.292107 0.5934761 -0.7404121 -0.3155568 0.5586263 -0.8284991 -0.03906332 0.583738 -0.8119304 0.004357848 0.6218778 -0.781906 -0.04348633 -0.9107345 -0.07838617 -0.4054852 -0.9254535 -0.0610691 -0.3739068 -0.6533356 -0.2159915 -0.7256034 -0.6806707 -0.1996655 -0.7048554 -0.289571 -0.3491363 -0.8912084 -0.322299 -0.33466 -0.8855088 0.06181734 -0.4633221 -0.8840312 0.09196524 -0.4753326 -0.8749865 0.4028736 -0.5922596 -0.6977975 0.3814258 -0.5830195 -0.7173581 0.5694065 -0.6912794 -0.4448698 0.5795118 -0.6977757 -0.4210405 0.600023 -0.78587 -0.1496021 0.5997806 -0.7899433 -0.1274868 -0.9702589 -0.008721765 -0.2419123 -0.9781103 0.00872155 -0.2079043 -0.8020829 -0.1306462 -0.5827475 -0.7793815 -0.147586 -0.6089196 -0.4502402 -0.2832809 -0.8467796 -0.4817398 -0.267785 -0.8343968 -0.06352127 -0.413252 -0.9083984 -0.09580439 -0.39995 -0.911516 0.2889356 -0.5350932 -0.793846 0.2631095 -0.5244512 -0.8097681 0.5148525 -0.6387252 -0.5718016 0.5299231 -0.6465701 -0.5487519 0.6178266 -0.7456412 -0.2496188 0.6140423 -0.7404124 -0.2733893 -0.9945698 0.09952267 -0.03043169 -0.8971163 -0.06106937 -0.4375531 -0.8802308 -0.07838605 -0.4680272 -0.6011289 -0.2159923 -0.7694097 -0.6298449 -0.1996662 -0.7506189 -0.2597438 -0.3346602 -0.9058343 -0.2266983 -0.3491364 -0.9092368 0.1233338 -0.4633226 -0.8775653 0.1527769 -0.4753328 -0.8664398 0.4305375 -0.5830195 -0.6890035 0.4505677 -0.5922592 -0.6679953 0.607471 -0.6977754 -0.3795898 0.5990525 -0.6912792 -0.4040657 0.6072124 -0.7899433 -0.08533828 0.6089969 -0.7858701 -0.1073825 -0.9510202 -0.008721903 -0.3090056 -0.9612251 0.008722126 -0.2756267 -0.7594789 -0.1306464 -0.637278 -0.7350065 -0.1475865 -0.6618032 -0.3900761 -0.2832806 -0.8761237 -0.4223609 -0.2677856 -0.865969 0 -0.4132518 -0.9106168 -0.03198642 -0.3999501 -0.9159786 0.3189555 -0.5244507 -0.7894421 0.3436085 -0.5350929 -0.7717568 0.5669115 -0.6465703 -0.5104489 0.5534849 -0.638725 -0.5344948 0.6316176 -0.740412 -0.2298896 0.6337346 -0.745641 -0.2059128 -0.9918829 -0.07280008 -0.1042518 -0.9884198 0.06106959 -0.1389132 -0.9930333 0.09626377 -0.06795686 -0.8454388 -0.07838623 -0.5282886 -0.864409 -0.06106953 -0.4990665 -0.5759494 -0.1996664 -0.7927266 -0.5459929 -0.2159923 -0.8094684 -0.162721 -0.3491356 -0.922836 -0.1959225 -0.3346598 -0.9217469 0.2128438 -0.4753325 -0.8536724 0.1842494 -0.4633226 -0.8668243 0.4775514 -0.5830188 -0.6572927 0.4960683 -0.592259 -0.6349374 0.6257794 -0.6912792 -0.3612939 0.63247 -0.6977755 -0.3362902 0.6233419 -0.7816464 -0.02176771 0.6615092 -0.7495812 -0.02310053 0.6150039 -0.7858701 -0.06463983 0.610981 -0.7907149 -0.03837024 -0.9271488 -0.008721623 -0.3745917 -0.9396569 0.00872174 -0.3420072 -0.713174 -0.1306466 -0.6887049 -0.6870512 -0.1475862 -0.7114626 -0.3609253 -0.2677848 -0.893322 -0.3280101 -0.2832801 -0.9012001 0.06352127 -0.413252 -0.9083984 0.03198642 -0.3999501 -0.9159786 0.3966062 -0.535093 -0.7459081 0.373247 -0.5244508 -0.7652699 0.5894215 -0.6387253 -0.494583 0.6011373 -0.6465701 -0.4696606 0.6461149 -0.7404121 -0.1852712 0.6465542 -0.7456414 -0.1612036 -0.9817775 0.07838629 -0.1731138 -0.9763218 0.06106927 -0.2075241 -0.8274899 -0.06106917 -0.5581496 -0.8065277 -0.07838568 -0.5859768 -0.488198 -0.2159924 -0.8455827 -0.5192488 -0.1996668 -0.8309716 -0.131149 -0.3346597 -0.9331681 -0.0979509 -0.3491362 -0.9319386 0.244267 -0.463322 -0.8518605 0.2718751 -0.4753322 -0.8367456 0.5391502 -0.5922594 -0.598787 0.522238 -0.5830193 -0.6223794 0.6543877 -0.6977755 -0.2913522 0.6494575 -0.6912793 -0.3167616 -0.9800289 0.1981178 -0.01710664 -0.9886837 0.1490192 -0.01725772 -0.8987597 -0.008721386 -0.4383547 -0.9135107 0.008722492 -0.4067212 -0.6357491 -0.1475859 -0.7576553 -0.6633955 -0.1306465 -0.7367755 -0.2643465 -0.2832801 -0.9218857 -0.2977314 -0.2677847 -0.9163227 0.09580439 -0.39995 -0.911516 0.1267334 -0.4132518 -0.9017547 0.4257206 -0.5244506 -0.7373694 0.4476725 -0.5350929 -0.7164251 0.6324354 -0.6465699 -0.4265827 0.6224863 -0.6387249 -0.4522626 0.6562244 -0.7456412 -0.11571 0.657465 -0.7404123 -0.1397478 -0.9594676 0.06106877 -0.2751228 -0.9673104 0.07838555 -0.2411772 -0.7636877 -0.07838547 -0.6408095 -0.7865399 -0.06106901 -0.6145124 -0.4280232 -0.2159921 -0.8775783 -0.4600181 -0.1996662 -0.8651686 -0.03270308 -0.3491358 -0.9365013 -0.06573381 -0.3346596 -0.9400436 0.3030947 -0.4633221 -0.8327463 0.3295814 -0.4753324 -0.8157421 0.5796058 -0.5922593 -0.5597195 0.5643809 -0.5830194 -0.5844336 0.6699718 -0.6912792 -0.2706859 0.6731175 -0.6977755 -0.2449943 -0.9862921 0.1581283 -0.04715438 -0.9911588 0.1131382 -0.06930929 -0.9859977 0.1306468 -0.1036332 -0.9703538 0.2319686 -0.06785445 -0.8829142 0.00872208 -0.4694534 -0.8659925 -0.008721784 -0.4999808 -0.5813484 -0.1475863 -0.8001577 -0.6103852 -0.1306461 -0.7812563 -0.1993942 -0.2832804 -0.93808 -0.2330865 -0.2677847 -0.9348593 0.1591551 -0.39995 -0.9026127 0.1893281 -0.4132518 -0.8907175 0.4761193 -0.5244508 -0.7058765 0.496557 -0.5350933 -0.6834517 0.6606514 -0.6465701 -0.3814273 0.6525179 -0.638725 -0.4077386 0.6656119 -0.7404121 -0.09354561 0.6726012 -0.7388906 -0.04060227 0.6626974 -0.7456411 -0.06965264 -0.9481302 0.07838567 -0.3080665 -0.9379387 0.06106905 -0.3413819 -0.741758 -0.06106875 -0.6678815 -0.7171261 -0.07838592 -0.6925214 -0.3985464 -0.1996663 -0.8951504 -0.3657639 -0.2159921 -0.9052978 0 -0.3346597 -0.9423391 0.03270308 -0.3491358 -0.9365013 0.3604458 -0.4633223 -0.8095747 0.3856816 -0.4753326 -0.7907646 0.6037741 -0.5830192 -0.5436409 0.6172385 -0.5922594 -0.5179241 0.6872215 -0.6912794 -0.2232923 0.6885674 -0.6977756 -0.1974442 -0.9794239 0.1475863 -0.137649 -0.9763669 0.1306465 -0.1721597 -0.8480157 0.008722165 -0.5298992 -0.8290058 -0.008721765 -0.5591722 -0.5544001 -0.1306466 -0.8219318 -0.5241163 -0.1475865 -0.8387612 -0.1673066 -0.2677855 -0.9488412 -0.1334729 -0.2832807 -0.9497037 0.251 -0.4132518 -0.875341 0.2217304 -0.3999501 -0.8893118 0.5241997 -0.5244509 -0.6709441 0.5430225 -0.5350929 -0.6471493 0.6793705 -0.6387252 -0.3612282 0.685649 -0.6465703 -0.3344134 0.6982364 -0.7158672 0.000121163 0.7259768 -0.6858429 -0.0507661 0.6557509 -0.7535835 -0.04585535 -0.9118403 0.06106859 -0.4059775 -0.9243311 0.0783855 -0.3734536 -0.6933617 -0.06106946 -0.7179973 -0.6670716 -0.07838615 -0.7408583 -0.3017228 -0.2159922 -0.9286069 -0.3351333 -0.1996664 -0.9207709 0.0979509 -0.3491361 -0.9319386 0.06573381 -0.3346597 -0.9400436 0.4399032 -0.4753326 -0.7619344 0.4160408 -0.4633224 -0.7824592 0.6518633 -0.5922595 -0.4736063 0.6402259 -0.5830194 -0.5001991 0.7011241 -0.6912791 -0.1748094 0.7006636 -0.6977754 -0.1489298 -0.9619794 0.1306461 -0.2398481 -0.9674363 0.1475861 -0.2056343 -0.8089863 0.008721673 -0.5877628 -0.7879807 -0.008722167 -0.6156382 -0.4957141 -0.1306464 -0.8586031 -0.4643303 -0.147586 -0.8732787 -0.1007109 -0.2677849 -0.9582007 -0.06689859 -0.2832804 -0.9567009 0.3114491 -0.4132519 -0.8556999 0.2832253 -0.3999501 -0.8716785 0.5868426 -0.5350929 -0.6076935 0.5697251 -0.5244506 -0.632744 0.7073063 -0.6465704 -0.28577 0.7029137 -0.6387253 -0.3129574 -0.9686577 0.2466508 -0.02941959 -0.9807951 0.1892621 -0.0471239 -0.8812997 0.06106927 -0.468595 -0.8960283 0.07838553 -0.4370228 -0.6137677 -0.078386 -0.7855857 -0.6415879 -0.06106956 -0.7646145 -0.2700876 -0.1996665 -0.9419054 -0.2362112 -0.2159927 -0.947392 0.162721 -0.3491356 -0.922836 0.131149 -0.3346597 -0.9331681 0.4696092 -0.4633225 -0.7515314 0.4919811 -0.4753324 -0.7293926 0.6735587 -0.5830194 -0.4543207 0.6833125 -0.5922593 -0.4269813 0.7272874 -0.6843876 -0.05164056 0.7116099 -0.6912793 -0.125476 0.7093453 -0.6977755 -0.09969194 -0.9507349 0.1475864 -0.2726194 -0.942905 0.1306467 -0.3063687 -0.7660152 0.008721596 -0.6427633 -0.7431168 -0.008721971 -0.669105 -0.4346144 -0.1306465 -0.8910903 -0.4022823 -0.1475867 -0.9035414 0 -0.2832806 -0.9590372 -0.03362484 -0.2677852 -0.9628917 0.3703811 -0.4132517 -0.8318899 0.3433408 -0.39995 -0.8497981 0.6124753 -0.5244506 -0.5914606 0.6278036 -0.5350928 -0.5652772 0.7230325 -0.6387254 -0.2631616 0.7255177 -0.64657 -0.2357355 -0.9145662 0.3928469 -0.09612468 -0.970328 0.1996661 -0.1363707 -0.9710463 0.2159919 -0.102061 -0.8633609 0.07838586 -0.498461 -0.8464652 0.06106881 -0.5289304 -0.5574724 -0.07838546 -0.8264866 -0.5866882 -0.06106888 -0.8075071 -0.2037245 -0.1996666 -0.9584517 -0.1695495 -0.215992 -0.9615615 0.2266983 -0.3491364 -0.9092368 0.1959225 -0.3346598 -0.9217469 0.5208891 -0.4633223 -0.7169428 0.5416632 -0.4753328 -0.6932963 0.7036095 -0.5830192 -0.4062293 0.7114326 -0.5922592 -0.378276 0.7328786 -0.6800115 -0.02175722 0.7656399 -0.6424485 -0.03248989 0.683701 -0.7262156 -0.07185967 -0.919237 0.1306468 -0.3713955 -0.9294022 0.1475864 -0.3382747 -0.6946319 -0.008721923 -0.7193125 -0.7193125 0.008721923 -0.6946319 -0.3382747 -0.1475863 -0.9294022 -0.3713955 -0.1306468 -0.919237 0.06689859 -0.2832804 -0.9567009 0.03362484 -0.2677852 -0.9628917 0.4275086 -0.4132518 -0.804027 0.4017832 -0.3999499 -0.823778 0.6522415 -0.5244505 -0.5472957 0.6657063 -0.5350929 -0.5201065 0.7396283 -0.638725 -0.2120856 0.7401944 -0.6465704 -0.1845507 -0.9615615 0.215992 -0.1695495 -0.9584517 0.1996666 -0.2037245 -0.8264867 0.07838547 -0.5574725 -0.8075071 0.06106888 -0.5866882 -0.5289304 -0.06106881 -0.8464652 -0.4984611 -0.07838588 -0.8633611 -0.102061 -0.2159919 -0.9710463 -0.1363707 -0.199666 -0.970328 0.2597438 -0.3346602 -0.9058343 0.289571 -0.3491363 -0.8912084 0.588705 -0.475333 -0.6538234 0.5696316 -0.4633228 -0.6788607 0.736087 -0.5922592 -0.3277271 0.7302327 -0.5830191 -0.3561585 -0.9555184 0.2947379 -0.01068598 -0.8910903 0.1306465 -0.4346144 -0.9035414 0.1475867 -0.4022823 -0.6427633 -0.008721569 -0.7660152 -0.669105 0.008721944 -0.7431168 -0.3063686 -0.1306467 -0.9429049 -0.2726194 -0.1475864 -0.9507349 0.1007109 -0.2677849 -0.9582007 0.1334729 -0.2832807 -0.9497037 0.4582683 -0.39995 -0.7937444 0.4825535 -0.413252 -0.7722467 0.6888301 -0.5244507 -0.5004643 0.7003654 -0.535093 -0.4724021 0.7526206 -0.6387256 -0.1599745 0.7512647 -0.6465705 -0.1324682 -0.947392 0.2159927 -0.2362112 -0.9419054 0.1996665 -0.2700876 -0.7855857 0.07838599 -0.6137677 -0.7646145 0.06106956 -0.6415879 -0.4370228 -0.07838554 -0.8960283 -0.468595 -0.06106925 -0.8812997 -0.06835255 -0.1996665 -0.977477 -0.03407562 -0.2159927 -0.9758003 0.3510334 -0.3491362 -0.868838 0.322299 -0.33466 -0.8855088 0.6328794 -0.4753329 -0.6111647 0.615599 -0.4633228 -0.6374714 0.7532986 -0.5830189 -0.304352 0.7571553 -0.5922591 -0.2755813 -0.965632 0.2512685 -0.06647556 -0.8875489 0.4565142 -0.06206305 -0.9662231 0.2486928 -0.06756444 -0.8732787 0.147586 -0.4643303 -0.8586031 0.1306464 -0.4957141 -0.6156382 0.008722194 -0.7879807 -0.5877628 -0.0087217 -0.8089863 -0.2398481 -0.1306461 -0.9619794 -0.2056343 -0.1475861 -0.9674363 0.1673066 -0.2677855 -0.9488412 0.1993942 -0.2832804 -0.93808 0.5352468 -0.4132519 -0.7367045 0.5125209 -0.3999502 -0.7598434 0.7316121 -0.5350931 -0.4223967 0.7220626 -0.524451 -0.4511949 0.7710289 -0.6353502 -0.04294934 0.7586753 -0.6465704 -0.07973977 0.7619467 -0.6387254 -0.1070843 -0.9286069 0.2159922 -0.3017228 -0.9207709 0.1996664 -0.3351333 -0.7179973 0.06106947 -0.6933617 -0.7408583 0.07838614 -0.6670716 -0.3734536 -0.07838549 -0.9243311 -0.4059775 -0.0610686 -0.9118403 0 -0.1996669 -0.9798638 0.03407562 -0.2159927 -0.9758003 0.4107853 -0.3491356 -0.842235 0.3832844 -0.3346598 -0.8608693 0.6739706 -0.4753326 -0.5655286 0.6585675 -0.4633226 -0.5929764 0.7726938 -0.5830193 -0.2510635 0.7745341 -0.5922592 -0.2220947 -0.9497037 0.2832807 -0.1334729 -0.9488412 0.2677855 -0.1673066 -0.8387612 0.1475865 -0.5241163 -0.8219319 0.1306467 -0.5544002 -0.5591722 0.008721779 -0.8290058 -0.5298992 -0.008722165 -0.8480157 -0.1721597 -0.1306465 -0.9763669 -0.137649 -0.1475863 -0.9794239 0.2643465 -0.2832801 -0.9218857 0.2330865 -0.2677847 -0.9348593 0.564277 -0.3999498 -0.7222407 0.5853333 -0.4132514 -0.6975731 0.759295 -0.535093 -0.3703331 0.7517775 -0.5244508 -0.3997273 0.7155754 -0.696741 -0.05003775 0.7971148 -0.6037909 -0.006681245 0.8161896 -0.5749583 -0.05707336 -0.9052978 0.2159921 -0.3657639 -0.8951504 0.1996663 -0.3985464 -0.6925214 0.07838592 -0.7171261 -0.6678815 0.06106875 -0.741758 -0.3413819 -0.06106905 -0.9379387 -0.3080665 -0.07838569 -0.9481302 0.102061 -0.2159919 -0.9710463 0.06835255 -0.1996665 -0.977477 0.4424011 -0.3346595 -0.8320363 0.4685359 -0.3491358 -0.8115284 0.7117781 -0.4753328 -0.517137 0.6983269 -0.4633225 -0.5455931 0.7883251 -0.5830189 -0.1965515 0.7881402 -0.5922589 -0.1675244 -0.93808 0.2832804 -0.1993942 -0.9348593 0.2677847 -0.2330865 -0.7812563 0.1306461 -0.6103852 -0.8001577 0.1475863 -0.5813484 -0.4694534 -0.008722067 -0.8829142 -0.4999808 0.008721784 -0.8659925 -0.06899328 -0.1475866 -0.9866398 -0.1036332 -0.1306468 -0.9859977 0.3280101 -0.2832801 -0.9012001 0.2977314 -0.2677847 -0.9163227 0.6325676 -0.4132517 -0.6550429 0.6132827 -0.3999498 -0.6811202 0.7832786 -0.5350931 -0.3164647 0.7778299 -0.5244508 -0.3463123 -0.9390351 0.341781 -0.0374014 -0.9210861 0.3882707 -0.02909055 -0.9433373 0.3278963 -0.05097908 -0.8775783 0.2159921 -0.4280232 -0.8651686 0.1996662 -0.4600181 -0.6145124 0.061069 -0.7865399 -0.6408095 0.07838547 -0.7636877 -0.2411772 -0.07838555 -0.9673102 -0.2751228 -0.06106877 -0.9594676 0.1695495 -0.215992 -0.9615615 0.1363707 -0.1996661 -0.970328 0.5240043 -0.3491353 -0.7768682 0.4993642 -0.3346592 -0.7991487 0.7346847 -0.4633225 -0.4955508 0.7461179 -0.4753326 -0.4662263 0.7979059 -0.5922593 -0.112138 0.8172263 -0.5733871 -0.05803768 0.8001153 -0.583019 -0.1410824 -0.9218857 0.2832801 -0.2643465 -0.9163227 0.2677847 -0.2977314 -0.7576553 0.1475859 -0.6357491 -0.7367755 0.1306464 -0.6633955 -0.4067212 -0.008722492 -0.9135107 -0.4383547 0.008721386 -0.8987597 0 -0.147586 -0.9890493 -0.03460012 -0.1306464 -0.9908251 0.3609253 -0.2677848 -0.893322 0.3900761 -0.2832806 -0.8761237 0.6593019 -0.3999497 -0.6366798 0.6767206 -0.4132515 -0.6093214 0.8000925 -0.524451 -0.2912097 0.8034459 -0.5350932 -0.2610555 -0.9331681 0.3346597 -0.131149 -0.872095 0.4806751 -0.09166107 -0.9319386 0.3491361 -0.0979509 -0.8455827 0.2159924 -0.488198 -0.8309716 0.1996668 -0.5192488 -0.5581496 0.06106917 -0.8274899 -0.5859768 0.07838567 -0.8065277 -0.2075241 -0.06106928 -0.9763218 -0.1731138 -0.07838629 -0.9817775 0.2037245 -0.1996666 -0.9584517 0.2362112 -0.2159927 -0.947392 0.5769196 -0.3491358 -0.7384225 0.5538929 -0.3346592 -0.7623686 0.7674626 -0.4633226 -0.4430952 0.7768226 -0.4753329 -0.413044 0.8260073 -0.5631615 -0.02368623 0.7551137 -0.650772 -0.07936571 -0.893322 0.2677848 -0.3609253 -0.9012001 0.2832801 -0.3280101 -0.7114626 0.1475862 -0.6870512 -0.6887049 0.1306466 -0.713174 -0.3420072 -0.00872174 -0.9396569 -0.3745917 0.008721636 -0.9271488 0.03460012 -0.1306464 -0.9908251 0.06899328 -0.1475866 -0.9866398 0.4223609 -0.2677856 -0.865969 0.4502402 -0.2832809 -0.8467796 0.7175756 -0.4132518 -0.5606319 0.7021078 -0.39995 -0.5891389 0.8196991 -0.5350932 -0.2043739 0.8184573 -0.5244509 -0.2346889 -0.9217467 0.3346598 -0.1959225 -0.9228359 0.3491356 -0.1627209 -0.7927266 0.1996664 -0.5759494 -0.8094684 0.2159923 -0.5459929 -0.4990666 0.06106953 -0.8644091 -0.5282886 0.07838623 -0.8454388 -0.1042075 -0.07838585 -0.9914617 -0.1389132 -0.06106959 -0.9884198 0.3017228 -0.2159922 -0.9286069 0.2700876 -0.1996665 -0.9419054 0.6270232 -0.3491359 -0.6963806 0.6057237 -0.3346599 -0.7218737 0.7965021 -0.4633226 -0.3884799 0.8037429 -0.4753328 -0.3578494 -0.9009514 0.4338754 -0.006213492 -0.865969 0.2677856 -0.4223609 -0.8761237 0.2832806 -0.3900761 -0.637278 0.1306464 -0.7594789 -0.6618032 0.1475865 -0.7350065 -0.3090056 0.008721903 -0.9510202 -0.2756267 -0.008722126 -0.9612251 0.1036332 -0.1306468 -0.9859977 0.137649 -0.1475863 -0.9794239 0.4817398 -0.267785 -0.8343968 0.5082127 -0.2832805 -0.8133093 0.7549356 -0.4132519 -0.5092102 0.7414939 -0.39995 -0.538727 0.8319588 -0.5350929 -0.1466973 0.8328347 -0.5244508 -0.1770244 -0.9058343 0.3346602 -0.2597438 -0.9092368 0.3491364 -0.2266983 -0.7506189 0.1996662 -0.6298449 -0.7694097 0.2159923 -0.6011289 -0.4680272 0.07838605 -0.8802308 -0.4375531 0.06106938 -0.8971163 -0.06962626 -0.0610688 -0.9957021 -0.03479185 -0.07838562 -0.9963158 0.3657639 -0.2159921 -0.9052978 0.3351333 -0.1996664 -0.9207709 0.6546038 -0.3346595 -0.677862 0.6740736 -0.3491359 -0.6509447 0.8216611 -0.4633223 -0.3319721 0.8267475 -0.4753324 -0.3009113 -0.9208919 0.3848703 -0.06191115 -0.9237804 0.3774348 -0.06459688 -0.8588108 0.5087608 -0.06005376 -0.8467796 0.2832809 -0.4502402 -0.8343968 0.267785 -0.4817398 -0.6089196 0.147586 -0.7793815 -0.5827475 0.1306462 -0.8020829 -0.2419123 0.008721759 -0.9702589 -0.2079043 -0.008721543 -0.9781103 0.1721597 -0.1306465 -0.9763669 0.2056343 -0.1475861 -0.9674363 0.53877 -0.2677855 -0.7987601 0.5637075 -0.283281 -0.7758773 0.7886171 -0.4132517 -0.4553088 0.7772675 -0.3999501 -0.4856904 0.8431548 -0.5244504 -0.1184975 0.8541937 -0.5181759 -0.04297529 0.8401656 -0.5350925 -0.08830503 -0.8912084 0.3491363 -0.289571 -0.885509 0.33466 -0.322299 -0.7048554 0.1996655 -0.6806707 -0.7256034 0.2159915 -0.6533356 -0.3739068 0.0610691 -0.9254535 -0.4054852 0.07838618 -0.9107345 0 -0.06106906 -0.9981336 0.03479185 -0.07838562 -0.9963158 0.4280232 -0.2159921 -0.8775783 0.3985464 -0.1996663 -0.8951504 0.7178386 -0.3491359 -0.6023386 0.7002943 -0.3346599 -0.6305479 0.8457239 -0.4753326 -0.2425074 0.8428166 -0.4633223 -0.2738478 -0.9026127 0.39995 -0.1591551 -0.9017547 0.4132518 -0.1267334 -0.7987601 0.2677855 -0.53877 -0.8133093 0.2832805 -0.5082127 -0.5253772 0.1306463 -0.8407796 -0.5530692 0.1475861 -0.819959 -0.1391677 -0.00872194 -0.9902304 -0.1736421 0.008722196 -0.9847702 0.2726194 -0.1475864 -0.9507349 0.2398481 -0.1306461 -0.9619794 0.616457 -0.2832807 -0.7346651 0.5931768 -0.2677854 -0.7592314 0.8184572 -0.4132514 -0.3991881 0.8092543 -0.3999496 -0.430288 0.853196 -0.5213778 -0.01489297 0.8781187 -0.4781972 -0.01532801 0.8897018 -0.4522831 -0.06221432 0.8376303 -0.5430881 -0.0585731 -0.8608693 0.3346598 -0.3832844 -0.868838 0.3491362 -0.3510334 -0.6782604 0.2159919 -0.7023606 -0.6556571 0.1996667 -0.7281805 -0.3084406 0.06106863 -0.9492813 -0.3409681 0.07838532 -0.9368013 0.1042075 -0.07838587 -0.9914617 0.06962626 -0.06106881 -0.9957021 0.488198 -0.2159924 -0.8455827 0.4600181 -0.1996662 -0.8651686 0.7425734 -0.3346595 -0.5801618 0.7581072 -0.3491356 -0.5507973 0.8605802 -0.4753328 -0.1829218 0.8598661 -0.4633225 -0.2143889 -0.8907176 0.4132518 -0.1893281 -0.8893118 0.3999501 -0.2217304 -0.7592314 0.2677854 -0.5931768 -0.7758773 0.283281 -0.5637075 -0.4945251 0.1475858 -0.8565416 -0.4654479 0.1306458 -0.8753798 -0.0697538 -0.00872207 -0.9975262 -0.1045245 0.00872173 -0.9944841 0.3063686 -0.1306467 -0.9429049 0.3382747 -0.1475864 -0.9294022 0.6446927 -0.2677855 -0.7160044 0.6662031 -0.2832811 -0.6898734 0.8372985 -0.3999494 -0.372789 0.8443096 -0.4132514 -0.3411227 -0.8778092 0.4780287 -0.03065373 -0.8529121 0.5212043 -0.02978431 -0.8875068 0.458158 -0.04922378 -0.8320363 0.3346595 -0.4424011 -0.842235 0.3491356 -0.4107853 -0.6276153 0.2159923 -0.7479616 -0.6032646 0.1996661 -0.7721434 -0.2414699 0.06106932 -0.9684848 -0.2747886 0.07838587 -0.9583042 0.1389132 -0.06106959 -0.9884198 0.1731138 -0.07838629 -0.9817775 0.5192488 -0.1996668 -0.8309716 0.5459928 -0.2159923 -0.8094684 0.7946823 -0.3491361 -0.4965723 0.7812342 -0.3346595 -0.5269498 0.8712437 -0.4753331 -0.1224451 0.8727263 -0.4633228 -0.1538854 -0.8716785 0.3999501 -0.2832253 -0.875341 0.4132518 -0.251 -0.7346651 0.2832807 -0.616457 -0.7160044 0.2677855 -0.6446927 -0.4032506 0.1306463 -0.9057155 -0.4335703 0.1475858 -0.8889517 0 -0.008722225 -0.9999619 -0.03489831 0.008721618 -0.9993528 0.3713955 -0.1306468 -0.919237 0.4022823 -0.1475867 -0.9035414 0.7127035 -0.2832802 -0.6417211 0.6930692 -0.2677853 -0.6692878 0.8660479 -0.4132521 -0.2813962 0.8612627 -0.39995 -0.3134748 -0.8775653 0.4633226 -0.1233338 -0.8749865 0.4753326 -0.09196525 -0.7991487 0.3346592 -0.4993642 -0.8115284 0.3491358 -0.4685359 -0.5739108 0.2159919 -0.7899202 -0.5479329 0.199666 -0.8123441 -0.1733246 0.06106948 -0.9829696 -0.2072719 0.07838586 -0.975138 0.2075241 -0.06106927 -0.9763218 0.2411772 -0.07838554 -0.9673102 0.5759494 -0.1996664 -0.7927266 0.6011289 -0.2159923 -0.7694097 0.8273857 -0.3491358 -0.4399286 0.8160897 -0.3346597 -0.471169 0.9512069 -0.2919079 -0.09997503 0.9006478 -0.4337293 -0.02669387 0.875074 -0.4820579 -0.04319143 0.8813351 -0.4633227 -0.09263126 -0.8556999 0.4132519 -0.3114491 -0.8497983 0.39995 -0.3433409 -0.6898734 0.2832811 -0.6662031 -0.6692878 0.2677853 -0.6930692 -0.3705042 0.1475862 -0.9170305 -0.339089 0.1306467 -0.9316384 0.03489831 0.008721618 -0.9993528 0.0697538 -0.008722068 -0.9975262 0.4346144 -0.1306465 -0.8910903 0.4643303 -0.147586 -0.8732787 0.7557315 -0.283281 -0.5904421 0.738067 -0.2677852 -0.6193127 0.8810318 -0.3999503 -0.2526319 0.8835675 -0.413252 -0.2202983 -0.8664398 0.4753328 -0.1527769 -0.8668243 0.4633226 -0.1842494 -0.7623686 0.3346592 -0.5538929 -0.7768682 0.3491353 -0.5240043 -0.5174102 0.215992 -0.8280303 -0.4899324 0.1996666 -0.8485867 -0.1043334 0.0610691 -0.9926656 -0.1387456 0.07838612 -0.9872209 0.2751228 -0.06106877 -0.9594676 0.3080665 -0.07838567 -0.9481302 0.6298449 -0.1996662 -0.7506189 0.6533356 -0.2159915 -0.7256034 0.8469688 -0.3346596 -0.4130943 0.8560581 -0.349136 -0.3811412 -0.8262321 0.5633148 -0.004109159 -0.83189 0.4132517 -0.3703811 -0.823778 0.3999499 -0.4017832 -0.6417211 0.2832802 -0.7127035 -0.6193127 0.2677852 -0.738067 -0.2732742 0.1306467 -0.953023 -0.3056328 0.1475867 -0.9406416 0.1045245 0.008721733 -0.9944841 0.1391677 -0.008721934 -0.9902304 0.5241163 -0.1475865 -0.8387612 0.4957141 -0.1306464 -0.8586031 0.7794704 -0.2677857 -0.5663185 0.7950774 -0.2832809 -0.5362871 0.8965087 -0.3999498 -0.190558 0.8967828 -0.4132513 -0.1581272 -0.8536724 0.4753325 -0.2128438 -0.8518605 0.463322 -0.244267 -0.7218737 0.3346599 -0.6057237 -0.7384225 0.3491358 -0.5769196 -0.4295437 0.199667 -0.8806959 -0.4583894 0.2159929 -0.8621057 -0.0348345 0.06106935 -0.9975255 -0.06954171 0.0783859 -0.9944946 0.3734536 -0.0783855 -0.9243311 0.3413819 -0.06106905 -0.9379387 0.7023606 -0.2159919 -0.6782604 0.6806707 -0.1996655 -0.7048554 0.8737214 -0.33466 -0.3530065 0.8805595 -0.3491359 -0.3204982 -0.8467765 0.5244507 -0.08900024 -0.7955669 0.6033062 -0.05563139 -0.8675895 0.4935666 -0.06066768 -0.8409155 0.5391096 -0.04713885 -0.7937444 0.39995 -0.4582683 -0.804027 0.4132518 -0.4275086 -0.5663185 0.2677857 -0.7794704 -0.5904421 0.283281 -0.7557315 -0.2061296 0.1306458 -0.9697641 -0.2392732 0.1475859 -0.9596702 0.1736421 0.00872219 -0.9847702 0.2079043 -0.00872155 -0.9781103 0.5813484 -0.1475863 -0.8001577 0.5544001 -0.1306467 -0.8219318 0.8170766 -0.2677851 -0.5105655 0.8305508 -0.2832806 -0.4795181 0.9025121 -0.4260952 -0.06256726 0.9076174 -0.3999494 -0.1275577 -0.8367456 0.4753323 -0.2718751 -0.8327463 0.4633221 -0.3030947 -0.677862 0.3346595 -0.6546038 -0.6963806 0.3491359 -0.6270232 -0.3670633 0.1996661 -0.9085141 -0.3971363 0.2159923 -0.891981 0 0.07838611 -0.996923 0.0348345 0.06106934 -0.9975255 0.4370228 -0.07838554 -0.8960284 0.4059775 -0.06106859 -0.9118403 0.7281806 -0.1996668 -0.6556572 0.7479615 -0.2159923 -0.6276152 0.8962178 -0.3346594 -0.2911988 0.9007717 -0.3491355 -0.2582922 -0.8365718 0.5350929 -0.1175726 -0.8385056 0.5244505 -0.1478513 -0.7722467 0.413252 -0.4825535 -0.7598434 0.3999502 -0.5125209 -0.5105655 0.2677851 -0.8170766 -0.5362871 0.2832809 -0.7950774 -0.1717464 0.1475856 -0.9740234 -0.137981 0.1306463 -0.9817804 0.2419123 0.008721765 -0.9702589 0.2756267 -0.008722126 -0.9612251 0.6103852 -0.1306461 -0.7812563 0.6357491 -0.1475859 -0.7576553 0.8619769 -0.2832805 -0.4204141 0.8507013 -0.2677852 -0.4523256 0.9214306 -0.3884159 -0.009937018 0.9019301 -0.4272522 -0.06306884 0.9753839 -0.2097002 -0.06820522 -0.8095747 0.4633223 -0.3604458 -0.8157422 0.4753324 -0.3295814 -0.6305479 0.3346599 -0.7002943 -0.6509447 0.3491359 -0.6740736 -0.3027945 0.1996658 -0.9319061 -0.3339469 0.2159918 -0.9175113 0.06954171 0.0783859 -0.9944946 0.1043334 0.0610691 -0.9926656 0.468595 -0.06106927 -0.8812997 0.4984611 -0.07838587 -0.8633611 0.7899202 -0.2159919 -0.5739108 0.7721434 -0.1996661 -0.6032646 0.916595 -0.3491355 -0.1948275 0.9143478 -0.3346592 -0.2279723 -0.8261497 0.5244504 -0.2059816 -0.8263327 0.5350927 -0.175642 -0.7367045 0.4132519 -0.5352468 -0.7222407 0.3999498 -0.564277 -0.4523255 0.2677852 -0.8507012 -0.4795181 0.2832806 -0.8305508 -0.1033843 0.1475862 -0.9836311 -0.06915846 0.1306461 -0.989014 0.3090056 0.008721903 -0.9510202 0.3420072 -0.00872174 -0.9396569 0.6633955 -0.1306464 -0.7367755 0.6870512 -0.1475862 -0.7114626 0.8892035 -0.2832811 -0.3592616 0.8801813 -0.2677854 -0.3918827 -0.7968988 0.6036274 -0.02421116 -0.7656479 0.6424552 -0.0321625 -0.7824592 0.4633224 -0.4160408 -0.7907646 0.4753326 -0.3856816 -0.5801618 0.3346595 -0.7425734 -0.6023386 0.3491359 -0.7178386 -0.237051 0.1996668 -0.9507576 -0.2691302 0.215992 -0.9385715 0.1387456 0.07838611 -0.9872209 0.1733246 0.06106948 -0.9829696 0.5289304 -0.06106881 -0.8464652 0.5574724 -0.07838546 -0.8264866 0.8123441 -0.199666 -0.5479329 0.8280303 -0.215992 -0.5174102 0.9280227 -0.3346597 -0.1636355 0.9279525 -0.3491358 -0.1304156 -0.812067 0.5350932 -0.2328572 -0.8097681 0.5244512 -0.2631095 -0.6811202 0.3999498 -0.6132827 -0.6975731 0.4132514 -0.5853333 -0.3918827 0.2677854 -0.8801813 -0.4204141 0.2832805 -0.8619769 0 0.1306461 -0.991429 -0.03451723 0.1475859 -0.9884467 0.3745917 0.008721623 -0.9271488 0.4067212 -0.008722492 -0.9135107 0.713174 -0.1306466 -0.6887049 0.7350065 -0.1475865 -0.6618032 0.9053736 -0.2677857 -0.3295291 0.9120983 -0.2832811 -0.2963587 -0.7972912 0.6011057 -0.05475813 -0.8045518 0.5830189 -0.1130725 -0.8432238 0.5302067 -0.08862555 -0.7515314 0.4633225 -0.4696092 -0.7619344 0.4753326 -0.4399032 -0.5269498 0.3346595 -0.7812342 -0.5507973 0.3491356 -0.7581072 -0.1701514 0.1996663 -0.9649777 -0.2030046 0.2159925 -0.9550583 0.2414699 0.06106933 -0.9684848 0.2072719 0.07838586 -0.975138 0.5866882 -0.06106888 -0.8075071 0.6137677 -0.07838599 -0.7855857 0.8621057 -0.2159929 -0.4583894 0.8485867 -0.1996666 -0.4899324 0.9390391 -0.3417825 -0.03728583 0.9551326 -0.2946189 -0.03035662 0.9787834 -0.1771997 -0.1028749 0.9333181 -0.3554869 -0.05046144 0.9371768 -0.3346597 -0.09850187 -0.7894421 0.5244507 -0.3189555 -0.7938461 0.5350932 -0.2889357 -0.6366798 0.3999497 -0.6593019 -0.6550429 0.4132517 -0.6325676 -0.3592616 0.2832811 -0.8892035 -0.3295291 0.2677857 -0.9053736 0.06915846 0.1306461 -0.989014 0.03451723 0.1475859 -0.9884467 0.4694534 -0.00872208 -0.8829142 0.4383547 0.008721386 -0.8987597 0.7793815 -0.147586 -0.6089196 0.7594789 -0.1306464 -0.637278 0.9261553 -0.2677853 -0.2655699 0.9305497 -0.2832805 -0.2320119 -0.7947041 0.5830195 -0.1689191 -0.7935063 0.5922592 -0.1399173 -0.7169428 0.4633223 -0.5208891 -0.7293926 0.4753324 -0.4919811 -0.4965723 0.3491361 -0.7946823 -0.4711691 0.3346598 -0.8160899 -0.1024241 0.1996671 -0.9744959 -0.1358873 0.2159923 -0.966893 0.2747886 0.07838587 -0.9583042 0.3084406 0.06106863 -0.9492813 0.6670716 -0.07838614 -0.7408583 0.6415879 -0.06106956 -0.7646145 0.8806959 -0.199667 -0.4295437 0.891981 -0.2159923 -0.3971363 -0.7330425 0.6801636 -0.005126559 -0.7652699 0.5244508 -0.373247 -0.7717568 0.5350929 -0.3436085 -0.5891389 0.39995 -0.7021078 -0.6093214 0.4132515 -0.6767206 -0.2963587 0.2832811 -0.9120983 -0.2655699 0.2677853 -0.9261553 0.137981 0.1306463 -0.9817804 0.1033843 0.1475862 -0.9836311 0.5298992 -0.008722165 -0.8480157 0.4999808 0.008721784 -0.8659925 0.819959 -0.1475861 -0.5530692 0.8020829 -0.1306462 -0.5827475 0.944467 -0.2832812 -0.166535 0.9424241 -0.2677855 -0.2003191 -0.7818133 0.5922595 -0.1949274 -0.7809851 0.5830191 -0.2239445 -0.6788607 0.4633228 -0.5696316 -0.6932963 0.4753328 -0.5416632 -0.4130943 0.3346596 -0.8469688 -0.4399286 0.3491358 -0.8273857 -0.06810998 0.215993 -0.9740165 -0.03419666 0.1996671 -0.9792669 0.3409681 0.07838531 -0.9368013 0.3739068 0.0610691 -0.9254535 0.7171261 -0.07838592 -0.6925214 0.6933617 -0.06106947 -0.7179973 0.9085142 -0.1996661 -0.3670633 0.9175113 -0.2159918 -0.3339469 -0.76522 0.6387251 -0.08042711 -0.7591452 0.6495396 -0.04238954 -0.814588 0.5772364 -0.05696126 -0.7119235 0.7004904 -0.04978229 -0.7373694 0.5244506 -0.4257206 -0.7459081 0.535093 -0.3966062 -0.538727 0.39995 -0.7414939 -0.560632 0.4132518 -0.7175756 -0.2320118 0.2832805 -0.9305497 -0.2003191 0.2677855 -0.9424241 0.1717464 0.1475856 -0.9740234 0.2061296 0.1306458 -0.9697641 0.5877628 -0.008721673 -0.8089863 0.5591722 0.008721765 -0.8290058 0.8565416 -0.1475858 -0.4945251 0.8407796 -0.1306463 -0.5253772 0.9519398 -0.2996665 -0.06332921 0.9541022 -0.2677855 -0.1340896 -0.7634612 0.5830194 -0.2778765 -0.7663113 0.5922592 -0.2489903 -0.6538234 0.475333 -0.588705 -0.6374714 0.4633228 -0.615599 -0.3811412 0.349136 -0.8560581 -0.3530065 0.33466 -0.8737214 0.03419666 0.1996671 -0.9792669 0 0.2159929 -0.9763949 0.4375531 0.06106937 -0.8971163 0.4054852 0.07838617 -0.9107345 0.7636877 -0.07838547 -0.6408095 0.741758 -0.06106875 -0.6678815 0.9319061 -0.1996658 -0.3027945 0.9385715 -0.215992 -0.2691302 -0.7577451 0.6387255 -0.1336116 -0.7554301 0.6465705 -0.1061695 -0.7164251 0.5350929 -0.4476725 -0.7058765 0.5244508 -0.4761193 -0.4856904 0.3999501 -0.7772675 -0.5092102 0.4132519 -0.7549356 -0.166535 0.2832812 -0.944467 -0.1340896 0.2677855 -0.9541022 0.2392732 0.1475859 -0.9596702 0.2732742 0.1306467 -0.953023 0.6156382 0.008722167 -0.7879807 0.6427633 -0.008721596 -0.7660152 0.8753798 -0.1306458 -0.4654479 0.8889517 -0.1475858 -0.4335703 0.9690455 -0.2467495 -0.008103655 0.9869834 -0.14526 -0.06901672 0.9484589 -0.3098822 -0.06632283 -0.7470761 0.5922595 -0.3018377 -0.7422176 0.5830191 -0.3304568 -0.5929764 0.4633226 -0.6585675 -0.6111646 0.4753329 -0.6328794 -0.2911988 0.3346594 -0.8962178 -0.3204982 0.3491359 -0.8805595 0.1024241 0.1996671 -0.9744959 0.06810998 0.215993 -0.9740165 0.4680272 0.07838605 -0.8802308 0.4990666 0.06106953 -0.8644091 0.7865399 -0.061069 -0.6145124 0.8065277 -0.07838567 -0.5859768 0.9507576 -0.1996668 -0.237051 0.9550583 -0.2159925 -0.2030046 -0.7461843 0.6465702 -0.1586062 -0.7465794 0.6387254 -0.1861426 -0.6834517 0.5350933 -0.496557 -0.6709441 0.5244509 -0.5241997 -0.4553088 0.4132517 -0.7886171 -0.430288 0.3999496 -0.8092543 -0.06720901 0.2677846 -0.9611318 -0.1002473 0.2832803 -0.9537835 0.339089 0.1306467 -0.9316384 0.3056328 0.1475867 -0.9406416 0.6946319 -0.008721923 -0.7193125 0.669105 0.008721971 -0.7431168 0.9170305 -0.1475862 -0.3705042 0.9057155 -0.1306463 -0.4032506 -0.6981205 0.7157484 -0.01822224 -0.7173581 0.5830195 -0.3814258 -0.7242007 0.5922593 -0.3532169 -0.5455931 0.4633225 -0.6983269 -0.5655286 0.4753326 -0.6739706 -0.2582922 0.3491355 -0.9007717 -0.2279723 0.3346592 -0.9143478 0.1358873 0.2159923 -0.966893 0.1701514 0.1996663 -0.9649777 0.5581496 0.06106917 -0.8274899 0.5282886 0.07838623 -0.8454388 0.8274899 -0.06106917 -0.5581496 0.8454388 -0.07838623 -0.5282886 0.966893 -0.2159923 -0.1358873 0.9649777 -0.1996663 -0.1701514 -0.7317761 0.6387251 -0.237769 -0.7333028 0.6465703 -0.2102707 -0.632744 0.5244505 -0.569725 -0.6471494 0.5350929 -0.5430225 -0.3991881 0.4132514 -0.8184572 -0.372789 0.3999494 -0.8372985 0 0.2677846 -0.9634787 -0.03346996 0.28328 -0.9584529 0.4032506 0.1306463 -0.9057155 0.3705042 0.1475862 -0.9170305 0.7431168 -0.008721944 -0.669105 0.7193125 0.008721923 -0.6946319 0.9316385 -0.1306467 -0.339089 0.9406416 -0.1475867 -0.3056328 -0.7155555 0.6912792 -0.1005654 -0.7091022 0.7032118 -0.0516449 -0.7618021 0.6428426 -0.08006851 -0.6890035 0.5830195 -0.4305375 -0.6977975 0.5922596 -0.4028736 -0.517137 0.4753328 -0.7117781 -0.4955508 0.4633225 -0.7346847 -0.1636355 0.3346597 -0.9280227 -0.1948275 0.3491355 -0.916595 0.237051 0.1996668 -0.9507576 0.2030046 0.2159925 -0.9550583 0.6145124 0.06106901 -0.7865399 0.5859768 0.07838568 -0.8065277 0.8802308 -0.07838605 -0.4680272 0.864409 -0.06106953 -0.4990665 0.9795987 -0.1980308 -0.03420825 0.9882419 -0.1489526 -0.03451008 0.9744959 -0.1996671 -0.1024241 0.9733491 -0.2231731 -0.05277574 -0.7134077 0.6387254 -0.2882348 -0.7168486 0.6465701 -0.2609122 -0.5914606 0.5244506 -0.6124753 -0.6076935 0.5350929 -0.5868426 -0.3134748 0.39995 -0.8612627 -0.3411227 0.4132514 -0.8443096 0.03346996 0.28328 -0.9584529 0.06720901 0.2677846 -0.9611318 0.4654479 0.1306458 -0.8753798 0.4335703 0.1475858 -0.8889517 0.7660152 0.008721569 -0.6427633 0.7879807 -0.008722194 -0.6156382 0.953023 -0.1306467 -0.2732742 0.9596702 -0.1475859 -0.2392732 -0.7067974 0.6912792 -0.1502343 -0.7054341 0.6977753 -0.1243874 -0.6572928 0.5830188 -0.4775514 -0.6679953 0.5922592 -0.4505677 -0.4662263 0.4753326 -0.7461179 -0.4430952 0.4633226 -0.7674626 -0.09850187 0.3346597 -0.9371768 -0.1304156 0.3491358 -0.9279526 0.2691302 0.215992 -0.9385715 0.3027945 0.1996658 -0.9319061 0.6408095 0.07838547 -0.7636877 0.6678815 0.06106875 -0.741758 0.8971163 -0.06106938 -0.4375531 0.9107345 -0.07838618 -0.4054852 -0.6616417 0.7497312 -0.01154929 -0.6234527 0.7817853 -0.01088277 -0.6915634 0.638725 -0.3372985 -0.6969023 0.6465704 -0.3102802 -0.5472958 0.5244505 -0.6522415 -0.5652772 0.5350928 -0.6278036 -0.2526319 0.3999503 -0.8810318 -0.2813962 0.4132521 -0.8660479 0.1340896 0.2677855 -0.9541022 0.1002473 0.2832803 -0.9537835 0.4945251 0.1475858 -0.8565416 0.5253772 0.1306463 -0.8407796 0.8089863 0.0087217 -0.5877628 0.8290058 -0.008721779 -0.5591722 0.9697641 -0.1306458 -0.2061296 0.9740234 -0.1475856 -0.1717464 -0.6945963 0.6912789 -0.1991718 -0.6950393 0.6977753 -0.1732919 -0.6223793 0.5830193 -0.522238 -0.6349374 0.592259 -0.4960683 -0.413044 0.4753329 -0.7768226 -0.3884799 0.4633226 -0.7965021 -0.06536657 0.3491363 -0.9347893 -0.0328872 0.3346602 -0.9417648 0.3670633 0.1996661 -0.9085141 0.3339469 0.2159918 -0.9175113 0.6925214 0.07838592 -0.7171261 0.7179973 0.06106946 -0.6933617 0.9254535 -0.0610691 -0.3739068 0.9368013 -0.07838532 -0.3409681 -0.672778 0.7383472 -0.04704546 -0.6115665 0.7900364 -0.0427651 -0.6630371 0.747695 -0.03652491 -0.6684709 0.7404122 -0.07025902 -0.6663502 0.6387253 -0.3847174 -0.6735603 0.6465701 -0.3581389 -0.5004643 0.5244507 -0.6888301 -0.5201065 0.5350929 -0.6657063 -0.2202983 0.413252 -0.8835674 -0.190558 0.3999498 -0.8965087 0.166535 0.2832812 -0.944467 0.2003191 0.2677855 -0.9424241 0.5530692 0.1475861 -0.819959 0.5827475 0.1306462 -0.8020829 0.8480157 0.008722165 -0.5298992 0.8659925 -0.008721784 -0.4999808 0.9817805 -0.1306463 -0.137981 0.9909707 -0.1228982 -0.05360015 0.9836311 -0.1475862 -0.1033843 -0.6790102 0.6912792 -0.2471401 -0.6812574 0.6977755 -0.2213546 -0.598787 0.5922594 -0.5391502 -0.5844336 0.5830194 -0.5643809 -0.3578494 0.4753328 -0.8037429 -0.3319721 0.4633223 -0.8216611 0 0.3491365 -0.9370719 0.0328872 0.3346602 -0.9417648 0.3971363 0.2159923 -0.891981 0.4295437 0.199667 -0.8806959 0.7646145 0.06106956 -0.6415879 0.7408583 0.07838615 -0.6670716 0.9583042 -0.07838587 -0.2747886 0.9492813 -0.06106863 -0.3084406 -0.6598629 0.7456412 -0.09273703 -0.6619418 0.7404119 -0.1167185 -0.6378908 0.6387253 -0.4302619 -0.6469375 0.6465701 -0.404251 -0.4511949 0.524451 -0.7220626 -0.4724021 0.5350931 -0.7003655 -0.1275577 0.3999494 -0.9076174 -0.1581272 0.4132513 -0.8967828 0.2655699 0.2677853 -0.9261553 0.2320119 0.2832805 -0.9305497 0.637278 0.1306464 -0.7594789 0.6089196 0.147586 -0.7793815 0.8987597 -0.008721386 -0.4383547 0.8829142 0.008722067 -0.4694534 0.9949924 -0.09956495 -0.008770898 0.9971502 -0.02880262 -0.06972739 0.9769316 -0.2023313 -0.06831358 -0.660117 0.6912793 -0.2939023 -0.6641572 0.6977754 -0.2683371 -0.5436409 0.5830192 -0.6037741 -0.5597195 0.5922593 -0.5796058 -0.2738478 0.4633223 -0.8428166 -0.3009113 0.4753324 -0.8267475 0.09850187 0.3346597 -0.9371768 0.06536657 0.3491363 -0.9347893 0.4899324 0.1996666 -0.8485867 0.4583894 0.2159929 -0.8621057 0.7855857 0.078386 -0.6137677 0.8075071 0.06106888 -0.5866882 0.9684848 -0.06106932 -0.2414699 0.975138 -0.07838586 -0.2072719 -0.6517867 0.7456408 -0.1385414 -0.6521876 0.740412 -0.1626078 -0.6063226 0.6387252 -0.4737119 -0.6171622 0.6465704 -0.4483944 -0.4223967 0.5350931 -0.7316121 -0.3997273 0.5244508 -0.7517775 -0.09518457 0.4132517 -0.9056284 -0.06393413 0.3999501 -0.9143043 0.3295291 0.2677857 -0.9053736 0.2963587 0.2832811 -0.9120983 0.6887049 0.1306466 -0.713174 0.6618032 0.1475865 -0.7350065 0.9271488 -0.008721636 -0.3745917 0.9135107 0.008722492 -0.4067212 -0.5836934 0.8118684 -0.01310591 -0.6191669 0.7844265 -0.03615807 -0.6438209 0.6977757 -0.3140123 -0.6380069 0.6912792 -0.3392348 -0.5179241 0.5922594 -0.6172385 -0.5001991 0.5830194 -0.6402259 -0.2425075 0.4753326 -0.845724 -0.2143889 0.4633225 -0.8598661 0.1304156 0.3491358 -0.9279526 0.1636355 0.3346597 -0.9280227 0.5174102 0.215992 -0.8280303 0.5479329 0.199666 -0.8123441 0.8264867 0.07838547 -0.5574725 0.8464652 0.06106881 -0.5289304 0.9969455 -0.04176198 -0.06599665 0.9829695 -0.06106947 -0.1733246 0.9872209 -0.07838612 -0.1387456 -0.6405343 0.7456412 -0.1836705 -0.6392555 0.7404122 -0.2077073 -0.5843803 0.6465701 -0.4903537 -0.5718016 0.6387252 -0.5148525 -0.3463122 0.5244507 -0.7778298 -0.3703331 0.535093 -0.759295 0 0.3999497 -0.9165371 -0.03178048 0.4132517 -0.9100621 0.3592616 0.2832811 -0.8892035 0.3918827 0.2677854 -0.8801813 0.7114626 0.1475862 -0.6870512 0.7367755 0.1306465 -0.6633955 0.9510202 -0.008721903 -0.3090056 0.9396569 0.00872174 -0.3420072 -0.6123734 0.7858702 -0.08606286 -0.5321095 0.8448263 -0.05592712 -0.6098207 0.7899433 -0.06409492 -0.6127893 0.6912792 -0.382913 -0.6203484 0.6977754 -0.3581583 -0.4543207 0.5830194 -0.6735587 -0.4736063 0.5922595 -0.6518634 -0.1538854 0.4633228 -0.8727264 -0.1829218 0.4753328 -0.8605802 0.2279723 0.3346591 -0.9143478 0.1948275 0.3491355 -0.916595 0.5739108 0.2159919 -0.7899202 0.6032645 0.1996661 -0.7721433 0.8812997 0.06106925 -0.468595 0.8633609 0.07838587 -0.498461 0.9793379 -0.1740749 -0.1029326 0.9982453 -0.04981943 -0.03200721 0.9992325 -1.30462e-17 -0.03916988 -0.6232096 0.740412 -0.2517932 -0.6261621 0.7456411 -0.2279045 -0.5344948 0.638725 -0.5534849 -0.5487519 0.6465701 -0.5299231 -0.3164647 0.5350931 -0.7832786 -0.2912097 0.524451 -0.8000925 0.06393413 0.3999501 -0.9143043 0.03178048 0.4132517 -0.9100621 0.4204141 0.2832805 -0.8619769 0.4523255 0.2677852 -0.8507012 0.7576553 0.1475859 -0.6357491 0.7812563 0.1306461 -0.6103852 0.9612251 0.008722126 -0.2756267 0.9702589 -0.008721759 -0.2419123 -0.6038641 0.7899435 -0.1064771 -0.6048782 0.7858702 -0.1285707 -0.5845857 0.6912793 -0.4247262 -0.5938533 0.6977755 -0.4005591 -0.4269812 0.5922592 -0.6833125 -0.4062293 0.5830192 -0.7036095 -0.09263126 0.4633227 -0.8813351 -0.1224451 0.4753331 -0.8712437 0.2911988 0.3346594 -0.8962178 0.2582922 0.3491355 -0.9007717 0.6556571 0.1996667 -0.7281805 0.6276153 0.2159923 -0.7479616 0.9118403 0.0610686 -0.4059775 0.8960283 0.07838554 -0.4370228 -0.5425461 0.840025 0.001285933 -0.608739 0.745641 -0.2710281 -0.6041273 0.7404121 -0.2946525 -0.5104489 0.6465703 -0.5669115 -0.494583 0.6387253 -0.5894215 -0.2610555 0.5350932 -0.8034459 -0.2346889 0.5244509 -0.8184573 0.09518457 0.4132517 -0.9056284 0.1275577 0.3999494 -0.9076174 0.5105655 0.2677851 -0.8170766 0.4795181 0.2832805 -0.8305508 0.8219319 0.1306467 -0.5544002 0.8001577 0.1475863 -0.5813484 0.9847702 -0.008722196 -0.1736421 0.9781103 0.008721543 -0.2079043 -0.5944361 0.7858701 -0.1704521 -0.5949657 0.7899434 -0.1483414 -0.564465 0.6977756 -0.4410084 -0.5535341 0.6912794 -0.4644706 -0.378276 0.5922592 -0.7114326 -0.3561585 0.5830191 -0.7302327 -0.03092798 0.4633223 -0.88565 -0.06137248 0.4753324 -0.8776631 0.3530065 0.33466 -0.8737214 0.3204982 0.3491358 -0.8805595 0.7048554 0.1996655 -0.6806707 0.6782604 0.2159919 -0.7023606 0.9379387 0.06106905 -0.3413819 0.9243311 0.07838549 -0.3734536 -0.5576208 0.8291795 -0.03899255 -0.484679 0.8740352 -0.03389196 -0.5635133 0.8249056 -0.04453729 -0.5821016 0.7404122 -0.3360765 -0.5883499 0.7456412 -0.3128315 -0.4522626 0.6387249 -0.6224862 -0.4696606 0.6465701 -0.6011373 -0.2043739 0.5350932 -0.8196991 -0.1770244 0.5244508 -0.8328347 0.1581272 0.4132513 -0.8967828 0.190558 0.3999498 -0.8965087 0.5663185 0.2677857 -0.7794704 0.5362871 0.2832809 -0.7950774 0.8586031 0.1306464 -0.4957141 0.8387612 0.1475865 -0.5241163 0.9984224 0.01681777 -0.05357153 0.9944841 -0.00872173 -0.1045245 0.9902304 0.00872194 -0.1391677 -0.5810979 0.7858702 -0.2115025 -0.5831685 0.7899434 -0.1894834 -0.5323271 0.6977754 -0.4793092 -0.5197864 0.6912792 -0.5019515 -0.304352 0.5830189 -0.7532986 -0.3277271 0.5922592 -0.736087 0 0.4753326 -0.8798062 0.03092798 0.4633223 -0.88565 0.4130943 0.3346597 -0.8469688 0.3811412 0.349136 -0.8560581 0.7506189 0.1996662 -0.6298449 0.7256034 0.2159915 -0.6533356 0.9481302 0.07838569 -0.3080665 0.9594676 0.06106877 -0.2751228 -0.5516341 0.8304753 -0.07752711 -0.5530473 0.8274232 -0.09751673 -0.5650951 0.7456412 -0.3531102 -0.5572402 0.7404121 -0.3758633 -0.4265827 0.6465699 -0.6324354 -0.4077386 0.638725 -0.6525179 -0.1466973 0.5350929 -0.8319588 -0.1184975 0.5244504 -0.8431549 0.2526319 0.3999503 -0.8810318 0.2202983 0.413252 -0.8835674 0.5904421 0.283281 -0.7557315 0.6193127 0.2677852 -0.738067 0.8732787 0.147586 -0.4643303 0.8910903 0.1306465 -0.4346144 0.9925532 0.1001043 -0.06940606 0.9986882 0.04984154 -0.01172893 0.9860473 -0.1515142 -0.06895112 -0.5685304 0.7899434 -0.2297011 -0.5649289 0.7858701 -0.2515226 -0.4975951 0.6977756 -0.5152751 -0.4835052 0.6912793 -0.5369875 -0.2755813 0.5922591 -0.7571553 -0.2510635 0.5830193 -0.7726938 0.09263126 0.4633227 -0.8813351 0.06137248 0.4753324 -0.8776631 0.4711691 0.3346598 -0.8160899 0.4399286 0.3491358 -0.8273857 0.7694097 0.2159923 -0.6011289 0.7927266 0.1996664 -0.5759494 0.9763218 0.06106928 -0.2075241 0.9673104 0.07838556 -0.2411772 -0.5448975 0.8274233 -0.135858 -0.5448821 0.8304755 -0.1158183 -0.5296639 0.7404121 -0.4138188 -0.5390865 0.7456411 -0.3916695 -0.3612282 0.6387252 -0.6793705 -0.3814273 0.6465701 -0.6606514 -0.05939381 0.5244503 -0.849367 -0.08830503 0.5350925 -0.8401656 0.3134748 0.39995 -0.8612627 0.2813962 0.4132521 -0.8660479 0.6417211 0.2832802 -0.7127035 0.6692878 0.2677853 -0.6930692 0.9035414 0.1475867 -0.4022823 0.919237 0.1306468 -0.3713955 -0.4998237 0.8657198 -0.02656089 -0.4561885 0.8898286 -0.009856033 -0.5019361 0.8643405 -0.03123559 -0.5460075 0.78587 -0.2903175 -0.5511225 0.7899433 -0.2688003 -0.4604393 0.6977755 -0.5487304 -0.4448698 0.6912794 -0.5694065 -0.2220947 0.5922592 -0.7745341 -0.1965515 0.5830189 -0.7883251 0.1538854 0.4633228 -0.8727264 0.1224451 0.4753332 -0.8712437 0.4965723 0.3491361 -0.7946823 0.5269498 0.3346595 -0.7812342 0.8309716 0.1996668 -0.5192488 0.8094684 0.2159923 -0.5459929 0.9884198 0.06106959 -0.1389132 0.9930333 0.09626377 -0.06795686 0.9817775 0.07838629 -0.1731138 -0.5340931 0.8274232 -0.1735378 -0.5354757 0.8304756 -0.1535451 -0.510452 0.7456411 -0.42832 -0.4995073 0.7404122 -0.449758 -0.3344134 0.6465703 -0.685649 -0.3129574 0.6387253 -0.7029137 0 0.5244504 -0.851441 -0.02948296 0.5350927 -0.8442788 0.372789 0.3999495 -0.8372985 0.3411227 0.4132514 -0.8443096 0.6898734 0.2832811 -0.6662031 0.7160044 0.2677855 -0.6446927 0.942905 0.1306467 -0.3063687 0.9294022 0.1475863 -0.3382747 -0.4291112 0.9021249 -0.04510174 -0.4955019 0.8670442 -0.05207972 -0.497124 0.8648621 -0.06986621 -0.5310296 0.7899432 -0.3065899 -0.5244261 0.78587 -0.3276975 -0.4040657 0.6912792 -0.5990525 -0.4210405 0.6977757 -0.5795118 -0.1675244 0.5922589 -0.7881402 -0.1410824 0.583019 -0.8001153 0.1829218 0.4753328 -0.8605802 0.2143889 0.4633225 -0.8598661 0.5507973 0.3491355 -0.7581072 0.5801618 0.3346595 -0.7425734 0.8455827 0.2159924 -0.488198 0.8651686 0.1996662 -0.4600181 0.9945698 0.09952267 -0.03043168 0.9918829 -0.07280006 -0.1042518 -0.5206869 0.8274232 -0.2103711 -0.5234606 0.8304754 -0.1905242 -0.4669166 0.7404122 -0.4835066 -0.4793303 0.7456412 -0.462884 -0.2631616 0.6387254 -0.7230325 -0.28577 0.6465704 -0.7073063 0.05939381 0.5244504 -0.849367 0.02948296 0.5350927 -0.8442788 0.430288 0.3999496 -0.8092543 0.3991881 0.4132514 -0.8184572 0.7592314 0.2677854 -0.5931768 0.7346651 0.2832807 -0.616457 0.9619794 0.1306461 -0.2398481 0.9507349 0.1475864 -0.2726194 -0.490662 0.8670442 -0.08651661 -0.4910395 0.864862 -0.1043737 -0.5002893 0.78587 -0.3634817 -0.5083491 0.7899433 -0.3428859 -0.3612939 0.6912792 -0.6257794 -0.3795898 0.6977755 -0.607471 -0.112138 0.5922594 -0.797906 -0.08492509 0.5830194 -0.8080075 0.2425075 0.4753326 -0.845724 0.2738478 0.4633223 -0.8428166 0.6023386 0.3491359 -0.7178386 0.6305479 0.3346599 -0.7002943 0.8775783 0.2159921 -0.4280232 0.8951504 0.1996663 -0.3985464 -0.4112481 0.9114184 0.01384071 -0.5047438 0.8274233 -0.2461798 -0.5088952 0.8304756 -0.2265748 -0.4320517 0.740412 -0.5148993 -0.4458738 0.7456411 -0.4951927 -0.2120856 0.638725 -0.7396284 -0.2357355 0.64657 -0.7255177 0.08830503 0.5350925 -0.8401656 0.1184975 0.5244504 -0.8431549 0.4553088 0.4132517 -0.7886171 0.4856904 0.3999501 -0.7772675 0.7758773 0.283281 -0.5637075 0.7987601 0.2677855 -0.53877 0.9763669 0.1306465 -0.1721597 0.9674363 0.1475861 -0.2056343 -0.4834317 0.8670442 -0.120533 -0.4825627 0.864862 -0.1383725 -0.4831923 0.7899433 -0.3775114 -0.4737155 0.78587 -0.3974945 -0.3167616 0.6912793 -0.6494575 -0.3362902 0.6977755 -0.63247 -0.05620592 0.5922595 -0.8037845 -0.02835448 0.5830196 -0.8119632 0.3009113 0.4753324 -0.8267475 0.3319721 0.4633223 -0.8216611 0.6509447 0.3491359 -0.6740735 0.677862 0.3346595 -0.6546038 0.9052978 0.2159921 -0.3657639 0.9207709 0.1996664 -0.3351333 -0.4298537 0.9023981 -0.03005823 -0.3842553 0.9228358 -0.02686967 -0.4399652 0.8971855 -0.03858651 -0.4918502 0.8304756 -0.2615217 -0.4863414 0.8274234 -0.2807893 -0.4102447 0.7456411 -0.5250893 -0.3950821 0.7404121 -0.5437831 -0.1599745 0.6387256 -0.7526206 -0.1845507 0.6465704 -0.7401944 0.1770244 0.5244508 -0.8328347 0.1466973 0.5350929 -0.8319588 0.5092102 0.4132519 -0.7549356 0.538727 0.3999499 -0.7414939 0.8133093 0.2832804 -0.5082127 0.8343968 0.267785 -0.4817398 0.9862921 0.1581283 -0.04715438 0.9859977 0.1306468 -0.1036332 0.9794239 0.1475863 -0.137649 -0.4717346 0.864862 -0.1716974 -0.473846 0.8670441 -0.1539621 -0.4448336 0.7858701 -0.429571 -0.4556814 0.7899433 -0.4102975 -0.2706859 0.6912792 -0.6699718 -0.2913522 0.6977755 -0.6543877 0.02835448 0.5830196 -0.8119632 0 0.5922596 -0.8057472 0.3884799 0.4633226 -0.7965021 0.3578494 0.4753328 -0.8037429 0.7218737 0.3346599 -0.6057237 0.6963806 0.3491359 -0.6270232 0.9286069 0.2159922 -0.3017228 0.9419054 0.1996665 -0.2700876 -0.432724 0.8994728 -0.06081549 -0.4333065 0.8980023 -0.07640332 -0.4724094 0.8304757 -0.2951941 -0.4655698 0.8274234 -0.3140309 -0.3561868 0.7404121 -0.5700183 -0.3726172 0.7456412 -0.5524271 -0.1324682 0.6465705 -0.7512647 -0.1070843 0.6387255 -0.7619467 0.2043739 0.5350931 -0.8196991 0.2346889 0.5244509 -0.8184573 0.560632 0.4132518 -0.7175756 0.5891389 0.39995 -0.7021078 0.8467796 0.2832809 -0.4502402 0.865969 0.2677856 -0.4223609 0.9911588 0.1131382 -0.06930929 0.9886837 0.1490192 -0.01725772 0.9800289 0.1981178 -0.01710665 0.9703538 0.2319686 -0.06785445 -0.461952 0.8670442 -0.1866407 -0.4586085 0.864862 -0.2041857 -0.413785 0.78587 -0.4595544 -0.4259508 0.7899433 -0.4410846 -0.2232923 0.6912794 -0.6872215 -0.2449943 0.6977755 -0.6731175 0.08492509 0.5830194 -0.8080075 0.05620592 0.5922595 -0.8037845 0.4430952 0.4633226 -0.7674626 0.413044 0.4753329 -0.7768226 0.7623686 0.3346592 -0.5538929 0.7384225 0.3491358 -0.5769196 0.947392 0.2159927 -0.2362112 0.9584517 0.1996666 -0.2037245 -0.4269212 0.8980023 -0.1064434 -0.4274275 0.899473 -0.09085257 -0.4506669 0.8304757 -0.3274288 -0.44253 0.8274234 -0.3457425 -0.3331738 0.7456411 -0.5770742 -0.3155568 0.7404121 -0.5934761 -0.07973977 0.6465704 -0.7586753 -0.05367289 0.6387255 -0.7675604 0.2610555 0.5350932 -0.8034459 0.2912097 0.524451 -0.8000926 0.6093214 0.4132515 -0.6767206 0.6366798 0.3999497 -0.6593019 0.893322 0.2677848 -0.3609253 0.8761237 0.2832806 -0.3900761 -0.3653108 0.9307981 -0.01275672 -0.3184673 0.9478686 -0.01112092 -0.3734712 0.9270985 -0.03174195 -0.4432481 0.864862 -0.2356795 -0.4478074 0.8670442 -0.2184101 -0.3807199 0.78587 -0.4872993 -0.3941445 0.7899433 -0.469723 -0.1748093 0.691279 -0.7011241 -0.1974442 0.6977756 -0.6885674 0.1410824 0.583019 -0.8001153 0.112138 0.5922594 -0.797906 0.4662263 0.4753326 -0.7461179 0.4955508 0.4633225 -0.7346847 0.7991487 0.3346592 -0.4993642 0.7768682 0.3491353 -0.5240043 0.970328 0.199666 -0.1363707 0.9615615 0.215992 -0.1695495 -0.4184562 0.8980023 -0.1359649 -0.4200488 0.8994729 -0.1204469 -0.4173343 0.8274233 -0.3757696 -0.4267289 0.8304756 -0.358068 -0.2733893 0.7404123 -0.6140422 -0.292107 0.7456412 -0.5989096 -0.02662325 0.6465704 -0.7623896 0 0.6387254 -0.7694348 0.3463123 0.5244508 -0.7778299 0.3164647 0.5350931 -0.7832786 0.6550429 0.4132517 -0.6325676 0.6811202 0.3999497 -0.6132827 0.9163227 0.2677847 -0.2977314 0.9012001 0.2832801 -0.3280101 -0.3715257 0.9276011 -0.03904911 -0.3721853 0.9266834 -0.05230732 -0.4257283 0.8648621 -0.2660245 -0.4314809 0.8670442 -0.2491159 -0.3458005 0.7858701 -0.5126697 -0.3604181 0.7899433 -0.496073 -0.1489298 0.6977754 -0.7006636 -0.125476 0.6912794 -0.71161 0.1965515 0.5830189 -0.7883251 0.1675244 0.5922589 -0.7881402 0.5455931 0.4633225 -0.6983269 0.5171371 0.4753328 -0.7117781 0.8320363 0.3346595 -0.4424011 0.8115284 0.3491358 -0.4685359 0.9710463 0.2159919 -0.102061 0.9145662 0.3928469 -0.09612468 0.9686577 0.2466508 -0.02941959 0.9807951 0.1892621 -0.04712389 -0.4106236 0.8994729 -0.149455 -0.4079524 0.8980023 -0.1648234 -0.3901056 0.8274233 -0.4039658 -0.400712 0.8304756 -0.3869629 -0.2496188 0.7456412 -0.6178266 -0.2298896 0.740412 -0.6316176 0.02662325 0.6465704 -0.7623896 0.05367289 0.6387255 -0.7675604 0.3703331 0.535093 -0.7592949 0.3997273 0.5244508 -0.7517775 0.7222407 0.3999498 -0.564277 0.6975731 0.4132513 -0.5853333 0.9218857 0.2832801 -0.2643465 0.9348593 0.2677847 -0.2330865 -0.36763 0.9266833 -0.07814222 -0.3678969 0.9276011 -0.06486994 -0.4061342 0.864862 -0.2950739 -0.4130524 0.8670442 -0.2786075 -0.3249355 0.7899434 -0.5200059 -0.3091957 0.7858703 -0.5355428 -0.09969195 0.6977756 -0.7093453 -0.07553078 0.6912793 -0.7186294 0.2510635 0.5830193 -0.7726938 0.2220947 0.5922592 -0.7745341 0.5655286 0.4753326 -0.6739706 0.5929764 0.4633226 -0.6585675 0.8608693 0.3346598 -0.3832844 0.842235 0.3491356 -0.4107853 -0.2707468 0.9622918 0.02627846 -0.3954613 0.8980022 -0.1928792 -0.3991981 0.8994729 -0.1777341 -0.360976 0.8274233 -0.4301942 -0.3727427 0.8304756 -0.4139725 -0.2059128 0.745641 -0.6337346 -0.1852711 0.7404121 -0.6461149 0.07973977 0.6465704 -0.7586753 0.1070843 0.6387255 -0.7619467 0.4511949 0.524451 -0.7220626 0.4223967 0.5350931 -0.7316121 0.7598434 0.3999503 -0.5125209 0.7367046 0.4132519 -0.5352469 0.9488412 0.2677855 -0.1673066 0.93808 0.2832804 -0.1993942 -0.3624755 0.9276011 -0.09037539 -0.3612835 0.9266834 -0.1035962 -0.3845617 0.864862 -0.3226855 -0.3926117 0.8670442 -0.3067418 -0.2878707 0.7899435 -0.5414055 -0.2710845 0.78587 -0.5558071 -0.04996857 0.6977752 -0.7145717 -0.02521798 0.6912788 -0.7221479 0.304352 0.5830189 -0.7532986 0.2755813 0.5922591 -0.7571553 0.6374714 0.4633227 -0.615599 0.6111646 0.4753329 -0.6328794 0.868838 0.3491362 -0.3510334 0.8855088 0.33466 -0.322299 -0.3082308 0.9507406 -0.0329547 -0.2569977 0.9662449 -0.01797081 -0.2922292 0.9561299 -0.0204344 -0.3081988 0.9507703 -0.03239315 -0.3858272 0.899473 -0.2051484 -0.3810431 0.8980023 -0.2199956 -0.3300878 0.8274233 -0.4543268 -0.3429575 0.8304756 -0.4389652 -0.1612036 0.7456414 -0.6465542 -0.1397477 0.7404122 -0.657465 0.1599745 0.6387256 -0.7526206 0.1324682 0.6465705 -0.7512647 0.5004643 0.5244507 -0.6888301 0.4724021 0.5350931 -0.7003655 0.7722467 0.413252 -0.4825535 0.7937444 0.39995 -0.4582683 0.965632 0.2512684 -0.06647556 0.9497037 0.2832807 -0.1334729 -0.3531769 0.9266834 -0.1285461 -0.3552883 0.9276011 -0.1154401 -0.3702581 0.8670442 -0.3333818 -0.3611155 0.864862 -0.3487251 -0.2494028 0.7899432 -0.5601678 -0.2316541 0.78587 -0.5733626 0.02521798 0.6912788 -0.7221479 0 0.6977751 -0.716317 0.3561585 0.5830191 -0.7302327 0.3277271 0.5922592 -0.736087 0.6538234 0.475333 -0.588705 0.6788607 0.4633228 -0.5696316 0.9058343 0.3346602 -0.2597438 0.8912084 0.3491363 -0.289571 -0.3051885 0.9507703 -0.05381281 -0.305311 0.9512854 -0.04290846 -0.3647691 0.8980021 -0.2460399 -0.3705775 0.8994728 -0.2315619 -0.2975912 0.8274233 -0.4762459 -0.311501 0.8304756 -0.4618197 -0.09354561 0.7404121 -0.6656119 -0.11571 0.7456412 -0.6562244 0.2120856 0.638725 -0.7396284 0.1845507 0.6465704 -0.7401944 0.5201065 0.5350929 -0.6657063 0.5472958 0.5244505 -0.6522415 0.804027 0.4132518 -0.4275086 0.823778 0.3999499 -0.4017832 0.9555184 0.2947379 -0.01068597 0.9662231 0.2486927 -0.06756444 0.8875489 0.4565142 -0.06206305 -0.3463701 0.9276011 -0.1399427 -0.3433498 0.9266834 -0.1528689 -0.3359101 0.864862 -0.3730658 -0.3461005 0.8670441 -0.3583976 -0.2097196 0.7899435 -0.5762006 -0.1910934 0.7858702 -0.5881253 0.04996857 0.6977752 -0.7145718 0.07553078 0.6912793 -0.7186294 0.378276 0.5922592 -0.7114326 0.4062293 0.5830191 -0.7036095 0.6932963 0.4753327 -0.5416632 0.7169428 0.4633223 -0.5208891 0.9217467 0.3346598 -0.1959225 0.9092368 0.3491364 -0.2266983 -0.3006912 0.9507703 -0.07497081 -0.3015741 0.9512855 -0.06410159 -0.3467176 0.8980022 -0.2708853 -0.3535213 0.8994728 -0.2568488 -0.2785275 0.8304756 -0.4824239 -0.2636454 0.8274233 -0.4958445 -0.04688782 0.7404121 -0.6705157 -0.06965264 0.7456411 -0.6626974 0.2357355 0.64657 -0.7255177 0.2631616 0.6387254 -0.7230325 0.5652772 0.5350928 -0.6278036 0.5914606 0.5244506 -0.6124753 0.83189 0.4132517 -0.3703811 0.8497983 0.39995 -0.3433409 -0.2225165 0.9749109 0.005943495 -0.1735868 0.9844586 -0.02662713 -0.3357645 0.9276012 -0.1637632 -0.3318496 0.9266833 -0.1764479 -0.3090681 0.8648621 -0.3955887 -0.3202568 0.8670442 -0.3816674 -0.1496021 0.78587 -0.600023 -0.1690155 0.7899435 -0.5894262 0.09969195 0.6977756 -0.7093453 0.125476 0.6912794 -0.71161 0.4269812 0.5922592 -0.6833125 0.4543207 0.5830194 -0.6735587 0.7515314 0.4633225 -0.4696092 0.7293926 0.4753324 -0.4919811 0.9228359 0.3491356 -0.1627209 0.9331681 0.3346597 -0.131149 -0.2963678 0.9512855 -0.08498242 -0.294729 0.9507703 -0.09576318 -0.326977 0.8980022 -0.2944114 -0.3347436 0.8994729 -0.280883 -0.2284146 0.8274233 -0.5130277 -0.2441968 0.8304757 -0.5006777 0 0.7404123 -0.672153 -0.02325531 0.7456414 -0.6659415 0.3129574 0.6387253 -0.7029137 0.28577 0.6465704 -0.7073063 0.632744 0.5244505 -0.569725 0.6076935 0.5350929 -0.5868426 0.8716785 0.3999501 -0.2832253 0.8556999 0.4132519 -0.3114491 -0.2330987 0.9721444 -0.02449983 -0.2401277 0.9701545 -0.03374758 -0.2401191 0.9701104 -0.03505319 -0.323523 0.9276011 -0.1867863 -0.3187332 0.9266833 -0.1991661 -0.2928528 0.8670443 -0.4030775 -0.2807199 0.8648621 -0.4161848 -0.1073825 0.7858701 -0.6089969 -0.1274868 0.7899433 -0.5997806 0.1748093 0.691279 -0.7011241 0.1489298 0.6977754 -0.7006636 0.5001991 0.5830194 -0.6402259 0.4736063 0.5922595 -0.6518634 0.7824592 0.4633224 -0.4160408 0.7619344 0.4753327 -0.4399032 0.9319386 0.3491362 -0.0979509 0.9390351 0.341781 -0.03740139 0.9210861 0.3882707 -0.02909055 0.872095 0.4806751 -0.09166107 0.9433373 0.3278964 -0.05097908 -0.2897179 0.9512855 -0.1054486 -0.2873309 0.9507703 -0.1160893 -0.3143346 0.8994728 -0.3035495 -0.3056433 0.8980022 -0.316503 -0.1920711 0.8274233 -0.5277116 -0.2086768 0.8304756 -0.5164924 0.04688782 0.7404121 -0.6705157 0.02325531 0.7456414 -0.6659415 0.3612282 0.6387252 -0.6793705 0.3344134 0.6465703 -0.685649 0.6709441 0.5244509 -0.5241997 0.6471493 0.5350929 -0.5430225 0.875341 0.4132518 -0.251 0.8893118 0.3999501 -0.2217304 -0.2378275 0.9704018 -0.04193543 -0.2371886 0.9701545 -0.05041603 -0.3097054 0.9276012 -0.2088987 -0.3040632 0.9266833 -0.2209153 -0.2510048 0.864862 -0.4347531 -0.2640226 0.8670442 -0.422524 -0.08533828 0.7899433 -0.6072124 -0.06463983 0.7858701 -0.6150039 0.2232923 0.6912794 -0.6872215 0.1974442 0.6977756 -0.6885674 0.5436409 0.5830192 -0.6037741 0.5179241 0.5922594 -0.6172385 0.7907646 0.4753326 -0.3856816 0.8095747 0.4633223 -0.3604458 -0.1242506 0.9914937 0.03875586 -0.2816564 0.9512855 -0.1254016 -0.2785331 0.9507703 -0.1358496 -0.2923943 0.8994729 -0.3247369 -0.2828206 0.8980022 -0.3370526 -0.1721392 0.8304755 -0.529791 -0.1547923 0.8274233 -0.5398241 0.06965264 0.7456411 -0.6626974 0.09354561 0.7404121 -0.6656119 0.3814273 0.6465701 -0.6606514 0.4077386 0.638725 -0.6525179 0.7058765 0.5244509 -0.4761193 0.6834517 0.5350934 -0.496557 0.8907176 0.4132518 -0.1893281 0.9026127 0.39995 -0.1591551 -0.2330939 0.9701545 -0.06683888 -0.2343229 0.9704018 -0.05842325 -0.2943789 0.9276011 -0.2299942 -0.2879126 0.9266834 -0.2415871 -0.2200666 0.864862 -0.4512033 -0.2339055 0.8670442 -0.4399122 -0.02158167 0.78587 -0.618015 -0.04277367 0.7899433 -0.6116862 0.2449943 0.6977755 -0.6731175 0.2706859 0.6912792 -0.6699718 0.5844336 0.5830194 -0.5643808 0.5597195 0.5922593 -0.5796058 0.8327463 0.463322 -0.3030947 0.8157422 0.4753324 -0.3295814 -0.1478398 0.9889573 -0.01033786 -0.1186377 0.9929029 -0.008295907 -0.1729685 0.9844961 -0.02914304 -0.1730065 0.9847528 -0.01818384 -0.2722228 0.9512855 -0.1447433 -0.2683781 0.9507703 -0.1549483 -0.2586202 0.8980022 -0.3559602 -0.2690299 0.8994729 -0.3443421 -0.1167583 0.8274232 -0.5493071 -0.1347638 0.8304756 -0.5405081 0.1397477 0.7404122 -0.657465 0.11571 0.7456412 -0.6562244 0.4265827 0.6465699 -0.6324354 0.4522626 0.6387249 -0.6224862 0.7373694 0.5244506 -0.4257206 0.7164251 0.5350929 -0.4476725 0.9208919 0.3848703 -0.06191114 0.9017547 0.4132518 -0.1267334 -0.2278638 0.9701545 -0.08293559 -0.2296768 0.9704018 -0.07462649 -0.2776183 0.9276011 -0.2499685 -0.2703588 0.9266833 -0.2610825 -0.1880563 0.864862 -0.4654551 -0.2026489 0.8670442 -0.4551571 0 0.7899433 -0.6131799 0.02158167 0.78587 -0.618015 0.2913522 0.6977755 -0.6543877 0.3167616 0.6912793 -0.6494575 0.598787 0.5922594 -0.5391502 0.6223793 0.5830193 -0.522238 0.8367456 0.4753323 -0.2718751 0.8518605 0.463322 -0.2442671 -0.1717533 0.9848442 -0.0241383 -0.1713167 0.9847528 -0.03020777 -0.2569158 0.9507703 -0.1732917 -0.2614628 0.9512855 -0.1633803 -0.2331599 0.8980023 -0.3731334 -0.2443541 0.8994728 -0.3622701 -0.07815681 0.8274232 -0.5561137 -0.09673161 0.8304755 -0.5485923 0.1852711 0.7404121 -0.6461149 0.1612036 0.7456414 -0.6465542 0.4696606 0.6465701 -0.6011373 0.4945829 0.6387253 -0.5894215 0.7459081 0.535093 -0.3966062 0.7652699 0.5244508 -0.373247 0.9009514 0.4338754 -0.006213513 0.9237804 0.3774348 -0.06459688 0.8588108 0.5087608 -0.06005376 -0.2239116 0.9704017 -0.09046602 -0.2215234 0.9701545 -0.09862864 -0.2595051 0.9276011 -0.2687254 -0.251488 0.9266833 -0.2793059 -0.1704048 0.8670442 -0.4681843 -0.1551292 0.8648621 -0.4774395 0.04277367 0.7899433 -0.6116862 0.06463983 0.7858701 -0.6150039 0.3612939 0.6912793 -0.6257794 0.3362902 0.6977755 -0.63247 0.6572928 0.5830188 -0.4775514 0.6349374 0.592259 -0.4960683 0.8668243 0.4633226 -0.1842494 0.8536724 0.4753325 -0.2128438 -0.1687922 0.9847528 -0.04208461 -0.1696511 0.9848443 -0.03606059 -0.2494292 0.9512855 -0.1812206 -0.2442016 0.9507703 -0.1907914 -0.2065632 0.8980022 -0.3884888 -0.2184882 0.8994729 -0.3784328 -0.05822827 0.8304754 -0.5540035 -0.03917413 0.8274232 -0.5602109 0.2059128 0.745641 -0.6337346 0.2298896 0.740412 -0.6316176 0.5344948 0.638725 -0.5534849 0.510449 0.6465703 -0.5669115 0.7894421 0.5244507 -0.3189555 0.7717568 0.5350929 -0.3436085 -0.07460136 0.9954895 0.05861213 -0.2170555 0.9704018 -0.1058651 -0.2141039 0.9701546 -0.113841 -0.2401275 0.9276011 -0.286173 -0.2313922 0.9266834 -0.2961681 -0.1373314 0.8670442 -0.4789306 -0.1214472 0.864862 -0.4870978 0.1073825 0.7858701 -0.6089969 0.08533828 0.7899433 -0.6072124 0.4040657 0.6912792 -0.5990525 0.3795898 0.6977755 -0.607471 0.6890035 0.5830195 -0.4305375 0.6679953 0.5922592 -0.4505677 0.8775653 0.4633226 -0.1233338 0.8664398 0.4753328 -0.1527769 -0.1667224 0.9848442 -0.04780678 -0.1654453 0.9847528 -0.05375644 -0.2361802 0.9512854 -0.1981788 -0.230298 0.9507703 -0.2073612 -0.1915577 0.899473 -0.3927519 -0.1789603 0.8980023 -0.4019516 -0.01944102 0.8304756 -0.5567157 0 0.8274233 -0.5615788 0.2733893 0.7404124 -0.6140422 0.2496188 0.7456413 -0.6178265 0.5718016 0.6387252 -0.5148525 0.548752 0.64657 -0.5299231 0.8097681 0.5244512 -0.2631095 0.7938461 0.5350932 -0.2889357 -0.0248638 0.9970037 -0.07324799 -0.08564226 0.9962853 -0.009001263 -0.05879736 0.9982508 -0.006179784 -0.1036365 0.9945086 -0.01456513 -0.1005723 0.9933147 -0.05666657 -0.2056411 0.9701545 -0.1284989 -0.209142 0.9704017 -0.1207482 -0.2101687 0.9266834 -0.311588 -0.2195804 0.9276011 -0.3022261 -0.08717305 0.864862 -0.494383 -0.1035881 0.8670442 -0.4873438 0.1496021 0.78587 -0.600023 0.1274868 0.7899433 -0.5997806 0.4210405 0.6977757 -0.5795118 0.4448698 0.6912794 -0.5694065 0.6977975 0.5922596 -0.4028736 0.7173581 0.5830195 -0.3814258 0.8778092 0.4780287 -0.03065374 0.8529121 0.5212043 -0.0297843 0.8875068 0.4581579 -0.04922377 0.8749865 0.4753326 -0.09196525 -0.1612925 0.9847528 -0.06516628 -0.1629814 0.9848442 -0.05932041 -0.2217806 0.9512855 -0.2141711 -0.2152722 0.9507703 -0.2229208 -0.1636945 0.8994729 -0.4051575 -0.1504855 0.8980022 -0.4134564 0.01944102 0.8304756 -0.5567157 0.03917413 0.8274232 -0.5602109 0.3155568 0.7404121 -0.5934761 0.292107 0.7456412 -0.5989096 0.5843803 0.6465701 -0.4903537 0.6063226 0.6387252 -0.4737119 0.812067 0.5350932 -0.2328572 0.8261497 0.5244504 -0.2059816 -0.102368 0.9945086 -0.02175908 -0.1028783 0.9945285 -0.01814019 -0.03439005 0.9993901 -0.006063893 -0.2002096 0.9704018 -0.1350431 -0.1961767 0.9701545 -0.1425305 -0.1879215 0.9266834 -0.3254897 -0.1979631 0.9276011 -0.3168072 -0.05247442 0.864862 -0.4992595 -0.06934024 0.8670442 -0.4933826 0.1910934 0.7858702 -0.5881253 0.1690155 0.7899435 -0.5894262 0.4604393 0.6977755 -0.5487304 0.4835052 0.6912793 -0.5369875 0.7242007 0.5922593 -0.3532169 0.7422176 0.5830192 -0.3304568 -0.1563537 0.9847528 -0.07625887 -0.1584464 0.9848442 -0.07054486 -0.1991975 0.9507703 -0.2373946 -0.2063007 0.9512855 -0.2291199 -0.1350334 0.8994728 -0.4155895 -0.1212782 0.8980022 -0.4229465 0.05822827 0.8304754 -0.5540035 0.07815681 0.8274232 -0.5561137 0.3331738 0.7456411 -0.5770742 0.3561868 0.7404121 -0.5700184 0.6378908 0.6387253 -0.430262 0.6171622 0.6465704 -0.4483944 0.8263327 0.5350927 -0.175642 0.8385056 0.5244506 -0.1478513 -0.1013623 0.9945285 -0.02527256 -0.03388328 0.9993901 -0.008448067 -0.1006009 0.9945086 -0.02884678 -0.1857562 0.9701545 -0.155868 -0.1903018 0.9704017 -0.1486799 -0.1647586 0.9266834 -0.3378056 -0.1753814 0.9276011 -0.3298448 -0.01751995 0.864862 -0.5017037 -0.03475493 0.8670442 -0.4970176 0.2097196 0.7899435 -0.5762006 0.2316541 0.78587 -0.5733626 0.5197864 0.6912792 -0.5019515 0.4975951 0.6977757 -0.5152751 0.7634612 0.5830194 -0.2778765 0.7470761 0.5922595 -0.3018377 -0.1531395 0.9848443 -0.08142567 -0.1506533 0.9847528 -0.08697977 -0.1821527 0.9507703 -0.2507114 -0.1898154 0.9512855 -0.2429528 -0.09147928 0.8980023 -0.4303761 -0.1057141 0.8994729 -0.4239966 0.1167583 0.8274233 -0.549307 0.09673161 0.8304755 -0.5485923 0.3950821 0.7404121 -0.5437831 0.3726172 0.7456412 -0.5524271 0.6469375 0.6465701 -0.404251 0.6663502 0.6387253 -0.3847174 0.8365718 0.5350929 -0.1175726 0.8409155 0.5391096 -0.04713884 0.8467765 0.5244507 -0.08900024 -0.09834353 0.9945086 -0.03579414 -0.09935245 0.9945285 -0.03228151 -0.03321145 0.9993901 -0.01079106 -0.174431 0.9701545 -0.168446 -0.1794668 0.9704017 -0.1615927 -0.1519457 0.9276011 -0.3412752 -0.1407935 0.9266833 -0.3484756 0 0.8670442 -0.4982313 0.01751995 0.864862 -0.5017037 0.2710845 0.78587 -0.5558071 0.2494028 0.7899432 -0.5601678 0.5535341 0.6912794 -0.4644706 0.5323271 0.6977754 -0.4793092 0.7809851 0.583019 -0.2239445 0.7663113 0.5922591 -0.2489903 -0.144219 0.9847528 -0.09727692 -0.1470865 0.9848442 -0.09190981 -0.16422 0.9507703 -0.262807 -0.1724053 0.9512855 -0.2556018 -0.06123475 0.8980022 -0.435709 -0.07588003 0.8994729 -0.4303379 0.1347638 0.8304756 -0.5405081 0.1547923 0.8274233 -0.5398241 0.4102447 0.7456411 -0.5250893 0.4320517 0.7404121 -0.5148993 0.6735603 0.6465701 -0.3581389 0.6915634 0.638725 -0.3372985 0.8675895 0.4935666 -0.06066768 0.7955669 0.6033062 -0.05563139 0.8262321 0.5633148 -0.004109159 -0.0323778 0.9993901 -0.01308145 -0.09560712 0.9945086 -0.04256703 -0.09685857 0.9945286 -0.03913341 -0.1622559 0.9701545 -0.1802033 -0.1677574 0.9704018 -0.173718 -0.127769 0.9276011 -0.3510431 -0.116142 0.9266834 -0.3574478 0.03475493 0.8670442 -0.4970176 0.05247442 0.864862 -0.4992595 0.3091957 0.7858703 -0.5355428 0.2878707 0.7899435 -0.5414055 0.564465 0.6977756 -0.4410084 0.5845858 0.6912793 -0.4247262 0.7947041 0.5830195 -0.1689191 0.7818133 0.5922595 -0.1949274 -0.137082 0.9847528 -0.1071001 -0.1403169 0.9848443 -0.1019461 -0.1454874 0.9507703 -0.2736224 -0.1541559 0.9512855 -0.2670053 -0.04567657 0.8994729 -0.4345828 -0.03069229 0.8980022 -0.4389191 0.1721392 0.8304755 -0.529791 0.1920711 0.8274233 -0.5277116 0.4669166 0.7404123 -0.4835066 0.4458738 0.7456412 -0.4951926 0.6969023 0.6465704 -0.3102802 0.7134077 0.6387255 -0.2882348 -0.09389284 0.9945286 -0.04579458 -0.0924049 0.9945086 -0.04913253 -0.03138641 0.9993901 -0.01530822 -0.155231 0.9704017 -0.1849969 -0.1492902 0.9701545 -0.1910829 -0.09092452 0.9266834 -0.3646788 -0.1029704 0.9276011 -0.3591006 0.06934024 0.8670442 -0.4933826 0.08717305 0.864862 -0.494383 0.3249355 0.7899434 -0.5200059 0.3458005 0.7858701 -0.5126697 0.5938533 0.6977755 -0.4005591 0.6127893 0.6912792 -0.382913 0.7972912 0.6011057 -0.05475814 0.8045518 0.5830189 -0.1130725 0.7935063 0.5922592 -0.1399173 -0.1292771 0.9847528 -0.1164017 -0.1328636 0.9848442 -0.1114859 -0.1351548 0.9512855 -0.2771085 -0.1260464 0.9507703 -0.2831044 0 0.8980023 -0.4399908 -0.01524999 0.8994729 -0.4367104 0.2284146 0.8274233 -0.5130277 0.2086767 0.8304756 -0.5164923 0.4995073 0.7404122 -0.449758 0.4793302 0.7456413 -0.462884 0.7317761 0.6387251 -0.237769 0.7168486 0.6465701 -0.2609122 -0.08875248 0.9945086 -0.0554587 -0.03024211 0.9993901 -0.01746031 -0.0904696 0.9945285 -0.05223272 -0.1355972 0.9701545 -0.2010314 -0.141948 0.9704016 -0.1953747 -0.06526434 0.9266833 -0.3701332 -0.07767039 0.9276011 -0.3654086 0.1035881 0.8670441 -0.4873438 0.1214472 0.8648621 -0.4870978 0.3807199 0.78587 -0.4872994 0.3604181 0.7899433 -0.496073 0.6203484 0.6977754 -0.3581583 0.6380069 0.6912792 -0.3392348 0.8432239 0.5302067 -0.08862556 0.7968988 0.6036274 -0.02421115 0.7656479 0.6424552 -0.0321625 -0.1247631 0.9848442 -0.1204824 -0.1208424 0.9847528 -0.125136 -0.1154953 0.9512855 -0.2858613 -0.1059906 0.9507704 -0.2912075 0.01524999 0.8994729 -0.4367104 0.03069229 0.8980023 -0.4389192 0.2636454 0.8274233 -0.4958445 0.2441968 0.8304756 -0.5006777 0.510452 0.7456411 -0.42832 0.5296639 0.7404121 -0.4138188 0.7333028 0.6465703 -0.2102707 0.7465794 0.6387253 -0.1861426 -0.08660571 0.9945285 -0.05841624 -0.08466769 0.9945086 -0.06151465 -0.02895049 0.9993901 -0.0195273 -0.1279737 0.9704017 -0.2048006 -0.121244 0.9701545 -0.2100004 -0.03928636 0.9266834 -0.3737841 -0.05199087 0.9276011 -0.3699367 0.1373314 0.8670442 -0.4789306 0.1551292 0.8648621 -0.4774394 0.3941445 0.7899433 -0.469723 0.413785 0.78587 -0.4595544 0.6438209 0.6977757 -0.3140123 0.660117 0.6912793 -0.2939023 -0.1118191 0.9847528 -0.1332606 -0.1160548 0.9848442 -0.1288919 -0.09527361 0.9512855 -0.2932215 -0.08541902 0.9507703 -0.2978917 0.04567657 0.8994729 -0.4345828 0.06123475 0.8980022 -0.435709 0.2785275 0.8304756 -0.4824239 0.2975912 0.8274233 -0.4762459 0.5390865 0.7456411 -0.3916695 0.5572402 0.7404121 -0.3758633 0.7461843 0.6465702 -0.1586062 0.7577451 0.6387255 -0.1336116 -0.08017036 0.9945086 -0.06727096 -0.08231977 0.9945285 -0.06431532 -0.0275178 0.9993901 -0.02149929 -0.1133757 0.9704017 -0.2132287 -0.1062996 0.9701545 -0.2179464 -0.0131165 0.9266833 -0.375614 -0.0260591 0.9276011 -0.3726621 0.1880563 0.864862 -0.4654551 0.1704048 0.8670442 -0.4681842 0.4448336 0.7858701 -0.429571 0.4259508 0.7899432 -0.4410846 0.6790102 0.6912792 -0.2471401 0.6641572 0.6977754 -0.2683371 -0.1022508 0.9847528 -0.1407362 -0.1067811 0.9848442 -0.1366735 -0.06443141 0.9507703 -0.3031245 -0.07458738 0.9512855 -0.2991533 0.09147928 0.8980023 -0.4303761 0.07588003 0.8994729 -0.4303379 0.3300878 0.8274233 -0.4543268 0.311501 0.8304756 -0.4618197 0.5650951 0.7456412 -0.3531102 0.5821016 0.7404122 -0.3360765 0.7591452 0.6495396 -0.04238952 0.76522 0.638725 -0.08042711 0.7554301 0.6465705 -0.1061695 -0.02595106 0.9993901 -0.02336643 -0.07528249 0.9945086 -0.07269951 -0.07763291 0.9945285 -0.06990092 -0.09822523 0.9704017 -0.220618 -0.0908373 0.9701545 -0.2248306 0.0131165 0.9266834 -0.3756141 0 0.9276011 -0.3735722 0.2026489 0.8670442 -0.4551571 0.2200666 0.864862 -0.4512033 0.4556814 0.7899433 -0.4102975 0.4737155 0.78587 -0.3974945 0.6812574 0.6977755 -0.2213546 0.6945963 0.6912789 -0.1991718 -0.09698708 0.9848442 -0.1437892 -0.09218451 0.9847528 -0.147526 -0.05353762 0.9512855 -0.3036274 -0.04312897 0.9507703 -0.3068806 0.1212782 0.8980021 -0.4229465 0.1057141 0.8994729 -0.4239966 0.360976 0.8274233 -0.4301942 0.3429575 0.8304756 -0.4389652 0.6041273 0.7404121 -0.2946525 0.5883499 0.7456412 -0.3128315 0.7119235 0.7004904 -0.04978229 0.814588 0.5772364 -0.05696126 0.7330425 0.6801636 -0.005126572 -0.07256769 0.9945285 -0.0751461 -0.02425787 0.9993901 -0.02511976 -0.07002788 0.9945086 -0.07777382 -0.08259676 0.9704017 -0.2269323 -0.0749329 0.9701545 -0.2306194 0.0260591 0.9276012 -0.3726622 0.03928636 0.9266834 -0.3737841 0.2339055 0.8670442 -0.4399122 0.2510048 0.864862 -0.4347531 0.5002893 0.78587 -0.3634817 0.4831923 0.7899433 -0.3775114 0.6950393 0.6977753 -0.1732919 0.7067975 0.6912792 -0.1502343 -0.08166904 0.9847528 -0.1535971 -0.08672061 0.9848443 -0.1502044 -0.03222731 0.9512854 -0.3066224 -0.02161731 0.9507703 -0.3091416 0.1350334 0.8994728 -0.4155895 0.1504855 0.8980022 -0.4134564 0.3901056 0.8274233 -0.4039658 0.3727427 0.8304756 -0.4139725 0.6232096 0.740412 -0.2517932 0.608739 0.745641 -0.2710281 -0.06443208 0.9945086 -0.08246925 -0.02244653 0.9993901 -0.02675071 -0.06714904 0.9945285 -0.08002507 -0.05866312 0.9701545 -0.2352846 -0.06656548 0.9704017 -0.2321412 0.06526433 0.9266833 -0.3701332 0.05199087 0.9276011 -0.3699367 0.2640226 0.8670442 -0.422524 0.2807199 0.8648621 -0.4161849 0.5083491 0.7899433 -0.3428859 0.5244261 0.78587 -0.3276975 0.7091022 0.7032119 -0.0516449 0.7155555 0.6912792 -0.1005654 0.7054341 0.6977754 -0.1243874 -0.07075555 0.9847528 -0.15892 -0.07603153 0.9848442 -0.1558879 -0.01075959 0.9512855 -0.3081236 0 0.9507703 -0.3098964 0.1789603 0.8980023 -0.4019516 0.1636945 0.8994729 -0.4051575 0.4173343 0.8274233 -0.3757696 0.400712 0.8304756 -0.386963 0.6392554 0.7404122 -0.2077073 0.6261621 0.7456411 -0.2279045 -0.02052578 0.9993901 -0.02825133 -0.05852235 0.9945086 -0.08676293 -0.06140322 0.9945285 -0.0845142 -0.05020991 0.9704017 -0.2362191 -0.04210746 0.9701545 -0.2388037 0.07767039 0.9276011 -0.3654087 0.09092452 0.9266834 -0.3646788 0.3090681 0.8648621 -0.3955887 0.2928528 0.8670443 -0.4030775 0.5310296 0.7899432 -0.3065899 0.5460075 0.78587 -0.2903175 0.6981205 0.7157484 -0.01822224 0.7618021 0.6428425 -0.08006851 -0.06497221 0.9848443 -0.1608119 -0.05949774 0.9847528 -0.1634684 0.01075959 0.9512855 -0.3081236 0.02161731 0.9507703 -0.3091416 0.1915577 0.899473 -0.3927519 0.2065632 0.8980022 -0.3884888 0.4267289 0.8304756 -0.358068 0.44253 0.8274234 -0.3457425 0.6521877 0.7404119 -0.1626078 0.6405343 0.7456412 -0.1836705 -0.01850509 0.9993901 -0.02961434 -0.05232752 0.9945086 -0.09063388 -0.05535816 0.9945285 -0.08859165 -0.03360967 0.9704017 -0.2391462 -0.02534685 0.9701545 -0.2411592 0.1029704 0.9276011 -0.3591006 0.116142 0.9266834 -0.3574478 0.3202568 0.8670442 -0.3816674 0.3359101 0.864862 -0.3730658 0.5649289 0.7858701 -0.2515226 0.5511225 0.7899433 -0.2688003 -0.04794976 0.9847528 -0.1672206 -0.05359624 0.9848443 -0.1649524 0.03222731 0.9512854 -0.3066224 0.04312897 0.9507703 -0.3068806 0.2184882 0.8994729 -0.3784328 0.2331599 0.8980023 -0.3731334 0.4655698 0.8274234 -0.3140309 0.4506669 0.8304757 -0.3274288 0.6619418 0.7404119 -0.1167185 0.6517868 0.7456408 -0.1385414 -0.04904351 0.9945285 -0.0922374 -0.0458777 0.9945086 -0.09406331 -0.01639423 0.9993901 -0.03083305 -0.01684596 0.9704018 -0.2409081 -0.00846244 0.9701545 -0.2423399 0.1407935 0.9266834 -0.3484756 0.127769 0.9276011 -0.3510431 0.3611155 0.864862 -0.3487251 0.3461005 0.8670442 -0.3583976 0.5810979 0.7858702 -0.2115025 0.5685305 0.7899434 -0.2297011 -0.04195915 0.9848443 -0.1682892 -0.0361682 0.9847528 -0.170158 0.06443141 0.9507703 -0.3031245 0.05353762 0.9512855 -0.3036274 0.2586202 0.8980022 -0.3559602 0.2443541 0.8994728 -0.3622701 0.4863414 0.8274234 -0.2807892 0.4724094 0.8304757 -0.2951941 0.6630371 0.747695 -0.03652491 0.6684709 0.7404123 -0.07025902 0.6598629 0.7456412 -0.09273703 -0.01420349 0.9993901 -0.03190156 -0.04248987 0.9945286 -0.09543385 -0.03920446 0.9945085 -0.09703442 0.00846244 0.9701545 -0.2423399 0 0.9704017 -0.2414965 0.1519457 0.9276011 -0.3412752 0.1647586 0.9266834 -0.3378056 0.3845617 0.864862 -0.3226855 0.3702581 0.8670442 -0.3333818 0.5944361 0.7858701 -0.1704521 0.5831685 0.7899434 -0.1894834 -0.03011774 0.9848443 -0.1708062 -0.02421038 0.9847528 -0.1722665 0.08541902 0.9507703 -0.2978917 0.07458738 0.9512855 -0.2991533 0.2690299 0.8994729 -0.3443421 0.2828206 0.8980022 -0.3370526 0.5047438 0.8274233 -0.2461798 0.4918502 0.8304756 -0.2615217 0.6115665 0.7900364 -0.0427651 0.672778 0.7383472 -0.04704546 0.6616417 0.7497312 -0.01154922 0.6234527 0.7817853 -0.01088268 -0.01194357 0.9993901 -0.03281461 -0.03572928 0.9945285 -0.09816529 -0.03234016 0.9945086 -0.09953284 0.02534685 0.9701546 -0.2411592 0.01684596 0.9704018 -0.2409081 0.1753814 0.9276011 -0.3298448 0.1879215 0.9266834 -0.3254897 0.3926117 0.8670442 -0.3067418 0.4061342 0.8648621 -0.2950739 0.6048782 0.7858702 -0.1285707 0.5949657 0.7899435 -0.1483414 -0.01812962 0.9848442 -0.172491 -0.01213482 0.9847528 -0.1735357 0.09527361 0.9512855 -0.2932215 0.1059906 0.9507704 -0.2912075 0.3056433 0.8980022 -0.316503 0.2923943 0.8994729 -0.3247369 0.5206869 0.8274232 -0.210371 0.5088952 0.8304756 -0.2265748 -0.009625438 0.9993901 -0.03356781 -0.02879461 0.9945285 -0.1004185 -0.0253183 0.9945086 -0.1015463 0.04210746 0.9701545 -0.2388037 0.03360967 0.9704017 -0.2391462 0.2101687 0.9266834 -0.3115881 0.1979631 0.927601 -0.3168072 0.4257283 0.8648621 -0.2660245 0.4130524 0.8670442 -0.2786075 0.6123734 0.7858702 -0.08606286 0.6038641 0.7899435 -0.1064771 0 0.9847528 -0.1739595 -0.006052949 0.9848442 -0.1733355 0.1260464 0.9507703 -0.2831045 0.1154953 0.9512855 -0.2858614 0.3143346 0.8994728 -0.3035495 0.326977 0.8980022 -0.2944114 0.5340931 0.8274232 -0.1735378 0.5234606 0.8304754 -0.1905242 -0.007260324 0.9993901 -0.0341575 -0.01817315 0.9945086 -0.1030651 -0.02171943 0.9945285 -0.1021825 0.05866312 0.9701545 -0.2352846 0.05020991 0.9704017 -0.2362191 0.2313922 0.9266834 -0.2961681 0.2195804 0.9276011 -0.3022261 0.4432481 0.864862 -0.2356795 0.4314809 0.8670442 -0.2491159 0.5321095 0.8448263 -0.05592712 0.6191669 0.7844265 -0.03615808 0.5836934 0.8118684 -0.01310593 0.6098207 0.7899433 -0.06409492 0.01213482 0.9847528 -0.1735357 0.006052949 0.9848442 -0.1733355 0.1454874 0.9507703 -0.2736224 0.1351548 0.9512854 -0.2771084 0.3467176 0.8980023 -0.2708854 0.3347436 0.8994729 -0.280883 0.5354757 0.8304756 -0.1535451 0.5448975 0.8274233 -0.135858 -0.01453879 0.9945286 -0.1034487 -0.01093948 0.9945086 -0.1040817 -0.004860006 0.9993901 -0.03458074 0.06656548 0.9704017 -0.2321412 0.0749329 0.9701545 -0.2306194 0.2401275 0.9276011 -0.286173 0.251488 0.9266833 -0.2793059 0.4586085 0.864862 -0.2041857 0.4478074 0.8670442 -0.2184101 0.01812962 0.9848442 -0.172491 0.02421038 0.9847528 -0.1722665 0.16422 0.9507703 -0.262807 0.1541559 0.9512855 -0.2670053 0.3647691 0.8980021 -0.2460399 0.3535213 0.8994728 -0.2568488 0.5530474 0.8274232 -0.09751674 0.5448821 0.8304755 -0.1158183 -0.007287211 0.9945285 -0.1042109 -0.002435999 0.9993901 -0.03483551 -0.003652371 0.9945086 -0.1045913 0.0908373 0.9701545 -0.2248306 0.08259676 0.9704017 -0.2269323 0.2595051 0.9276011 -0.2687254 0.2703588 0.9266833 -0.2610825 0.461952 0.8670442 -0.1866407 0.4717346 0.864862 -0.1716974 0.03011774 0.9848443 -0.1708062 0.0361682 0.9847528 -0.170158 0.1724053 0.9512855 -0.2556018 0.1821527 0.9507703 -0.2507114 0.3705775 0.8994728 -0.2315619 0.3810431 0.8980023 -0.2199956 0.5635133 0.8249056 -0.04453729 0.5516341 0.8304754 -0.07752711 0.003652371 0.9945086 -0.1045913 0 0.9945285 -0.1044654 0 0.9993901 -0.03492058 0.1062996 0.9701545 -0.2179464 0.09822524 0.9704017 -0.220618 0.2879126 0.9266834 -0.2415871 0.2776183 0.9276011 -0.2499685 0.473846 0.8670441 -0.1539621 0.4825627 0.864862 -0.1383725 0.04195915 0.9848443 -0.1682892 0.04794976 0.9847528 -0.1672206 0.1991975 0.9507703 -0.2373946 0.1898153 0.9512855 -0.2429528 0.3954613 0.8980022 -0.1928792 0.3858272 0.899473 -0.2051484 0.5576208 0.8291795 -0.03899255 0.5425461 0.840025 0.001285933 0.484679 0.8740352 -0.03389196 0.01093948 0.9945086 -0.1040817 0.007287211 0.9945285 -0.1042109 0.002435999 0.9993901 -0.03483551 0.121244 0.9701545 -0.2100004 0.1133757 0.9704018 -0.2132287 0.3040632 0.9266834 -0.2209153 0.2943789 0.9276011 -0.2299942 0.4834317 0.8670442 -0.120533 0.4910395 0.864862 -0.1043737 0.05359624 0.9848443 -0.1649524 0.05949774 0.9847528 -0.1634684 0.2152722 0.9507703 -0.2229209 0.2063007 0.9512855 -0.2291199 0.3991981 0.8994728 -0.1777341 0.4079524 0.8980023 -0.1648234 0.01453879 0.9945285 -0.1034487 0.01817315 0.9945086 -0.1030651 0.004860006 0.9993901 -0.03458074 0.1355972 0.9701545 -0.2010314 0.1279737 0.9704017 -0.2048006 0.3097055 0.9276012 -0.2088987 0.3187332 0.9266833 -0.1991661 0.490662 0.8670442 -0.08651661 0.4971239 0.8648621 -0.0698662 0.06497221 0.9848443 -0.1608119 0.07075556 0.9847528 -0.15892 0.2217806 0.9512855 -0.2141711 0.230298 0.9507703 -0.2073612 0.4184561 0.8980023 -0.1359649 0.4106236 0.8994729 -0.149455 0.007260324 0.9993901 -0.0341575 0.02171943 0.9945285 -0.1021825 0.0253183 0.9945086 -0.1015463 0.1492902 0.9701545 -0.1910829 0.141948 0.9704016 -0.1953747 0.323523 0.9276011 -0.1867863 0.3318496 0.9266833 -0.1764479 0.4955019 0.8670442 -0.05207972 0.4998237 0.8657198 -0.02656083 0.4561885 0.8898286 -0.009856043 0.4291112 0.9021249 -0.04510174 0.5019361 0.8643405 -0.03123558 0.07603153 0.9848442 -0.1558879 0.08166904 0.9847528 -0.1535971 0.2361802 0.9512854 -0.1981788 0.2442016 0.9507703 -0.1907914 0.4269212 0.8980023 -0.1064434 0.4200488 0.899473 -0.1204469 0.03234017 0.9945086 -0.09953284 0.02879461 0.9945286 -0.1004185 0.009625438 0.9993901 -0.03356781 0.1622559 0.9701545 -0.1802033 0.155231 0.9704017 -0.1849969 0.3433498 0.9266834 -0.1528689 0.3357645 0.9276012 -0.1637632 0.09218451 0.9847528 -0.147526 0.08672061 0.9848443 -0.1502044 0.2494292 0.9512855 -0.1812206 0.2569158 0.9507703 -0.1732917 0.4333065 0.8980023 -0.07640331 0.4274275 0.899473 -0.09085257 0.03572928 0.9945285 -0.09816529 0.03920446 0.9945085 -0.09703442 0.01194357 0.9993901 -0.03281461 0.174431 0.9701545 -0.168446 0.1677574 0.9704018 -0.173718 0.3531769 0.9266834 -0.1285461 0.3463702 0.9276011 -0.1399427 0.09698708 0.9848442 -0.1437892 0.1022508 0.9847528 -0.1407362 0.2683781 0.9507703 -0.1549483 0.2614628 0.9512855 -0.1633803 0.432724 0.8994728 -0.06081549 0.4399652 0.8971855 -0.0385865 0.01420349 0.9993901 -0.03190156 0.04248986 0.9945285 -0.09543383 0.0458777 0.9945086 -0.09406331 0.1794668 0.9704017 -0.1615927 0.1857562 0.9701545 -0.155868 0.3612835 0.9266834 -0.1035962 0.3552883 0.9276011 -0.1154401 0.1067811 0.9848442 -0.1366735 0.1118191 0.9847528 -0.1332606 0.2785331 0.9507703 -0.1358496 0.2722228 0.9512855 -0.1447433 0.4112481 0.9114184 0.01384062 0.4298537 0.9023981 -0.03005823 0.3842553 0.9228358 -0.02686967 0.04904351 0.9945285 -0.0922374 0.01639423 0.9993901 -0.03083305 0.05232752 0.9945086 -0.09063388 0.1903018 0.9704017 -0.1486799 0.1961767 0.9701545 -0.1425305 0.3624755 0.9276011 -0.09037539 0.36763 0.9266833 -0.07814222 0.1208424 0.9847528 -0.125136 0.1160548 0.9848442 -0.1288919 0.287331 0.9507703 -0.1160893 0.2816564 0.9512855 -0.1254016 0.05852235 0.9945086 -0.08676293 0.05535816 0.9945285 -0.08859165 0.01850509 0.9993901 -0.02961434 0.2056411 0.9701545 -0.1284989 0.2002096 0.9704018 -0.1350431 0.3721853 0.9266834 -0.05230732 0.3678969 0.9276011 -0.06486994 0.1292771 0.9847528 -0.1164017 0.1247631 0.9848442 -0.1204824 0.2897179 0.9512855 -0.1054486 0.2947291 0.9507703 -0.09576318 0.06443208 0.9945086 -0.08246925 0.06140322 0.9945285 -0.0845142 0.02052578 0.9993901 -0.02825133 0.2141039 0.9701546 -0.113841 0.209142 0.9704017 -0.1207482 0.3715257 0.9276011 -0.03904911 0.3653108 0.9307981 -0.01275671 0.3184673 0.9478686 -0.01112094 0.3734711 0.9270986 -0.03174195 0.137082 0.9847528 -0.1071001 0.1328636 0.9848442 -0.1114859 0.3006912 0.9507703 -0.07497081 0.2963678 0.9512855 -0.08498242 0.07002788 0.9945086 -0.07777382 0.06714904 0.9945285 -0.08002508 0.02244653 0.9993901 -0.02675071 0.2170555 0.9704018 -0.1058651 0.2215234 0.9701545 -0.09862864 0.144219 0.9847528 -0.09727692 0.1403169 0.9848443 -0.1019461 0.3051885 0.9507703 -0.05381281 0.3015741 0.9512855 -0.06410159 0.07528249 0.9945086 -0.07269951 0.07256769 0.9945285 -0.0751461 0.02425787 0.9993901 -0.02511976 0.2278638 0.9701545 -0.08293559 0.2239116 0.9704017 -0.09046602 0.1506533 0.9847528 -0.08697976 0.1470865 0.9848442 -0.09190981 0.3081988 0.9507703 -0.03239315 0.3082308 0.9507406 -0.0329547 0.305311 0.9512854 -0.04290846 0.08017037 0.9945086 -0.06727096 0.07763291 0.9945285 -0.06990092 0.02595106 0.9993901 -0.02336643 0.2330939 0.9701545 -0.06683888 0.2296768 0.9704018 -0.07462649 0.1563537 0.9847528 -0.07625887 0.1531395 0.9848443 -0.08142567 0.2569977 0.9662449 -0.01797081 0.2707468 0.9622918 0.02627846 0.2922293 0.9561299 -0.0204344 0.0275178 0.9993901 -0.02149929 0.08466769 0.9945086 -0.06151465 0.08231977 0.9945285 -0.06431532 0.2371886 0.9701545 -0.05041603 0.2343229 0.9704018 -0.05842325 0.1612925 0.9847528 -0.06516628 0.1584464 0.9848442 -0.07054486 0.08660571 0.9945285 -0.05841624 0.02895049 0.9993901 -0.0195273 0.08875248 0.9945086 -0.0554587 0.2401191 0.9701104 -0.03505319 0.2401277 0.9701545 -0.03374758 0.2378275 0.9704018 -0.04193543 0.1654453 0.9847528 -0.05375644 0.1629814 0.9848442 -0.0593204 0.0924049 0.9945086 -0.04913253 0.0904696 0.9945285 -0.05223272 0.03024211 0.9993901 -0.01746031 0.2330987 0.9721445 -0.02449983 0.2225165 0.9749109 0.005943518 0.1735868 0.9844586 -0.02662711 0.1687922 0.9847528 -0.04208461 0.1667224 0.9848442 -0.04780678 0.09560712 0.9945086 -0.04256703 0.03138641 0.9993901 -0.01530822 0.09389282 0.9945285 -0.04579457 0.169651 0.9848442 -0.03606059 0.1713167 0.9847528 -0.03020777 0.09834353 0.9945086 -0.03579414 0.09685857 0.9945285 -0.03913341 0.0323778 0.9993901 -0.01308145 0.1730065 0.9847528 -0.01818384 0.1729685 0.9844961 -0.02914306 0.1717533 0.9848442 -0.0241383 0.1006009 0.9945086 -0.02884678 0.09935245 0.9945285 -0.03228151 0.03321145 0.9993901 -0.01079106 0.1478398 0.9889573 -0.01033786 0.1186377 0.9929029 -0.008295907 0.1242506 0.9914937 0.03875585 0.102368 0.9945086 -0.02175909 0.1013623 0.9945285 -0.02527256 0.03388328 0.9993901 -0.008448067 0.1036365 0.9945086 -0.01456513 0.1005723 0.9933147 -0.05666658 0.1028783 0.9945285 -0.01814019 0.03439005 0.9993901 -0.006063893 0.0248638 0.9970037 -0.07324799 0.08564225 0.9962853 -0.009001262 0.07460136 0.9954895 0.05861213 0.05879736 0.9982508 -0.006179784 -2.220465e-16 1.110199e-16 1 -2.220459e-16 1.110209e-16 1 -2.220493e-16 1.110185e-16 1 -2.220446e-16 1.110226e-16 1 -2.22046e-16 1.110195e-16 1 -2.220452e-16 1.110217e-16 1 -2.220478e-16 1.110204e-16 1 -2.220401e-16 1.110253e-16 1 -2.220455e-16 1.110219e-16 1 -2.220441e-16 1.110233e-16 1 -2.220452e-16 1.110215e-16 1 -2.220446e-16 1.110224e-16 1 -2.220446e-16 1.110223e-16 1 -2.220446e-16 1.110224e-16 1 -2.220427e-16 1.110229e-16 1 -2.22046e-16 1.110219e-16 1 -2.220456e-16 1.110222e-16 1 -2.220445e-16 1.110225e-16 1 -2.220449e-16 1.110211e-16 1 -2.220401e-16 1.110233e-16 1 -2.220449e-16 1.110222e-16 1 -2.220437e-16 1.110226e-16 1 -2.220448e-16 1.1102e-16 1 -2.220472e-16 1.110223e-16 1 -2.496377e-15 8.753762e-14 1 -2.496377e-15 -2.26175e-14 1 -2.220384e-16 1.110219e-16 1 -5.9164e-16 -2.319121e-16 1 -7.05958e-16 -6.808666e-16 1 -3.216252e-16 3.330703e-16 1 -3.216238e-16 3.330627e-16 1 -8.500797e-16 -2.121147e-15 1 -1.057782e-15 6.207463e-15 1 -2.220451e-16 1.110224e-16 1 -2.220434e-16 1.110221e-16 1 -3.21623e-16 3.330603e-16 1 -3.406214e-16 4.076728e-16 1 -2.220457e-16 1.110225e-16 1 -2.22038e-16 1.1102e-16 1 -2.220451e-16 1.110224e-16 1 -2.220441e-16 1.110222e-16 1 -2.220438e-16 1.110221e-16 1 -2.220447e-16 1.110223e-16 1 -2.220449e-16 1.110224e-16 1 -3.216258e-16 3.330695e-16 1 -2.220397e-16 1.110191e-16 1 -2.220433e-16 1.110214e-16 1 -2.22043e-16 1.110213e-16 1 -2.220445e-16 1.110223e-16 1 -2.220463e-16 1.110235e-16 1 -2.220456e-16 1.110229e-16 1 -2.837992e-16 2.204839e-16 1 -2.787819e-16 2.239034e-16 1 -2.739394e-16 2.273853e-16 1 -4.366915e-16 1.217349e-16 1 -3.2163e-16 3.330716e-16 1 -2.220467e-16 1.110244e-16 1 -3.043841e-16 2.043244e-16 1 -2.22044e-16 1.110217e-16 1 -2.220454e-16 1.110233e-16 1 -2.220418e-16 1.110187e-16 1 -3.216203e-16 3.330637e-16 1 -3.216443e-16 3.330795e-16 1 -2.220449e-16 1.110225e-16 1 -2.22047e-16 1.110275e-16 1 -3.216247e-16 3.33067e-16 1 -3.21624e-16 3.330666e-16 1 -3.216228e-16 3.330656e-16 1 -3.216336e-16 3.330714e-16 1 -3.216192e-16 3.330647e-16 1 -2.220438e-16 1.110202e-16 1 -2.220446e-16 1.110223e-16 1 -3.216252e-16 3.330674e-16 1 -3.216238e-16 3.330666e-16 1 -3.216247e-16 3.33067e-16 1 -3.216258e-16 3.330678e-16 1 -3.216253e-16 3.330675e-16 1 -3.21623e-16 3.330658e-16 1 -2.633566e-16 2.260691e-16 1 -2.220433e-16 1.110181e-16 1 -2.724606e-16 2.227555e-16 1 -2.220446e-16 1.110223e-16 1 -3.216253e-16 3.330675e-16 1 -3.216217e-16 3.330666e-16 1 -3.216333e-16 3.33068e-16 1 3.483978e-15 -2.946227e-14 1 6.454374e-15 -8.897991e-14 1 -3.216345e-16 3.33067e-16 1 -3.216285e-16 3.330669e-16 1 -3.216242e-16 3.33071e-16 1 -3.216243e-16 3.330702e-16 1 -3.216262e-16 3.330669e-16 1 -3.216371e-16 3.330654e-16 1 5.776503e-16 9.319959e-15 1 -3.216245e-16 3.330678e-16 1 -3.216243e-16 3.330669e-16 1 -3.216231e-16 3.33067e-16 1 -3.216232e-16 3.33067e-16 1 -3.216228e-16 3.330726e-16 1 -3.216245e-16 3.330669e-16 1 -3.216246e-16 3.330669e-16 1 -1.479522e-16 2.747161e-16 1 -2.250727e-16 1.242875e-16 1 -3.216245e-16 3.330669e-16 1 -3.216242e-16 3.330688e-16 1 -3.216241e-16 3.330685e-16 1 -3.216219e-16 3.330716e-16 1 4.031939e-16 2.324489e-15 1 -3.216249e-16 3.33066e-16 1 -1.045722e-16 -5.551958e-16 1 -3.216303e-16 3.33064e-16 1 -3.216262e-16 3.330658e-16 1 -3.216186e-16 3.330701e-16 1 -3.216218e-16 3.330714e-16 1 -2.274107e-17 4.958302e-16 1 -3.216276e-16 3.330651e-16 1 -3.216194e-16 3.330728e-16 1 -3.216282e-16 3.330648e-16 1 -3.216109e-16 3.330797e-16 1 -3.216241e-16 3.330674e-16 1 -3.216251e-16 3.330666e-16 1 2.877257e-17 6.270849e-16 1 1.164904e-16 9.114592e-16 1 -3.21623e-16 3.33068e-16 1</float_array>
          <technique_common>
            <accessor count="4164" source="#cubenormals-array0-array" stride="3">
              <param type="float" name="X"/>
              <param type="float" name="Y"/>
              <param type="float" name="Z"/>
            </accessor>
          </technique_common>
        </source>
        <vertices id="cubeverts-array0-vertices">
          <input semantic="POSITION" source="#cubeverts-array0"/>
        </vertices>
        <triangles count="4164" material="ref_Body002_shape">
          <input offset="0" semantic="VERTEX" source="#cubeverts-array0-vertices"/>
          <input offset="1" semantic="NORMAL" source="#cubenormals-array0"/>
          <p>0 0 1 0 2 0 0 1 3 1 1 1 2 2 3 2 4 2 1 3 3 3 2 3 3 4 5 4 4 4 5 5 6 5 4 5 7 6 8 6 0 6 9 7 8 7 7 7 6 8 10 8 4 8 0 9 11 9 3 9 8 10 11 10 0 10 3 11 11 11 5 11 10 12 12 12 4 12 5 13 13 13 6 13 11 14 13 14 5 14 14 15 15 15 9 15 12 16 16 16 4 16 6 17 17 17 10 17 13 18 17 18 6 18 8 19 18 19 11 19 9 20 18 20 8 20 14 21 18 21 15 21 15 22 18 22 9 22 16 23 19 23 4 23 10 24 20 24 12 24 17 25 20 25 10 25 11 26 21 26 13 26 18 27 21 27 11 27 19 28 22 28 4 28 12 29 23 29 16 29 20 30 23 30 12 30 21 31 24 31 13 31 13 32 24 32 17 32 22 33 25 33 4 33 26 34 27 34 14 34 23 35 28 35 16 35 16 36 28 36 19 36 24 37 29 37 17 37 17 38 29 38 20 38 25 39 30 39 4 39 14 40 31 40 18 40 27 41 31 41 14 41 18 42 31 42 21 42 28 43 32 43 19 43 19 44 32 44 22 44 20 45 33 45 23 45 29 46 33 46 20 46 30 47 34 47 4 47 21 48 35 48 24 48 31 49 35 49 21 49 32 50 36 50 22 50 22 51 36 51 25 51 37 52 38 52 26 52 39 53 38 53 37 53 23 54 40 54 28 54 33 55 40 55 23 55 34 56 41 56 4 56 35 57 42 57 24 57 24 58 42 58 29 58 25 59 43 59 30 59 36 60 43 60 25 60 27 61 44 61 31 61 39 62 44 62 38 62 26 63 44 63 27 63 38 64 44 64 26 64 40 65 45 65 28 65 28 66 45 66 32 66 41 67 46 67 4 67 42 68 47 68 29 68 29 69 47 69 33 69 30 70 48 70 34 70 43 71 48 71 30 71 31 72 49 72 35 72 44 73 49 73 31 73 45 74 50 74 32 74 32 75 50 75 36 75 46 76 51 76 4 76 33 77 52 77 40 77 47 78 52 78 33 78 48 79 53 79 34 79 34 80 53 80 41 80 49 81 54 81 35 81 35 82 54 82 42 82 36 83 55 83 43 83 50 84 55 84 36 84 51 85 56 85 4 85 39 86 57 86 44 86 58 87 57 87 39 87 40 88 59 88 45 88 52 89 59 89 40 89 41 90 60 90 46 90 53 91 60 91 41 91 54 92 61 92 42 92 42 93 61 93 47 93 55 94 62 94 43 94 43 95 62 95 48 95 56 96 63 96 4 96 57 97 64 97 44 97 44 98 64 98 49 98 58 99 64 99 57 99 45 100 65 100 50 100 59 101 65 101 45 101 46 102 66 102 51 102 60 103 66 103 46 103 47 104 67 104 52 104 61 105 67 105 47 105 62 106 68 106 48 106 48 107 68 107 53 107 63 108 69 108 4 108 49 109 70 109 54 109 64 110 70 110 49 110 50 111 71 111 55 111 65 112 71 112 50 112 66 113 72 113 51 113 51 114 72 114 56 114 73 115 74 115 58 115 67 116 75 116 52 116 52 117 75 117 59 117 53 118 76 118 60 118 68 119 76 119 53 119 69 120 77 120 4 120 70 121 78 121 54 121 54 122 78 122 61 122 71 123 79 123 55 123 55 124 79 124 62 124 56 125 80 125 63 125 72 126 80 126 56 126 58 127 81 127 64 127 73 128 81 128 74 128 74 129 81 129 58 129 75 130 82 130 59 130 59 131 82 131 65 131 76 132 83 132 60 132 60 133 83 133 66 133 77 134 84 134 4 134 78 135 85 135 61 135 61 136 85 136 67 136 62 137 86 137 68 137 79 138 86 138 62 138 80 139 87 139 63 139 63 140 87 140 69 140 64 141 88 141 70 141 81 142 88 142 64 142 82 143 89 143 65 143 65 144 89 144 71 144 83 145 90 145 66 145 66 146 90 146 72 146 84 147 91 147 4 147 85 148 92 148 67 148 67 149 92 149 75 149 68 150 93 150 76 150 86 151 93 151 68 151 87 152 94 152 69 152 69 153 94 153 77 153 70 154 95 154 78 154 88 155 95 155 70 155 71 156 96 156 79 156 89 157 96 157 71 157 90 158 97 158 72 158 72 159 97 159 80 159 91 160 98 160 4 160 73 161 99 161 81 161 100 162 99 162 73 162 101 163 99 163 100 163 92 164 102 164 75 164 75 165 102 165 82 165 76 166 103 166 83 166 93 167 103 167 76 167 77 168 104 168 84 168 94 169 104 169 77 169 78 170 105 170 85 170 95 171 105 171 78 171 96 172 106 172 79 172 79 173 106 173 86 173 80 174 107 174 87 174 97 175 107 175 80 175 98 176 108 176 4 176 99 177 109 177 81 177 101 178 109 178 99 178 81 179 109 179 88 179 102 180 110 180 82 180 82 181 110 181 89 181 103 182 111 182 83 182 83 183 111 183 90 183 104 184 112 184 84 184 84 185 112 185 91 185 105 186 113 186 85 186 85 187 113 187 92 187 106 188 114 188 86 188 86 189 114 189 93 189 107 190 115 190 87 190 87 191 115 191 94 191 108 192 116 192 4 192 88 193 117 193 95 193 109 194 117 194 88 194 89 195 118 195 96 195 110 196 118 196 89 196 90 197 119 197 97 197 111 198 119 198 90 198 91 199 120 199 98 199 112 200 120 200 91 200 121 201 122 201 101 201 113 202 123 202 92 202 92 203 123 203 102 203 114 204 124 204 93 204 93 205 124 205 103 205 115 206 125 206 94 206 94 207 125 207 104 207 116 208 126 208 4 208 95 209 127 209 105 209 117 210 127 210 95 210 96 211 128 211 106 211 118 212 128 212 96 212 119 213 129 213 97 213 97 214 129 214 107 214 98 215 130 215 108 215 120 216 130 216 98 216 101 217 131 217 109 217 122 218 131 218 101 218 121 219 131 219 122 219 102 220 132 220 110 220 123 221 132 221 102 221 124 222 133 222 103 222 103 223 133 223 111 223 104 224 134 224 112 224 125 225 134 225 104 225 126 226 135 226 4 226 105 227 136 227 113 227 127 228 136 228 105 228 106 229 137 229 114 229 128 230 137 230 106 230 129 231 138 231 107 231 107 232 138 232 115 232 130 233 139 233 108 233 108 234 139 234 116 234 109 235 140 235 117 235 131 236 140 236 109 236 110 237 141 237 118 237 132 238 141 238 110 238 111 239 142 239 119 239 133 240 142 240 111 240 134 241 143 241 112 241 112 242 143 242 120 242 135 243 144 243 4 243 113 244 145 244 123 244 136 245 145 245 113 245 137 246 146 246 114 246 114 247 146 247 124 247 138 248 147 248 115 248 115 249 147 249 125 249 139 250 148 250 116 250 116 251 148 251 126 251 140 252 149 252 117 252 117 253 149 253 127 253 141 254 150 254 118 254 118 255 150 255 128 255 142 256 151 256 119 256 119 257 151 257 129 257 143 258 152 258 120 258 120 259 152 259 130 259 144 260 153 260 4 260 154 261 155 261 121 261 156 262 155 262 154 262 121 263 155 263 131 263 145 264 157 264 123 264 123 265 157 265 132 265 146 266 158 266 124 266 124 267 158 267 133 267 125 268 159 268 134 268 147 269 159 269 125 269 126 270 160 270 135 270 148 271 160 271 126 271 149 272 161 272 127 272 127 273 161 273 136 273 150 274 162 274 128 274 128 275 162 275 137 275 151 276 163 276 129 276 129 277 163 277 138 277 152 278 164 278 130 278 130 279 164 279 139 279 153 280 165 280 4 280 131 281 166 281 140 281 155 282 166 282 131 282 132 283 167 283 141 283 157 284 167 284 132 284 133 285 168 285 142 285 158 286 168 286 133 286 134 287 169 287 143 287 159 288 169 288 134 288 135 289 170 289 144 289 160 290 170 290 135 290 161 291 171 291 136 291 136 292 171 292 145 292 162 293 172 293 137 293 137 294 172 294 146 294 138 295 173 295 147 295 163 296 173 296 138 296 139 297 174 297 148 297 164 298 174 298 139 298 165 299 175 299 4 299 140 300 176 300 149 300 166 301 176 301 140 301 167 302 177 302 141 302 141 303 177 303 150 303 142 304 178 304 151 304 168 305 178 305 142 305 169 306 179 306 143 306 143 307 179 307 152 307 144 308 180 308 153 308 170 309 180 309 144 309 181 310 182 310 156 310 171 311 183 311 145 311 145 312 183 312 157 312 172 313 184 313 146 313 146 314 184 314 158 314 173 315 185 315 147 315 147 316 185 316 159 316 174 317 186 317 148 317 148 318 186 318 160 318 175 319 187 319 4 319 149 320 188 320 161 320 176 321 188 321 149 321 177 322 189 322 150 322 150 323 189 323 162 323 178 324 190 324 151 324 151 325 190 325 163 325 179 326 191 326 152 326 152 327 191 327 164 327 180 328 192 328 153 328 153 329 192 329 165 329 155 330 193 330 166 330 181 331 193 331 182 331 182 332 193 332 156 332 156 333 193 333 155 333 183 334 194 334 157 334 157 335 194 335 167 335 184 336 195 336 158 336 158 337 195 337 168 337 159 338 196 338 169 338 185 339 196 339 159 339 160 340 197 340 170 340 186 341 197 341 160 341 187 342 198 342 4 342 161 343 199 343 171 343 188 344 199 344 161 344 189 345 200 345 162 345 162 346 200 346 172 346 190 347 201 347 163 347 163 348 201 348 173 348 191 349 202 349 164 349 164 350 202 350 174 350 192 351 203 351 165 351 165 352 203 352 175 352 193 353 204 353 166 353 166 354 204 354 176 354 194 355 205 355 167 355 167 356 205 356 177 356 195 357 206 357 168 357 168 358 206 358 178 358 196 359 207 359 169 359 169 360 207 360 179 360 170 361 208 361 180 361 197 362 208 362 170 362 198 363 209 363 4 363 171 364 210 364 183 364 199 365 210 365 171 365 172 366 211 366 184 366 200 367 211 367 172 367 173 368 212 368 185 368 201 369 212 369 173 369 202 370 213 370 174 370 174 371 213 371 186 371 203 372 214 372 175 372 175 373 214 373 187 373 176 374 215 374 188 374 204 375 215 375 176 375 205 376 216 376 177 376 177 377 216 377 189 377 206 378 217 378 178 378 178 379 217 379 190 379 179 380 218 380 191 380 207 381 218 381 179 381 180 382 219 382 192 382 208 383 219 383 180 383 209 384 220 384 4 384 221 385 222 385 181 385 223 386 222 386 221 386 210 387 224 387 183 387 183 388 224 388 194 388 211 389 225 389 184 389 184 390 225 390 195 390 212 391 226 391 185 391 185 392 226 392 196 392 186 393 227 393 197 393 213 394 227 394 186 394 214 395 228 395 187 395 187 396 228 396 198 396 215 397 229 397 188 397 188 398 229 398 199 398 189 399 230 399 200 399 216 400 230 400 189 400 217 401 231 401 190 401 190 402 231 402 201 402 191 403 232 403 202 403 218 404 232 404 191 404 219 405 233 405 192 405 192 406 233 406 203 406 220 407 234 407 4 407 181 408 235 408 193 408 222 409 235 409 181 409 193 410 235 410 204 410 194 411 236 411 205 411 224 412 236 412 194 412 225 413 237 413 195 413 195 414 237 414 206 414 196 415 238 415 207 415 226 416 238 416 196 416 227 417 239 417 197 417 197 418 239 418 208 418 228 419 240 419 198 419 198 420 240 420 209 420 199 421 241 421 210 421 229 422 241 422 199 422 200 423 242 423 211 423 230 424 242 424 200 424 231 425 243 425 201 425 201 426 243 426 212 426 202 427 244 427 213 427 232 428 244 428 202 428 203 429 245 429 214 429 233 430 245 430 203 430 234 431 246 431 4 431 235 432 247 432 204 432 204 433 247 433 215 433 205 434 248 434 216 434 236 435 248 435 205 435 237 436 249 436 206 436 206 437 249 437 217 437 238 438 250 438 207 438 207 439 250 439 218 439 239 440 251 440 208 440 208 441 251 441 219 441 209 442 252 442 220 442 240 443 252 443 209 443 253 444 254 444 223 444 210 445 255 445 224 445 241 446 255 446 210 446 242 447 256 447 211 447 211 448 256 448 225 448 243 449 257 449 212 449 212 450 257 450 226 450 244 451 258 451 213 451 213 452 258 452 227 452 245 453 259 453 214 453 214 454 259 454 228 454 246 455 260 455 4 455 215 456 261 456 229 456 247 457 261 457 215 457 248 458 262 458 216 458 216 459 262 459 230 459 217 460 263 460 231 460 249 461 263 461 217 461 250 462 264 462 218 462 218 463 264 463 232 463 251 464 265 464 219 464 219 465 265 465 233 465 252 466 266 466 220 466 220 467 266 467 234 467 254 468 267 468 223 468 253 469 267 469 254 469 222 470 267 470 235 470 223 471 267 471 222 471 255 472 268 472 224 472 224 473 268 473 236 473 256 474 269 474 225 474 225 475 269 475 237 475 226 476 270 476 238 476 257 477 270 477 226 477 227 478 271 478 239 478 258 479 271 479 227 479 259 480 272 480 228 480 228 481 272 481 240 481 260 482 273 482 4 482 261 483 274 483 229 483 229 484 274 484 241 484 230 485 275 485 242 485 262 486 275 486 230 486 263 487 276 487 231 487 231 488 276 488 243 488 264 489 277 489 232 489 232 490 277 490 244 490 265 491 278 491 233 491 233 492 278 492 245 492 266 493 279 493 234 493 234 494 279 494 246 494 267 495 280 495 235 495 235 496 280 496 247 496 236 497 281 497 248 497 268 498 281 498 236 498 237 499 282 499 249 499 269 500 282 500 237 500 270 501 283 501 238 501 238 502 283 502 250 502 239 503 284 503 251 503 271 504 284 504 239 504 272 505 285 505 240 505 240 506 285 506 252 506 273 507 286 507 4 507 241 508 287 508 255 508 274 509 287 509 241 509 242 510 288 510 256 510 275 511 288 511 242 511 276 512 289 512 243 512 243 513 289 513 257 513 277 514 290 514 244 514 244 515 290 515 258 515 245 516 291 516 259 516 278 517 291 517 245 517 279 518 292 518 246 518 246 519 292 519 260 519 247 520 293 520 261 520 280 521 293 521 247 521 281 522 294 522 248 522 248 523 294 523 262 523 282 524 295 524 249 524 249 525 295 525 263 525 283 526 296 526 250 526 250 527 296 527 264 527 251 528 297 528 265 528 284 529 297 529 251 529 252 530 298 530 266 530 285 531 298 531 252 531 286 532 299 532 4 532 300 533 301 533 253 533 255 534 302 534 268 534 287 535 302 535 255 535 288 536 303 536 256 536 256 537 303 537 269 537 257 538 304 538 270 538 289 539 304 539 257 539 290 540 305 540 258 540 258 541 305 541 271 541 259 542 306 542 272 542 291 543 306 543 259 543 260 544 307 544 273 544 292 545 307 545 260 545 293 546 308 546 261 546 261 547 308 547 274 547 262 548 309 548 275 548 294 549 309 549 262 549 295 550 310 550 263 550 263 551 310 551 276 551 296 552 311 552 264 552 264 553 311 553 277 553 265 554 312 554 278 554 297 555 312 555 265 555 266 556 313 556 279 556 298 557 313 557 266 557 299 558 314 558 4 558 301 559 315 559 253 559 253 560 315 560 267 560 267 561 315 561 280 561 302 562 316 562 268 562 268 563 316 563 281 563 269 564 317 564 282 564 303 565 317 565 269 565 304 566 318 566 270 566 270 567 318 567 283 567 271 568 319 568 284 568 305 569 319 569 271 569 272 570 320 570 285 570 306 571 320 571 272 571 273 572 321 572 286 572 307 573 321 573 273 573 274 574 322 574 287 574 308 575 322 575 274 575 309 576 323 576 275 576 275 577 323 577 288 577 276 578 324 578 289 578 310 579 324 579 276 579 311 580 325 580 277 580 277 581 325 581 290 581 278 582 326 582 291 582 312 583 326 583 278 583 279 584 327 584 292 584 313 585 327 585 279 585 314 586 328 586 4 586 315 587 329 587 280 587 280 588 329 588 293 588 316 589 330 589 281 589 281 590 330 590 294 590 317 591 331 591 282 591 282 592 331 592 295 592 318 593 332 593 283 593 283 594 332 594 296 594 319 595 333 595 284 595 284 596 333 596 297 596 320 597 334 597 285 597 285 598 334 598 298 598 321 599 335 599 286 599 286 600 335 600 299 600 336 601 337 601 300 601 338 602 337 602 336 602 287 603 339 603 302 603 322 604 339 604 287 604 323 605 340 605 288 605 288 606 340 606 303 606 324 607 341 607 289 607 289 608 341 608 304 608 325 609 342 609 290 609 290 610 342 610 305 610 291 611 343 611 306 611 326 612 343 612 291 612 292 613 344 613 307 613 327 614 344 614 292 614 328 615 345 615 4 615 329 616 346 616 293 616 293 617 346 617 308 617 294 618 347 618 309 618 330 619 347 619 294 619 295 620 348 620 310 620 331 621 348 621 295 621 296 622 349 622 311 622 332 623 349 623 296 623 297 624 350 624 312 624 333 625 350 625 297 625 298 626 351 626 313 626 334 627 351 627 298 627 299 628 352 628 314 628 335 629 352 629 299 629 301 630 353 630 315 630 300 631 353 631 301 631 337 632 353 632 300 632 338 633 353 633 337 633 339 634 354 634 302 634 302 635 354 635 316 635 340 636 355 636 303 636 303 637 355 637 317 637 304 638 356 638 318 638 341 639 356 639 304 639 305 640 357 640 319 640 342 641 357 641 305 641 343 642 358 642 306 642 306 643 358 643 320 643 307 644 359 644 321 644 344 645 359 645 307 645 4 646 360 646 361 646 345 647 360 647 4 647 308 648 362 648 322 648 346 649 362 649 308 649 309 650 363 650 323 650 347 651 363 651 309 651 310 652 364 652 324 652 348 653 364 653 310 653 311 654 365 654 325 654 349 655 365 655 311 655 350 656 366 656 312 656 312 657 366 657 326 657 351 658 367 658 313 658 313 659 367 659 327 659 352 660 368 660 314 660 314 661 368 661 328 661 315 662 369 662 329 662 353 663 369 663 315 663 316 664 370 664 330 664 354 665 370 665 316 665 355 666 371 666 317 666 317 667 371 667 331 667 318 668 372 668 332 668 356 669 372 669 318 669 357 670 373 670 319 670 319 671 373 671 333 671 358 672 374 672 320 672 320 673 374 673 334 673 321 674 375 674 335 674 359 675 375 675 321 675 361 676 376 676 377 676 360 677 376 677 361 677 377 678 376 678 360 678 362 679 378 679 322 679 322 680 378 680 339 680 323 681 379 681 340 681 363 682 379 682 323 682 364 683 380 683 324 683 324 684 380 684 341 684 325 685 381 685 342 685 365 686 381 686 325 686 326 687 382 687 343 687 366 688 382 688 326 688 327 689 383 689 344 689 367 690 383 690 327 690 368 691 384 691 328 691 328 692 384 692 345 692 369 693 385 693 329 693 329 694 385 694 346 694 330 695 386 695 347 695 370 696 386 696 330 696 331 697 387 697 348 697 371 698 387 698 331 698 332 699 388 699 349 699 372 700 388 700 332 700 373 701 389 701 333 701 333 702 389 702 350 702 334 703 390 703 351 703 374 704 390 704 334 704 335 705 391 705 352 705 375 706 391 706 335 706 338 707 392 707 353 707 393 708 392 708 338 708 339 709 394 709 354 709 378 710 394 710 339 710 340 711 395 711 355 711 379 712 395 712 340 712 380 713 396 713 341 713 341 714 396 714 356 714 381 715 397 715 342 715 342 716 397 716 357 716 382 717 398 717 343 717 343 718 398 718 358 718 344 719 399 719 359 719 383 720 399 720 344 720 384 721 400 721 345 721 360 722 400 722 377 722 345 723 400 723 360 723 346 724 401 724 362 724 385 725 401 725 346 725 386 726 402 726 347 726 347 727 402 727 363 727 348 728 403 728 364 728 387 729 403 729 348 729 388 730 404 730 349 730 349 731 404 731 365 731 389 732 405 732 350 732 350 733 405 733 366 733 390 734 406 734 351 734 351 735 406 735 367 735 391 736 407 736 352 736 352 737 407 737 368 737 392 738 408 738 353 738 393 739 408 739 392 739 353 740 408 740 369 740 354 741 409 741 370 741 394 742 409 742 354 742 395 743 410 743 355 743 355 744 410 744 371 744 396 745 411 745 356 745 356 746 411 746 372 746 357 747 412 747 373 747 397 748 412 748 357 748 358 749 413 749 374 749 398 750 413 750 358 750 399 751 414 751 359 751 359 752 414 752 375 752 377 753 415 753 416 753 416 754 415 754 417 754 400 755 415 755 377 755 401 756 418 756 362 756 362 757 418 757 378 757 363 758 419 758 379 758 402 759 419 759 363 759 364 760 420 760 380 760 403 761 420 761 364 761 365 762 421 762 381 762 404 763 421 763 365 763 366 764 422 764 382 764 405 765 422 765 366 765 367 766 423 766 383 766 406 767 423 767 367 767 368 768 424 768 384 768 407 769 424 769 368 769 408 770 425 770 369 770 369 771 425 771 385 771 370 772 426 772 386 772 409 773 426 773 370 773 371 774 427 774 387 774 410 775 427 775 371 775 372 776 428 776 388 776 411 777 428 777 372 777 412 778 429 778 373 778 373 779 429 779 389 779 374 780 430 780 390 780 413 781 430 781 374 781 414 782 431 782 375 782 375 783 431 783 391 783 432 784 433 784 393 784 378 785 434 785 394 785 418 786 434 786 378 786 419 787 435 787 379 787 379 788 435 788 395 788 380 789 436 789 396 789 420 790 436 790 380 790 421 791 437 791 381 791 381 792 437 792 397 792 382 793 438 793 398 793 422 794 438 794 382 794 423 795 439 795 383 795 383 796 439 796 399 796 424 797 440 797 384 797 384 798 440 798 400 798 425 799 441 799 385 799 385 800 441 800 401 800 386 801 442 801 402 801 426 802 442 802 386 802 427 803 443 803 387 803 387 804 443 804 403 804 428 805 444 805 388 805 388 806 444 806 404 806 429 807 445 807 389 807 389 808 445 808 405 808 430 809 446 809 390 809 390 810 446 810 406 810 431 811 447 811 391 811 391 812 447 812 407 812 393 813 448 813 408 813 433 814 448 814 393 814 432 815 448 815 433 815 434 816 449 816 394 816 394 817 449 817 409 817 435 818 450 818 395 818 395 819 450 819 410 819 436 820 451 820 396 820 396 821 451 821 411 821 437 822 452 822 397 822 397 823 452 823 412 823 398 824 453 824 413 824 438 825 453 825 398 825 399 826 454 826 414 826 439 827 454 827 399 827 415 828 455 828 417 828 400 829 455 829 415 829 440 830 455 830 400 830 441 831 456 831 401 831 401 832 456 832 418 832 442 833 457 833 402 833 402 834 457 834 419 834 403 835 458 835 420 835 443 836 458 836 403 836 404 837 459 837 421 837 444 838 459 838 404 838 405 839 460 839 422 839 445 840 460 840 405 840 406 841 461 841 423 841 446 842 461 842 406 842 407 843 462 843 424 843 447 844 462 844 407 844 448 845 463 845 408 845 408 846 463 846 425 846 409 847 464 847 426 847 449 848 464 848 409 848 450 849 465 849 410 849 410 850 465 850 427 850 451 851 466 851 411 851 411 852 466 852 428 852 412 853 467 853 429 853 452 854 467 854 412 854 413 855 468 855 430 855 453 856 468 856 413 856 414 857 469 857 431 857 454 858 469 858 414 858 417 859 470 859 471 859 455 860 470 860 417 860 471 861 470 861 455 861 418 862 472 862 434 862 456 863 472 863 418 863 457 864 473 864 419 864 419 865 473 865 435 865 420 866 474 866 436 866 458 867 474 867 420 867 421 868 475 868 437 868 459 869 475 869 421 869 460 870 476 870 422 870 422 871 476 871 438 871 461 872 477 872 423 872 423 873 477 873 439 873 424 874 478 874 440 874 462 875 478 875 424 875 425 876 479 876 441 876 463 877 479 877 425 877 464 878 480 878 426 878 426 879 480 879 442 879 465 880 481 880 427 880 427 881 481 881 443 881 466 882 482 882 428 882 428 883 482 883 444 883 467 884 483 884 429 884 429 885 483 885 445 885 430 886 484 886 446 886 468 887 484 887 430 887 469 888 485 888 431 888 431 889 485 889 447 889 432 890 486 890 448 890 487 891 486 891 432 891 488 892 486 892 487 892 434 893 489 893 449 893 472 894 489 894 434 894 435 895 490 895 450 895 473 896 490 896 435 896 436 897 491 897 451 897 474 898 491 898 436 898 437 899 492 899 452 899 475 900 492 900 437 900 438 901 493 901 453 901 476 902 493 902 438 902 439 903 494 903 454 903 477 904 494 904 439 904 440 905 495 905 455 905 455 906 495 906 471 906 478 907 495 907 440 907 479 908 496 908 441 908 441 909 496 909 456 909 442 910 497 910 457 910 480 911 497 911 442 911 481 912 498 912 443 912 443 913 498 913 458 913 482 914 499 914 444 914 444 915 499 915 459 915 483 916 500 916 445 916 445 917 500 917 460 917 484 918 501 918 446 918 446 919 501 919 461 919 485 920 502 920 447 920 447 921 502 921 462 921 488 922 503 922 486 922 448 923 503 923 463 923 486 924 503 924 448 924 449 925 504 925 464 925 489 926 504 926 449 926 490 927 505 927 450 927 450 928 505 928 465 928 451 929 506 929 466 929 491 930 506 930 451 930 492 931 507 931 452 931 452 932 507 932 467 932 453 933 508 933 468 933 493 934 508 934 453 934 494 935 509 935 454 935 454 936 509 936 469 936 471 937 510 937 511 937 495 938 510 938 471 938 496 939 512 939 456 939 456 940 512 940 472 940 497 941 513 941 457 941 457 942 513 942 473 942 498 943 514 943 458 943 458 944 514 944 474 944 499 945 515 945 459 945 459 946 515 946 475 946 460 947 516 947 476 947 500 948 516 948 460 948 501 949 517 949 461 949 461 950 517 950 477 950 502 951 518 951 462 951 462 952 518 952 478 952 503 953 519 953 463 953 463 954 519 954 479 954 464 955 520 955 480 955 504 956 520 956 464 956 505 957 521 957 465 957 465 958 521 958 481 958 506 959 522 959 466 959 466 960 522 960 482 960 467 961 523 961 483 961 507 962 523 962 467 962 468 963 524 963 484 963 508 964 524 964 468 964 469 965 525 965 485 965 509 966 525 966 469 966 526 967 527 967 488 967 512 968 528 968 472 968 472 969 528 969 489 969 473 970 529 970 490 970 513 971 529 971 473 971 474 972 530 972 491 972 514 973 530 973 474 973 475 974 531 974 492 974 515 975 531 975 475 975 476 976 532 976 493 976 516 977 532 977 476 977 477 978 533 978 494 978 517 979 533 979 477 979 478 980 534 980 495 980 518 981 534 981 478 981 519 982 535 982 479 982 479 983 535 983 496 983 520 984 536 984 480 984 480 985 536 985 497 985 481 986 537 986 498 986 521 987 537 987 481 987 522 988 538 988 482 988 482 989 538 989 499 989 483 990 539 990 500 990 523 991 539 991 483 991 484 992 540 992 501 992 524 993 540 993 484 993 485 994 541 994 502 994 525 995 541 995 485 995 488 996 542 996 503 996 526 997 542 997 527 997 527 998 542 998 488 998 489 999 543 999 504 999 528 1000 543 1000 489 1000 490 1001 544 1001 505 1001 529 1002 544 1002 490 1002 530 1003 545 1003 491 1003 491 1004 545 1004 506 1004 492 1005 546 1005 507 1005 531 1006 546 1006 492 1006 532 1007 547 1007 493 1007 493 1008 547 1008 508 1008 533 1009 548 1009 494 1009 494 1010 548 1010 509 1010 534 1011 549 1011 495 1011 510 1012 549 1012 511 1012 495 1013 549 1013 510 1013 535 1014 550 1014 496 1014 496 1015 550 1015 512 1015 536 1016 551 1016 497 1016 497 1017 551 1017 513 1017 537 1018 552 1018 498 1018 498 1019 552 1019 514 1019 538 1020 553 1020 499 1020 499 1021 553 1021 515 1021 539 1022 554 1022 500 1022 500 1023 554 1023 516 1023 501 1024 555 1024 517 1024 540 1025 555 1025 501 1025 541 1026 556 1026 502 1026 502 1027 556 1027 518 1027 542 1028 557 1028 503 1028 503 1029 557 1029 519 1029 504 1030 558 1030 520 1030 543 1031 558 1031 504 1031 505 1032 559 1032 521 1032 544 1033 559 1033 505 1033 506 1034 560 1034 522 1034 545 1035 560 1035 506 1035 507 1036 561 1036 523 1036 546 1037 561 1037 507 1037 508 1038 562 1038 524 1038 547 1039 562 1039 508 1039 509 1040 563 1040 525 1040 548 1041 563 1041 509 1041 511 1042 564 1042 565 1042 565 1043 564 1043 566 1043 549 1044 564 1044 511 1044 566 1045 564 1045 549 1045 512 1046 567 1046 528 1046 550 1047 567 1047 512 1047 513 1048 568 1048 529 1048 551 1049 568 1049 513 1049 514 1050 569 1050 530 1050 552 1051 569 1051 514 1051 515 1052 570 1052 531 1052 553 1053 570 1053 515 1053 516 1054 571 1054 532 1054 554 1055 571 1055 516 1055 517 1056 572 1056 533 1056 555 1057 572 1057 517 1057 556 1058 573 1058 518 1058 518 1059 573 1059 534 1059 519 1060 574 1060 535 1060 557 1061 574 1061 519 1061 558 1062 575 1062 520 1062 520 1063 575 1063 536 1063 559 1064 576 1064 521 1064 521 1065 576 1065 537 1065 522 1066 577 1066 538 1066 560 1067 577 1067 522 1067 523 1068 578 1068 539 1068 561 1069 578 1069 523 1069 524 1070 579 1070 540 1070 562 1071 579 1071 524 1071 563 1072 580 1072 525 1072 525 1073 580 1073 541 1073 526 1074 581 1074 542 1074 582 1075 581 1075 526 1075 583 1076 581 1076 582 1076 567 1077 584 1077 528 1077 528 1078 584 1078 543 1078 568 1079 585 1079 529 1079 529 1080 585 1080 544 1080 530 1081 586 1081 545 1081 569 1082 586 1082 530 1082 570 1083 587 1083 531 1083 531 1084 587 1084 546 1084 532 1085 588 1085 547 1085 571 1086 588 1086 532 1086 533 1087 589 1087 548 1087 572 1088 589 1088 533 1088 573 1089 590 1089 534 1089 534 1090 590 1090 549 1090 574 1091 591 1091 535 1091 535 1092 591 1092 550 1092 575 1093 592 1093 536 1093 536 1094 592 1094 551 1094 537 1095 593 1095 552 1095 576 1096 593 1096 537 1096 577 1097 594 1097 538 1097 538 1098 594 1098 553 1098 578 1099 595 1099 539 1099 539 1100 595 1100 554 1100 540 1101 596 1101 555 1101 579 1102 596 1102 540 1102 541 1103 597 1103 556 1103 580 1104 597 1104 541 1104 581 1105 598 1105 542 1105 542 1106 598 1106 557 1106 543 1107 599 1107 558 1107 584 1108 599 1108 543 1108 544 1109 600 1109 559 1109 585 1110 600 1110 544 1110 545 1111 601 1111 560 1111 586 1112 601 1112 545 1112 546 1113 602 1113 561 1113 587 1114 602 1114 546 1114 547 1115 603 1115 562 1115 588 1116 603 1116 547 1116 548 1117 604 1117 563 1117 589 1118 604 1118 548 1118 566 1119 605 1119 606 1119 549 1120 605 1120 566 1120 606 1121 605 1121 590 1121 590 1122 605 1122 549 1122 550 1123 607 1123 567 1123 591 1124 607 1124 550 1124 551 1125 608 1125 568 1125 592 1126 608 1126 551 1126 552 1127 609 1127 569 1127 593 1128 609 1128 552 1128 594 1129 610 1129 553 1129 553 1130 610 1130 570 1130 595 1131 611 1131 554 1131 554 1132 611 1132 571 1132 596 1133 612 1133 555 1133 555 1134 612 1134 572 1134 556 1135 613 1135 573 1135 597 1136 613 1136 556 1136 557 1137 614 1137 574 1137 598 1138 614 1138 557 1138 558 1139 615 1139 575 1139 599 1140 615 1140 558 1140 559 1141 616 1141 576 1141 600 1142 616 1142 559 1142 601 1143 617 1143 560 1143 560 1144 617 1144 577 1144 561 1145 618 1145 578 1145 602 1146 618 1146 561 1146 603 1147 619 1147 562 1147 562 1148 619 1148 579 1148 563 1149 620 1149 580 1149 604 1150 620 1150 563 1150 621 1151 622 1151 583 1151 567 1152 623 1152 584 1152 607 1153 623 1153 567 1153 568 1154 624 1154 585 1154 608 1155 624 1155 568 1155 609 1156 625 1156 569 1156 569 1157 625 1157 586 1157 610 1158 626 1158 570 1158 570 1159 626 1159 587 1159 611 1160 627 1160 571 1160 571 1161 627 1161 588 1161 612 1162 628 1162 572 1162 572 1163 628 1163 589 1163 613 1164 629 1164 573 1164 573 1165 629 1165 590 1165 574 1166 630 1166 591 1166 614 1167 630 1167 574 1167 575 1168 631 1168 592 1168 615 1169 631 1169 575 1169 576 1170 632 1170 593 1170 616 1171 632 1171 576 1171 577 1172 633 1172 594 1172 617 1173 633 1173 577 1173 578 1174 634 1174 595 1174 618 1175 634 1175 578 1175 579 1176 635 1176 596 1176 619 1177 635 1177 579 1177 620 1178 636 1178 580 1178 580 1179 636 1179 597 1179 581 1180 637 1180 598 1180 583 1181 637 1181 581 1181 622 1182 637 1182 583 1182 621 1183 637 1183 622 1183 623 1184 638 1184 584 1184 584 1185 638 1185 599 1185 585 1186 639 1186 600 1186 624 1187 639 1187 585 1187 586 1188 640 1188 601 1188 625 1189 640 1189 586 1189 587 1190 641 1190 602 1190 626 1191 641 1191 587 1191 588 1192 642 1192 603 1192 627 1193 642 1193 588 1193 628 1194 643 1194 589 1194 589 1195 643 1195 604 1195 629 1196 644 1196 590 1196 590 1197 644 1197 606 1197 630 1198 645 1198 591 1198 591 1199 645 1199 607 1199 592 1200 646 1200 608 1200 631 1201 646 1201 592 1201 632 1202 647 1202 593 1202 593 1203 647 1203 609 1203 633 1204 648 1204 594 1204 594 1205 648 1205 610 1205 634 1206 649 1206 595 1206 595 1207 649 1207 611 1207 596 1208 650 1208 612 1208 635 1209 650 1209 596 1209 636 1210 651 1210 597 1210 597 1211 651 1211 613 1211 598 1212 652 1212 614 1212 637 1213 652 1213 598 1213 638 1214 653 1214 599 1214 599 1215 653 1215 615 1215 639 1216 654 1216 600 1216 600 1217 654 1217 616 1217 640 1218 655 1218 601 1218 601 1219 655 1219 617 1219 602 1220 656 1220 618 1220 641 1221 656 1221 602 1221 642 1222 657 1222 603 1222 603 1223 657 1223 619 1223 643 1224 658 1224 604 1224 604 1225 658 1225 620 1225 606 1226 659 1226 660 1226 644 1227 659 1227 606 1227 660 1228 659 1228 644 1228 645 1229 661 1229 607 1229 607 1230 661 1230 623 1230 646 1231 662 1231 608 1231 608 1232 662 1232 624 1232 647 1233 663 1233 609 1233 609 1234 663 1234 625 1234 648 1235 664 1235 610 1235 610 1236 664 1236 626 1236 611 1237 665 1237 627 1237 649 1238 665 1238 611 1238 650 1239 666 1239 612 1239 612 1240 666 1240 628 1240 613 1241 667 1241 629 1241 651 1242 667 1242 613 1242 614 1243 668 1243 630 1243 652 1244 668 1244 614 1244 615 1245 669 1245 631 1245 653 1246 669 1246 615 1246 616 1247 670 1247 632 1247 654 1248 670 1248 616 1248 617 1249 671 1249 633 1249 655 1250 671 1250 617 1250 618 1251 672 1251 634 1251 656 1252 672 1252 618 1252 657 1253 673 1253 619 1253 619 1254 673 1254 635 1254 620 1255 674 1255 636 1255 658 1256 674 1256 620 1256 675 1257 676 1257 621 1257 677 1258 676 1258 675 1258 661 1259 678 1259 623 1259 623 1260 678 1260 638 1260 624 1261 679 1261 639 1261 662 1262 679 1262 624 1262 625 1263 680 1263 640 1263 663 1264 680 1264 625 1264 664 1265 681 1265 626 1265 626 1266 681 1266 641 1266 627 1267 682 1267 642 1267 665 1268 682 1268 627 1268 666 1269 683 1269 628 1269 628 1270 683 1270 643 1270 629 1271 684 1271 644 1271 667 1272 684 1272 629 1272 630 1273 685 1273 645 1273 668 1274 685 1274 630 1274 631 1275 686 1275 646 1275 669 1276 686 1276 631 1276 670 1277 687 1277 632 1277 632 1278 687 1278 647 1278 671 1279 688 1279 633 1279 633 1280 688 1280 648 1280 672 1281 689 1281 634 1281 634 1282 689 1282 649 1282 673 1283 690 1283 635 1283 635 1284 690 1284 650 1284 674 1285 691 1285 636 1285 636 1286 691 1286 651 1286 621 1287 692 1287 637 1287 637 1288 692 1288 652 1288 676 1289 692 1289 621 1289 638 1290 693 1290 653 1290 678 1291 693 1291 638 1291 679 1292 694 1292 639 1292 639 1293 694 1293 654 1293 680 1294 695 1294 640 1294 640 1295 695 1295 655 1295 681 1296 696 1296 641 1296 641 1297 696 1297 656 1297 682 1298 697 1298 642 1298 642 1299 697 1299 657 1299 643 1300 698 1300 658 1300 683 1301 698 1301 643 1301 660 1302 699 1302 700 1302 700 1303 699 1303 701 1303 644 1304 699 1304 660 1304 701 1305 699 1305 684 1305 684 1306 699 1306 644 1306 685 1307 702 1307 645 1307 645 1308 702 1308 661 1308 686 1309 703 1309 646 1309 646 1310 703 1310 662 1310 647 1311 704 1311 663 1311 687 1312 704 1312 647 1312 648 1313 705 1313 664 1313 688 1314 705 1314 648 1314 649 1315 706 1315 665 1315 689 1316 706 1316 649 1316 650 1317 707 1317 666 1317 690 1318 707 1318 650 1318 651 1319 708 1319 667 1319 691 1320 708 1320 651 1320 652 1321 709 1321 668 1321 692 1322 709 1322 652 1322 653 1323 710 1323 669 1323 693 1324 710 1324 653 1324 654 1325 711 1325 670 1325 694 1326 711 1326 654 1326 695 1327 712 1327 655 1327 655 1328 712 1328 671 1328 656 1329 713 1329 672 1329 696 1330 713 1330 656 1330 657 1331 714 1331 673 1331 697 1332 714 1332 657 1332 658 1333 715 1333 674 1333 698 1334 715 1334 658 1334 716 1335 717 1335 677 1335 702 1336 718 1336 661 1336 661 1337 718 1337 678 1337 703 1338 719 1338 662 1338 662 1339 719 1339 679 1339 663 1340 720 1340 680 1340 704 1341 720 1341 663 1341 664 1342 721 1342 681 1342 705 1343 721 1343 664 1343 665 1344 722 1344 682 1344 706 1345 722 1345 665 1345 707 1346 723 1346 666 1346 666 1347 723 1347 683 1347 667 1348 724 1348 684 1348 708 1349 724 1349 667 1349 709 1350 725 1350 668 1350 668 1351 725 1351 685 1351 669 1352 726 1352 686 1352 710 1353 726 1353 669 1353 711 1354 727 1354 670 1354 670 1355 727 1355 687 1355 712 1356 728 1356 671 1356 671 1357 728 1357 688 1357 713 1358 729 1358 672 1358 672 1359 729 1359 689 1359 714 1360 730 1360 673 1360 673 1361 730 1361 690 1361 674 1362 731 1362 691 1362 715 1363 731 1363 674 1363 717 1364 732 1364 677 1364 677 1365 732 1365 676 1365 716 1366 732 1366 717 1366 676 1367 732 1367 692 1367 718 1368 733 1368 678 1368 678 1369 733 1369 693 1369 679 1370 734 1370 694 1370 719 1371 734 1371 679 1371 720 1372 735 1372 680 1372 680 1373 735 1373 695 1373 681 1374 736 1374 696 1374 721 1375 736 1375 681 1375 722 1376 737 1376 682 1376 682 1377 737 1377 697 1377 723 1378 738 1378 683 1378 683 1379 738 1379 698 1379 684 1380 739 1380 701 1380 724 1381 739 1381 684 1381 685 1382 740 1382 702 1382 725 1383 740 1383 685 1383 686 1384 741 1384 703 1384 726 1385 741 1385 686 1385 687 1386 742 1386 704 1386 727 1387 742 1387 687 1387 688 1388 743 1388 705 1388 728 1389 743 1389 688 1389 689 1390 744 1390 706 1390 729 1391 744 1391 689 1391 690 1392 745 1392 707 1392 730 1393 745 1393 690 1393 691 1394 746 1394 708 1394 731 1395 746 1395 691 1395 692 1396 747 1396 709 1396 732 1397 747 1397 692 1397 693 1398 748 1398 710 1398 733 1399 748 1399 693 1399 694 1400 749 1400 711 1400 734 1401 749 1401 694 1401 735 1402 750 1402 695 1402 695 1403 750 1403 712 1403 696 1404 751 1404 713 1404 736 1405 751 1405 696 1405 737 1406 752 1406 697 1406 697 1407 752 1407 714 1407 698 1408 753 1408 715 1408 738 1409 753 1409 698 1409 739 1410 754 1410 701 1410 701 1411 754 1411 755 1411 755 1412 754 1412 739 1412 702 1413 756 1413 718 1413 740 1414 756 1414 702 1414 703 1415 757 1415 719 1415 741 1416 757 1416 703 1416 704 1417 758 1417 720 1417 742 1418 758 1418 704 1418 743 1419 759 1419 705 1419 705 1420 759 1420 721 1420 706 1421 760 1421 722 1421 744 1422 760 1422 706 1422 745 1423 761 1423 707 1423 707 1424 761 1424 723 1424 746 1425 762 1425 708 1425 708 1426 762 1426 724 1426 709 1427 763 1427 725 1427 747 1428 763 1428 709 1428 748 1429 764 1429 710 1429 710 1430 764 1430 726 1430 711 1431 765 1431 727 1431 749 1432 765 1432 711 1432 712 1433 766 1433 728 1433 750 1434 766 1434 712 1434 713 1435 767 1435 729 1435 751 1436 767 1436 713 1436 752 1437 768 1437 714 1437 714 1438 768 1438 730 1438 715 1439 769 1439 731 1439 753 1440 769 1440 715 1440 770 1441 771 1441 716 1441 756 1442 772 1442 718 1442 718 1443 772 1443 733 1443 719 1444 773 1444 734 1444 757 1445 773 1445 719 1445 758 1446 774 1446 720 1446 720 1447 774 1447 735 1447 759 1448 775 1448 721 1448 721 1449 775 1449 736 1449 760 1450 776 1450 722 1450 722 1451 776 1451 737 1451 723 1452 777 1452 738 1452 761 1453 777 1453 723 1453 724 1454 778 1454 739 1454 762 1455 778 1455 724 1455 725 1456 779 1456 740 1456 763 1457 779 1457 725 1457 764 1458 780 1458 726 1458 726 1459 780 1459 741 1459 727 1460 781 1460 742 1460 765 1461 781 1461 727 1461 728 1462 782 1462 743 1462 766 1463 782 1463 728 1463 767 1464 783 1464 729 1464 729 1465 783 1465 744 1465 730 1466 784 1466 745 1466 768 1467 784 1467 730 1467 769 1468 785 1468 731 1468 731 1469 785 1469 746 1469 771 1470 786 1470 716 1470 732 1471 786 1471 747 1471 716 1472 786 1472 732 1472 733 1473 787 1473 748 1473 772 1474 787 1474 733 1474 773 1475 788 1475 734 1475 734 1476 788 1476 749 1476 735 1477 789 1477 750 1477 774 1478 789 1478 735 1478 736 1479 790 1479 751 1479 775 1480 790 1480 736 1480 776 1481 791 1481 737 1481 737 1482 791 1482 752 1482 777 1483 792 1483 738 1483 738 1484 792 1484 753 1484 755 1485 793 1485 794 1485 794 1486 793 1486 795 1486 778 1487 793 1487 739 1487 739 1488 793 1488 755 1488 740 1489 796 1489 756 1489 779 1490 796 1490 740 1490 780 1491 797 1491 741 1491 741 1492 797 1492 757 1492 781 1493 798 1493 742 1493 742 1494 798 1494 758 1494 743 1495 799 1495 759 1495 782 1496 799 1496 743 1496 744 1497 800 1497 760 1497 783 1498 800 1498 744 1498 784 1499 801 1499 745 1499 745 1500 801 1500 761 1500 785 1501 802 1501 746 1501 746 1502 802 1502 762 1502 786 1503 803 1503 747 1503 747 1504 803 1504 763 1504 787 1505 804 1505 748 1505 748 1506 804 1506 764 1506 749 1507 805 1507 765 1507 788 1508 805 1508 749 1508 789 1509 806 1509 750 1509 750 1510 806 1510 766 1510 790 1511 807 1511 751 1511 751 1512 807 1512 767 1512 752 1513 808 1513 768 1513 791 1514 808 1514 752 1514 753 1515 809 1515 769 1515 792 1516 809 1516 753 1516 810 1517 811 1517 812 1517 812 1518 811 1518 770 1518 756 1519 813 1519 772 1519 796 1520 813 1520 756 1520 757 1521 814 1521 773 1521 797 1522 814 1522 757 1522 758 1523 815 1523 774 1523 798 1524 815 1524 758 1524 799 1525 816 1525 759 1525 759 1526 816 1526 775 1526 800 1527 817 1527 760 1527 760 1528 817 1528 776 1528 761 1529 818 1529 777 1529 801 1530 818 1530 761 1530 762 1531 819 1531 778 1531 802 1532 819 1532 762 1532 763 1533 820 1533 779 1533 803 1534 820 1534 763 1534 764 1535 821 1535 780 1535 804 1536 821 1536 764 1536 765 1537 822 1537 781 1537 805 1538 822 1538 765 1538 766 1539 823 1539 782 1539 806 1540 823 1540 766 1540 807 1541 824 1541 767 1541 767 1542 824 1542 783 1542 768 1543 825 1543 784 1543 808 1544 825 1544 768 1544 809 1545 826 1545 769 1545 769 1546 826 1546 785 1546 770 1547 827 1547 771 1547 811 1548 827 1548 770 1548 771 1549 827 1549 786 1549 810 1550 827 1550 811 1550 813 1551 828 1551 772 1551 772 1552 828 1552 787 1552 773 1553 829 1553 788 1553 814 1554 829 1554 773 1554 774 1555 830 1555 789 1555 815 1556 830 1556 774 1556 816 1557 831 1557 775 1557 775 1558 831 1558 790 1558 817 1559 832 1559 776 1559 776 1560 832 1560 791 1560 777 1561 833 1561 792 1561 818 1562 833 1562 777 1562 819 1563 834 1563 778 1563 793 1564 834 1564 795 1564 778 1565 834 1565 793 1565 820 1566 835 1566 779 1566 779 1567 835 1567 796 1567 821 1568 836 1568 780 1568 780 1569 836 1569 797 1569 822 1570 837 1570 781 1570 781 1571 837 1571 798 1571 823 1572 838 1572 782 1572 782 1573 838 1573 799 1573 824 1574 839 1574 783 1574 783 1575 839 1575 800 1575 825 1576 840 1576 784 1576 784 1577 840 1577 801 1577 826 1578 841 1578 785 1578 785 1579 841 1579 802 1579 827 1580 842 1580 786 1580 786 1581 842 1581 803 1581 828 1582 843 1582 787 1582 787 1583 843 1583 804 1583 829 1584 844 1584 788 1584 788 1585 844 1585 805 1585 830 1586 845 1586 789 1586 789 1587 845 1587 806 1587 790 1588 846 1588 807 1588 831 1589 846 1589 790 1589 832 1590 847 1590 791 1590 791 1591 847 1591 808 1591 833 1592 848 1592 792 1592 792 1593 848 1593 809 1593 795 1594 849 1594 850 1594 850 1595 849 1595 834 1595 834 1596 849 1596 795 1596 796 1597 851 1597 813 1597 835 1598 851 1598 796 1598 836 1599 852 1599 797 1599 797 1600 852 1600 814 1600 798 1601 853 1601 815 1601 837 1602 853 1602 798 1602 799 1603 854 1603 816 1603 838 1604 854 1604 799 1604 800 1605 855 1605 817 1605 839 1606 855 1606 800 1606 801 1607 856 1607 818 1607 840 1608 856 1608 801 1608 841 1609 857 1609 802 1609 802 1610 857 1610 819 1610 803 1611 858 1611 820 1611 842 1612 858 1612 803 1612 843 1613 859 1613 804 1613 804 1614 859 1614 821 1614 844 1615 860 1615 805 1615 805 1616 860 1616 822 1616 845 1617 861 1617 806 1617 806 1618 861 1618 823 1618 807 1619 862 1619 824 1619 846 1620 862 1620 807 1620 808 1621 863 1621 825 1621 847 1622 863 1622 808 1622 809 1623 864 1623 826 1623 848 1624 864 1624 809 1624 865 1625 866 1625 810 1625 810 1626 866 1626 827 1626 813 1627 867 1627 828 1627 851 1628 867 1628 813 1628 814 1629 868 1629 829 1629 852 1630 868 1630 814 1630 853 1631 869 1631 815 1631 815 1632 869 1632 830 1632 816 1633 870 1633 831 1633 854 1634 870 1634 816 1634 855 1635 871 1635 817 1635 817 1636 871 1636 832 1636 856 1637 872 1637 818 1637 818 1638 872 1638 833 1638 834 1639 873 1639 850 1639 857 1640 873 1640 819 1640 819 1641 873 1641 834 1641 858 1642 874 1642 820 1642 820 1643 874 1643 835 1643 859 1644 875 1644 821 1644 821 1645 875 1645 836 1645 860 1646 876 1646 822 1646 822 1647 876 1647 837 1647 823 1648 877 1648 838 1648 861 1649 877 1649 823 1649 824 1650 878 1650 839 1650 862 1651 878 1651 824 1651 863 1652 879 1652 825 1652 825 1653 879 1653 840 1653 864 1654 880 1654 826 1654 826 1655 880 1655 841 1655 865 1656 881 1656 866 1656 827 1657 881 1657 842 1657 866 1658 881 1658 827 1658 867 1659 882 1659 828 1659 828 1660 882 1660 843 1660 829 1661 883 1661 844 1661 868 1662 883 1662 829 1662 869 1663 884 1663 830 1663 830 1664 884 1664 845 1664 831 1665 885 1665 846 1665 870 1666 885 1666 831 1666 871 1667 886 1667 832 1667 832 1668 886 1668 847 1668 872 1669 887 1669 833 1669 833 1670 887 1670 848 1670 850 1671 888 1671 889 1671 889 1672 888 1672 890 1672 873 1673 888 1673 850 1673 835 1674 891 1674 851 1674 874 1675 891 1675 835 1675 836 1676 892 1676 852 1676 875 1677 892 1677 836 1677 837 1678 893 1678 853 1678 876 1679 893 1679 837 1679 838 1680 894 1680 854 1680 877 1681 894 1681 838 1681 839 1682 895 1682 855 1682 878 1683 895 1683 839 1683 879 1684 896 1684 840 1684 840 1685 896 1685 856 1685 880 1686 897 1686 841 1686 841 1687 897 1687 857 1687 881 1688 898 1688 842 1688 842 1689 898 1689 858 1689 882 1690 899 1690 843 1690 843 1691 899 1691 859 1691 883 1692 900 1692 844 1692 844 1693 900 1693 860 1693 845 1694 901 1694 861 1694 884 1695 901 1695 845 1695 885 1696 902 1696 846 1696 846 1697 902 1697 862 1697 847 1698 903 1698 863 1698 886 1699 903 1699 847 1699 848 1700 904 1700 864 1700 887 1701 904 1701 848 1701 905 1702 906 1702 865 1702 851 1703 907 1703 867 1703 891 1704 907 1704 851 1704 852 1705 908 1705 868 1705 892 1706 908 1706 852 1706 893 1707 909 1707 853 1707 853 1708 909 1708 869 1708 894 1709 910 1709 854 1709 854 1710 910 1710 870 1710 895 1711 911 1711 855 1711 855 1712 911 1712 871 1712 896 1713 912 1713 856 1713 856 1714 912 1714 872 1714 897 1715 913 1715 857 1715 857 1716 913 1716 873 1716 898 1717 914 1717 858 1717 858 1718 914 1718 874 1718 899 1719 915 1719 859 1719 859 1720 915 1720 875 1720 860 1721 916 1721 876 1721 900 1722 916 1722 860 1722 901 1723 917 1723 861 1723 861 1724 917 1724 877 1724 862 1725 918 1725 878 1725 902 1726 918 1726 862 1726 863 1727 919 1727 879 1727 903 1728 919 1728 863 1728 904 1729 920 1729 864 1729 864 1730 920 1730 880 1730 865 1731 921 1731 881 1731 905 1732 921 1732 906 1732 906 1733 921 1733 865 1733 907 1734 922 1734 867 1734 867 1735 922 1735 882 1735 908 1736 923 1736 868 1736 868 1737 923 1737 883 1737 909 1738 924 1738 869 1738 869 1739 924 1739 884 1739 910 1740 925 1740 870 1740 870 1741 925 1741 885 1741 871 1742 926 1742 886 1742 911 1743 926 1743 871 1743 872 1744 927 1744 887 1744 912 1745 927 1745 872 1745 888 1746 928 1746 890 1746 873 1747 928 1747 888 1747 913 1748 928 1748 873 1748 914 1749 929 1749 874 1749 874 1750 929 1750 891 1750 875 1751 930 1751 892 1751 915 1752 930 1752 875 1752 876 1753 931 1753 893 1753 916 1754 931 1754 876 1754 917 1755 932 1755 877 1755 877 1756 932 1756 894 1756 878 1757 933 1757 895 1757 918 1758 933 1758 878 1758 879 1759 934 1759 896 1759 919 1760 934 1760 879 1760 920 1761 935 1761 880 1761 880 1762 935 1762 897 1762 921 1763 936 1763 881 1763 881 1764 936 1764 898 1764 922 1765 937 1765 882 1765 882 1766 937 1766 899 1766 923 1767 938 1767 883 1767 883 1768 938 1768 900 1768 924 1769 939 1769 884 1769 884 1770 939 1770 901 1770 885 1771 940 1771 902 1771 925 1772 940 1772 885 1772 926 1773 941 1773 886 1773 886 1774 941 1774 903 1774 887 1775 942 1775 904 1775 927 1776 942 1776 887 1776 928 1777 943 1777 890 1777 890 1778 943 1778 944 1778 944 1779 943 1779 928 1779 929 1780 945 1780 891 1780 891 1781 945 1781 907 1781 930 1782 946 1782 892 1782 892 1783 946 1783 908 1783 931 1784 947 1784 893 1784 893 1785 947 1785 909 1785 894 1786 948 1786 910 1786 932 1787 948 1787 894 1787 933 1788 949 1788 895 1788 895 1789 949 1789 911 1789 896 1790 950 1790 912 1790 934 1791 950 1791 896 1791 935 1792 951 1792 897 1792 897 1793 951 1793 913 1793 936 1794 952 1794 898 1794 898 1795 952 1795 914 1795 899 1796 953 1796 915 1796 937 1797 953 1797 899 1797 900 1798 954 1798 916 1798 938 1799 954 1799 900 1799 901 1800 955 1800 917 1800 939 1801 955 1801 901 1801 902 1802 956 1802 918 1802 940 1803 956 1803 902 1803 903 1804 957 1804 919 1804 941 1805 957 1805 903 1805 904 1806 958 1806 920 1806 942 1807 958 1807 904 1807 959 1808 960 1808 905 1808 961 1809 960 1809 959 1809 905 1810 960 1810 921 1810 945 1811 962 1811 907 1811 907 1812 962 1812 922 1812 908 1813 963 1813 923 1813 946 1814 963 1814 908 1814 909 1815 964 1815 924 1815 947 1816 964 1816 909 1816 910 1817 965 1817 925 1817 948 1818 965 1818 910 1818 911 1819 966 1819 926 1819 949 1820 966 1820 911 1820 950 1821 967 1821 912 1821 912 1822 967 1822 927 1822 913 1823 968 1823 928 1823 928 1824 968 1824 944 1824 951 1825 968 1825 913 1825 952 1826 969 1826 914 1826 914 1827 969 1827 929 1827 953 1828 970 1828 915 1828 915 1829 970 1829 930 1829 916 1830 971 1830 931 1830 954 1831 971 1831 916 1831 917 1832 972 1832 932 1832 955 1833 972 1833 917 1833 956 1834 973 1834 918 1834 918 1835 973 1835 933 1835 957 1836 974 1836 919 1836 919 1837 974 1837 934 1837 958 1838 975 1838 920 1838 920 1839 975 1839 935 1839 921 1840 976 1840 936 1840 961 1841 976 1841 960 1841 960 1842 976 1842 921 1842 962 1843 977 1843 922 1843 922 1844 977 1844 937 1844 923 1845 978 1845 938 1845 963 1846 978 1846 923 1846 964 1847 979 1847 924 1847 924 1848 979 1848 939 1848 965 1849 980 1849 925 1849 925 1850 980 1850 940 1850 926 1851 981 1851 941 1851 966 1852 981 1852 926 1852 967 1853 982 1853 927 1853 927 1854 982 1854 942 1854 944 1855 983 1855 984 1855 968 1856 983 1856 944 1856 929 1857 985 1857 945 1857 969 1858 985 1858 929 1858 970 1859 986 1859 930 1859 930 1860 986 1860 946 1860 931 1861 987 1861 947 1861 971 1862 987 1862 931 1862 972 1863 988 1863 932 1863 932 1864 988 1864 948 1864 973 1865 989 1865 933 1865 933 1866 989 1866 949 1866 934 1867 990 1867 950 1867 974 1868 990 1868 934 1868 935 1869 991 1869 951 1869 975 1870 991 1870 935 1870 936 1871 992 1871 952 1871 976 1872 992 1872 936 1872 937 1873 993 1873 953 1873 977 1874 993 1874 937 1874 938 1875 994 1875 954 1875 978 1876 994 1876 938 1876 939 1877 995 1877 955 1877 979 1878 995 1878 939 1878 940 1879 996 1879 956 1879 980 1880 996 1880 940 1880 941 1881 997 1881 957 1881 981 1882 997 1882 941 1882 982 1883 998 1883 942 1883 942 1884 998 1884 958 1884 999 1885 1000 1885 961 1885 945 1886 1001 1886 962 1886 985 1887 1001 1887 945 1887 946 1888 1002 1888 963 1888 986 1889 1002 1889 946 1889 987 1890 1003 1890 947 1890 947 1891 1003 1891 964 1891 988 1892 1004 1892 948 1892 948 1893 1004 1893 965 1893 989 1894 1005 1894 949 1894 949 1895 1005 1895 966 1895 950 1896 1006 1896 967 1896 990 1897 1006 1897 950 1897 951 1898 1007 1898 968 1898 991 1899 1007 1899 951 1899 952 1900 1008 1900 969 1900 992 1901 1008 1901 952 1901 953 1902 1009 1902 970 1902 993 1903 1009 1903 953 1903 994 1904 1010 1904 954 1904 954 1905 1010 1905 971 1905 995 1906 1011 1906 955 1906 955 1907 1011 1907 972 1907 956 1908 1012 1908 973 1908 996 1909 1012 1909 956 1909 997 1910 1013 1910 957 1910 957 1911 1013 1911 974 1911 998 1912 1014 1912 958 1912 958 1913 1014 1913 975 1913 961 1914 1015 1914 976 1914 1000 1915 1015 1915 961 1915 999 1916 1015 1916 1000 1916 1001 1917 1016 1917 962 1917 962 1918 1016 1918 977 1918 1002 1919 1017 1919 963 1919 963 1920 1017 1920 978 1920 1003 1921 1018 1921 964 1921 964 1922 1018 1922 979 1922 1004 1923 1019 1923 965 1923 965 1924 1019 1924 980 1924 1005 1925 1020 1925 966 1925 966 1926 1020 1926 981 1926 967 1927 1021 1927 982 1927 1006 1928 1021 1928 967 1928 1007 1929 1022 1929 968 1929 983 1930 1022 1930 984 1930 968 1931 1022 1931 983 1931 1008 1932 1023 1932 969 1932 969 1933 1023 1933 985 1933 970 1934 1024 1934 986 1934 1009 1935 1024 1935 970 1935 971 1936 1025 1936 987 1936 1010 1937 1025 1937 971 1937 1011 1938 1026 1938 972 1938 972 1939 1026 1939 988 1939 973 1940 1027 1940 989 1940 1012 1941 1027 1941 973 1941 974 1942 1028 1942 990 1942 1013 1943 1028 1943 974 1943 975 1944 1029 1944 991 1944 1014 1945 1029 1945 975 1945 976 1946 1030 1946 992 1946 1015 1947 1030 1947 976 1947 977 1948 1031 1948 993 1948 1016 1949 1031 1949 977 1949 978 1950 1032 1950 994 1950 1017 1951 1032 1951 978 1951 979 1952 1033 1952 995 1952 1018 1953 1033 1953 979 1953 980 1954 1034 1954 996 1954 1019 1955 1034 1955 980 1955 981 1956 1035 1956 997 1956 1020 1957 1035 1957 981 1957 982 1958 1036 1958 998 1958 1021 1959 1036 1959 982 1959 984 1960 1037 1960 1038 1960 1038 1961 1037 1961 1039 1961 1039 1962 1037 1962 1022 1962 1022 1963 1037 1963 984 1963 985 1964 1040 1964 1001 1964 1023 1965 1040 1965 985 1965 1024 1966 1041 1966 986 1966 986 1967 1041 1967 1002 1967 987 1968 1042 1968 1003 1968 1025 1969 1042 1969 987 1969 988 1970 1043 1970 1004 1970 1026 1971 1043 1971 988 1971 989 1972 1044 1972 1005 1972 1027 1973 1044 1973 989 1973 1028 1974 1045 1974 990 1974 990 1975 1045 1975 1006 1975 991 1976 1046 1976 1007 1976 1029 1977 1046 1977 991 1977 1030 1978 1047 1978 992 1978 992 1979 1047 1979 1008 1979 993 1980 1048 1980 1009 1980 1031 1981 1048 1981 993 1981 1032 1982 1049 1982 994 1982 994 1983 1049 1983 1010 1983 995 1984 1050 1984 1011 1984 1033 1985 1050 1985 995 1985 1034 1986 1051 1986 996 1986 996 1987 1051 1987 1012 1987 1035 1988 1052 1988 997 1988 997 1989 1052 1989 1013 1989 1036 1990 1053 1990 998 1990 998 1991 1053 1991 1014 1991 1054 1992 1055 1992 999 1992 1056 1993 1055 1993 1054 1993 999 1994 1055 1994 1015 1994 1001 1995 1057 1995 1016 1995 1040 1996 1057 1996 1001 1996 1041 1997 1058 1997 1002 1997 1002 1998 1058 1998 1017 1998 1003 1999 1059 1999 1018 1999 1042 2000 1059 2000 1003 2000 1043 2001 1060 2001 1004 2001 1004 2002 1060 2002 1019 2002 1044 2003 1061 2003 1005 2003 1005 2004 1061 2004 1020 2004 1006 2005 1062 2005 1021 2005 1045 2006 1062 2006 1006 2006 1007 2007 1063 2007 1022 2007 1046 2008 1063 2008 1007 2008 1008 2009 1064 2009 1023 2009 1047 2010 1064 2010 1008 2010 1048 2011 1065 2011 1009 2011 1009 2012 1065 2012 1024 2012 1010 2013 1066 2013 1025 2013 1049 2014 1066 2014 1010 2014 1011 2015 1067 2015 1026 2015 1050 2016 1067 2016 1011 2016 1051 2017 1068 2017 1012 2017 1012 2018 1068 2018 1027 2018 1013 2019 1069 2019 1028 2019 1052 2020 1069 2020 1013 2020 1014 2021 1070 2021 1029 2021 1053 2022 1070 2022 1014 2022 1015 2023 1071 2023 1030 2023 1055 2024 1071 2024 1015 2024 1016 2025 1072 2025 1031 2025 1057 2026 1072 2026 1016 2026 1058 2027 1073 2027 1017 2027 1017 2028 1073 2028 1032 2028 1018 2029 1074 2029 1033 2029 1059 2030 1074 2030 1018 2030 1060 2031 1075 2031 1019 2031 1019 2032 1075 2032 1034 2032 1061 2033 1076 2033 1020 2033 1020 2034 1076 2034 1035 2034 1021 2035 1077 2035 1036 2035 1062 2036 1077 2036 1021 2036 1078 2037 1079 2037 1063 2037 1039 2038 1079 2038 1078 2038 1022 2039 1079 2039 1039 2039 1063 2040 1079 2040 1022 2040 1064 2041 1080 2041 1023 2041 1023 2042 1080 2042 1040 2042 1065 2043 1081 2043 1024 2043 1024 2044 1081 2044 1041 2044 1066 2045 1082 2045 1025 2045 1025 2046 1082 2046 1042 2046 1067 2047 1083 2047 1026 2047 1026 2048 1083 2048 1043 2048 1068 2049 1084 2049 1027 2049 1027 2050 1084 2050 1044 2050 1028 2051 1085 2051 1045 2051 1069 2052 1085 2052 1028 2052 1070 2053 1086 2053 1029 2053 1029 2054 1086 2054 1046 2054 1071 2055 1087 2055 1030 2055 1030 2056 1087 2056 1047 2056 1031 2057 1088 2057 1048 2057 1072 2058 1088 2058 1031 2058 1073 2059 1089 2059 1032 2059 1032 2060 1089 2060 1049 2060 1033 2061 1090 2061 1050 2061 1074 2062 1090 2062 1033 2062 1075 2063 1091 2063 1034 2063 1034 2064 1091 2064 1051 2064 1076 2065 1092 2065 1035 2065 1035 2066 1092 2066 1052 2066 1077 2067 1093 2067 1036 2067 1036 2068 1093 2068 1053 2068 1094 2069 1095 2069 1056 2069 1080 2070 1096 2070 1040 2070 1040 2071 1096 2071 1057 2071 1081 2072 1097 2072 1041 2072 1041 2073 1097 2073 1058 2073 1042 2074 1098 2074 1059 2074 1082 2075 1098 2075 1042 2075 1083 2076 1099 2076 1043 2076 1043 2077 1099 2077 1060 2077 1044 2078 1100 2078 1061 2078 1084 2079 1100 2079 1044 2079 1085 2080 1101 2080 1045 2080 1045 2081 1101 2081 1062 2081 1086 2082 1102 2082 1046 2082 1046 2083 1102 2083 1063 2083 1087 2084 1103 2084 1047 2084 1047 2085 1103 2085 1064 2085 1048 2086 1104 2086 1065 2086 1088 2087 1104 2087 1048 2087 1049 2088 1105 2088 1066 2088 1089 2089 1105 2089 1049 2089 1050 2090 1106 2090 1067 2090 1090 2091 1106 2091 1050 2091 1051 2092 1107 2092 1068 2092 1091 2093 1107 2093 1051 2093 1052 2094 1108 2094 1069 2094 1092 2095 1108 2095 1052 2095 1093 2096 1109 2096 1053 2096 1053 2097 1109 2097 1070 2097 1055 2098 1110 2098 1071 2098 1094 2099 1110 2099 1095 2099 1095 2100 1110 2100 1056 2100 1056 2101 1110 2101 1055 2101 1057 2102 1111 2102 1072 2102 1096 2103 1111 2103 1057 2103 1058 2104 1112 2104 1073 2104 1097 2105 1112 2105 1058 2105 1059 2106 1113 2106 1074 2106 1098 2107 1113 2107 1059 2107 1099 2108 1114 2108 1060 2108 1060 2109 1114 2109 1075 2109 1061 2110 1115 2110 1076 2110 1100 2111 1115 2111 1061 2111 1101 2112 1116 2112 1062 2112 1062 2113 1116 2113 1077 2113 1063 2114 1117 2114 1078 2114 1102 2115 1117 2115 1063 2115 1103 2116 1118 2116 1064 2116 1064 2117 1118 2117 1080 2117 1065 2118 1119 2118 1081 2118 1104 2119 1119 2119 1065 2119 1066 2120 1120 2120 1082 2120 1105 2121 1120 2121 1066 2121 1106 2122 1121 2122 1067 2122 1067 2123 1121 2123 1083 2123 1068 2124 1122 2124 1084 2124 1107 2125 1122 2125 1068 2125 1108 2126 1123 2126 1069 2126 1069 2127 1123 2127 1085 2127 1109 2128 1124 2128 1070 2128 1070 2129 1124 2129 1086 2129 1110 2130 1125 2130 1071 2130 1071 2131 1125 2131 1087 2131 1111 2132 1126 2132 1072 2132 1072 2133 1126 2133 1088 2133 1073 2134 1127 2134 1089 2134 1112 2135 1127 2135 1073 2135 1113 2136 1128 2136 1074 2136 1074 2137 1128 2137 1090 2137 1114 2138 1129 2138 1075 2138 1075 2139 1129 2139 1091 2139 1115 2140 1130 2140 1076 2140 1076 2141 1130 2141 1092 2141 1077 2142 1131 2142 1093 2142 1116 2143 1131 2143 1077 2143 1078 2144 1132 2144 1133 2144 1117 2145 1132 2145 1078 2145 1133 2146 1132 2146 1117 2146 1080 2147 1134 2147 1096 2147 1118 2148 1134 2148 1080 2148 1081 2149 1135 2149 1097 2149 1119 2150 1135 2150 1081 2150 1082 2151 1136 2151 1098 2151 1120 2152 1136 2152 1082 2152 1121 2153 1137 2153 1083 2153 1083 2154 1137 2154 1099 2154 1122 2155 1138 2155 1084 2155 1084 2156 1138 2156 1100 2156 1085 2157 1139 2157 1101 2157 1123 2158 1139 2158 1085 2158 1086 2159 1140 2159 1102 2159 1124 2160 1140 2160 1086 2160 1087 2161 1141 2161 1103 2161 1125 2162 1141 2162 1087 2162 1126 2163 1142 2163 1088 2163 1088 2164 1142 2164 1104 2164 1089 2165 1143 2165 1105 2165 1127 2166 1143 2166 1089 2166 1128 2167 1144 2167 1090 2167 1090 2168 1144 2168 1106 2168 1129 2169 1145 2169 1091 2169 1091 2170 1145 2170 1107 2170 1130 2171 1146 2171 1092 2171 1092 2172 1146 2172 1108 2172 1093 2173 1147 2173 1109 2173 1131 2174 1147 2174 1093 2174 1148 2175 1149 2175 1094 2175 1150 2176 1149 2176 1148 2176 1096 2177 1151 2177 1111 2177 1134 2178 1151 2178 1096 2178 1097 2179 1152 2179 1112 2179 1135 2180 1152 2180 1097 2180 1098 2181 1153 2181 1113 2181 1136 2182 1153 2182 1098 2182 1137 2183 1154 2183 1099 2183 1099 2184 1154 2184 1114 2184 1138 2185 1155 2185 1100 2185 1100 2186 1155 2186 1115 2186 1139 2187 1156 2187 1101 2187 1101 2188 1156 2188 1116 2188 1140 2189 1157 2189 1102 2189 1102 2190 1157 2190 1117 2190 1141 2191 1158 2191 1103 2191 1103 2192 1158 2192 1118 2192 1104 2193 1159 2193 1119 2193 1142 2194 1159 2194 1104 2194 1105 2195 1160 2195 1120 2195 1143 2196 1160 2196 1105 2196 1106 2197 1161 2197 1121 2197 1144 2198 1161 2198 1106 2198 1145 2199 1162 2199 1107 2199 1107 2200 1162 2200 1122 2200 1146 2201 1163 2201 1108 2201 1108 2202 1163 2202 1123 2202 1147 2203 1164 2203 1109 2203 1109 2204 1164 2204 1124 2204 1094 2205 1165 2205 1110 2205 1110 2206 1165 2206 1125 2206 1149 2207 1165 2207 1094 2207 1111 2208 1166 2208 1126 2208 1151 2209 1166 2209 1111 2209 1112 2210 1167 2210 1127 2210 1152 2211 1167 2211 1112 2211 1113 2212 1168 2212 1128 2212 1153 2213 1168 2213 1113 2213 1114 2214 1169 2214 1129 2214 1154 2215 1169 2215 1114 2215 1155 2216 1170 2216 1115 2216 1115 2217 1170 2217 1130 2217 1116 2218 1171 2218 1131 2218 1156 2219 1171 2219 1116 2219 1133 2220 1172 2220 1173 2220 1173 2221 1172 2221 1174 2221 1174 2222 1172 2222 1157 2222 1117 2223 1172 2223 1133 2223 1157 2224 1172 2224 1117 2224 1118 2225 1175 2225 1134 2225 1158 2226 1175 2226 1118 2226 1119 2227 1176 2227 1135 2227 1159 2228 1176 2228 1119 2228 1160 2229 1177 2229 1120 2229 1120 2230 1177 2230 1136 2230 1121 2231 1178 2231 1137 2231 1161 2232 1178 2232 1121 2232 1122 2233 1179 2233 1138 2233 1162 2234 1179 2234 1122 2234 1123 2235 1180 2235 1139 2235 1163 2236 1180 2236 1123 2236 1164 2237 1181 2237 1124 2237 1124 2238 1181 2238 1140 2238 1125 2239 1182 2239 1141 2239 1165 2240 1182 2240 1125 2240 1126 2241 1183 2241 1142 2241 1166 2242 1183 2242 1126 2242 1167 2243 1184 2243 1127 2243 1127 2244 1184 2244 1143 2244 1128 2245 1185 2245 1144 2245 1168 2246 1185 2246 1128 2246 1169 2247 1186 2247 1129 2247 1129 2248 1186 2248 1145 2248 1130 2249 1187 2249 1146 2249 1170 2250 1187 2250 1130 2250 1171 2251 1188 2251 1131 2251 1131 2252 1188 2252 1147 2252 1189 2253 1190 2253 1150 2253 1134 2254 1191 2254 1151 2254 1175 2255 1191 2255 1134 2255 1135 2256 1192 2256 1152 2256 1176 2257 1192 2257 1135 2257 1177 2258 1193 2258 1136 2258 1136 2259 1193 2259 1153 2259 1137 2260 1194 2260 1154 2260 1178 2261 1194 2261 1137 2261 1138 2262 1195 2262 1155 2262 1179 2263 1195 2263 1138 2263 1139 2264 1196 2264 1156 2264 1180 2265 1196 2265 1139 2265 1140 2266 1197 2266 1157 2266 1181 2267 1197 2267 1140 2267 1182 2268 1198 2268 1141 2268 1141 2269 1198 2269 1158 2269 1142 2270 1199 2270 1159 2270 1183 2271 1199 2271 1142 2271 1143 2272 1200 2272 1160 2272 1184 2273 1200 2273 1143 2273 1185 2274 1201 2274 1144 2274 1144 2275 1201 2275 1161 2275 1186 2276 1202 2276 1145 2276 1145 2277 1202 2277 1162 2277 1146 2278 1203 2278 1163 2278 1187 2279 1203 2279 1146 2279 1188 2280 1204 2280 1147 2280 1147 2281 1204 2281 1164 2281 1149 2282 1205 2282 1165 2282 1150 2283 1205 2283 1149 2283 1190 2284 1205 2284 1150 2284 1189 2285 1205 2285 1190 2285 1151 2286 1206 2286 1166 2286 1191 2287 1206 2287 1151 2287 1152 2288 1207 2288 1167 2288 1192 2289 1207 2289 1152 2289 1193 2290 1208 2290 1153 2290 1153 2291 1208 2291 1168 2291 1194 2292 1209 2292 1154 2292 1154 2293 1209 2293 1169 2293 1155 2294 1210 2294 1170 2294 1195 2295 1210 2295 1155 2295 1156 2296 1211 2296 1171 2296 1196 2297 1211 2297 1156 2297 1157 2298 1212 2298 1174 2298 1197 2299 1212 2299 1157 2299 1158 2300 1213 2300 1175 2300 1198 2301 1213 2301 1158 2301 1199 2302 1214 2302 1159 2302 1159 2303 1214 2303 1176 2303 1200 2304 1215 2304 1160 2304 1160 2305 1215 2305 1177 2305 1161 2306 1216 2306 1178 2306 1201 2307 1216 2307 1161 2307 1162 2308 1217 2308 1179 2308 1202 2309 1217 2309 1162 2309 1163 2310 1218 2310 1180 2310 1203 2311 1218 2311 1163 2311 1204 2312 1219 2312 1164 2312 1164 2313 1219 2313 1181 2313 1165 2314 1220 2314 1182 2314 1205 2315 1220 2315 1165 2315 1206 2316 1221 2316 1166 2316 1166 2317 1221 2317 1183 2317 1167 2318 1222 2318 1184 2318 1207 2319 1222 2319 1167 2319 1208 2320 1223 2320 1168 2320 1168 2321 1223 2321 1185 2321 1209 2322 1224 2322 1169 2322 1169 2323 1224 2323 1186 2323 1210 2324 1225 2324 1170 2324 1170 2325 1225 2325 1187 2325 1211 2326 1226 2326 1171 2326 1171 2327 1226 2327 1188 2327 1174 2328 1227 2328 1228 2328 1228 2329 1227 2329 1212 2329 1212 2330 1227 2330 1174 2330 1213 2331 1229 2331 1175 2331 1175 2332 1229 2332 1191 2332 1176 2333 1230 2333 1192 2333 1214 2334 1230 2334 1176 2334 1177 2335 1231 2335 1193 2335 1215 2336 1231 2336 1177 2336 1178 2337 1232 2337 1194 2337 1216 2338 1232 2338 1178 2338 1217 2339 1233 2339 1179 2339 1179 2340 1233 2340 1195 2340 1218 2341 1234 2341 1180 2341 1180 2342 1234 2342 1196 2342 1219 2343 1235 2343 1181 2343 1181 2344 1235 2344 1197 2344 1220 2345 1236 2345 1182 2345 1182 2346 1236 2346 1198 2346 1221 2347 1237 2347 1183 2347 1183 2348 1237 2348 1199 2348 1222 2349 1238 2349 1184 2349 1184 2350 1238 2350 1200 2350 1185 2351 1239 2351 1201 2351 1223 2352 1239 2352 1185 2352 1186 2353 1240 2353 1202 2353 1224 2354 1240 2354 1186 2354 1187 2355 1241 2355 1203 2355 1225 2356 1241 2356 1187 2356 1188 2357 1242 2357 1204 2357 1226 2358 1242 2358 1188 2358 1243 2359 1244 2359 1189 2359 1191 2360 1245 2360 1206 2360 1229 2361 1245 2361 1191 2361 1192 2362 1246 2362 1207 2362 1230 2363 1246 2363 1192 2363 1231 2364 1247 2364 1193 2364 1193 2365 1247 2365 1208 2365 1232 2366 1248 2366 1194 2366 1194 2367 1248 2367 1209 2367 1195 2368 1249 2368 1210 2368 1233 2369 1249 2369 1195 2369 1234 2370 1250 2370 1196 2370 1196 2371 1250 2371 1211 2371 1197 2372 1251 2372 1212 2372 1235 2373 1251 2373 1197 2373 1198 2374 1252 2374 1213 2374 1236 2375 1252 2375 1198 2375 1199 2376 1253 2376 1214 2376 1237 2377 1253 2377 1199 2377 1238 2378 1254 2378 1200 2378 1200 2379 1254 2379 1215 2379 1201 2380 1255 2380 1216 2380 1239 2381 1255 2381 1201 2381 1202 2382 1256 2382 1217 2382 1240 2383 1256 2383 1202 2383 1203 2384 1257 2384 1218 2384 1241 2385 1257 2385 1203 2385 1242 2386 1258 2386 1204 2386 1204 2387 1258 2387 1219 2387 1205 2388 1259 2388 1220 2388 1189 2389 1259 2389 1205 2389 1244 2390 1259 2390 1189 2390 1206 2391 1260 2391 1221 2391 1245 2392 1260 2392 1206 2392 1246 2393 1261 2393 1207 2393 1207 2394 1261 2394 1222 2394 1208 2395 1262 2395 1223 2395 1247 2396 1262 2396 1208 2396 1209 2397 1263 2397 1224 2397 1248 2398 1263 2398 1209 2398 1210 2399 1264 2399 1225 2399 1249 2400 1264 2400 1210 2400 1211 2401 1265 2401 1226 2401 1250 2402 1265 2402 1211 2402 1228 2403 1266 2403 1267 2403 1267 2404 1266 2404 1268 2404 1251 2405 1266 2405 1212 2405 1212 2406 1266 2406 1228 2406 1213 2407 1269 2407 1229 2407 1252 2408 1269 2408 1213 2408 1214 2409 1270 2409 1230 2409 1253 2410 1270 2410 1214 2410 1215 2411 1271 2411 1231 2411 1254 2412 1271 2412 1215 2412 1255 2413 1272 2413 1216 2413 1216 2414 1272 2414 1232 2414 1217 2415 1273 2415 1233 2415 1256 2416 1273 2416 1217 2416 1257 2417 1274 2417 1218 2417 1218 2418 1274 2418 1234 2418 1258 2419 1275 2419 1219 2419 1219 2420 1275 2420 1235 2420 1220 2421 1276 2421 1236 2421 1259 2422 1276 2422 1220 2422 1221 2423 1277 2423 1237 2423 1260 2424 1277 2424 1221 2424 1261 2425 1278 2425 1222 2425 1222 2426 1278 2426 1238 2426 1223 2427 1279 2427 1239 2427 1262 2428 1279 2428 1223 2428 1263 2429 1280 2429 1224 2429 1224 2430 1280 2430 1240 2430 1264 2431 1281 2431 1225 2431 1225 2432 1281 2432 1241 2432 1265 2433 1282 2433 1226 2433 1226 2434 1282 2434 1242 2434 1283 2435 1284 2435 1243 2435 1285 2436 1284 2436 1283 2436 1229 2437 1286 2437 1245 2437 1269 2438 1286 2438 1229 2438 1230 2439 1287 2439 1246 2439 1270 2440 1287 2440 1230 2440 1231 2441 1288 2441 1247 2441 1271 2442 1288 2442 1231 2442 1232 2443 1289 2443 1248 2443 1272 2444 1289 2444 1232 2444 1273 2445 1290 2445 1233 2445 1233 2446 1290 2446 1249 2446 1274 2447 1291 2447 1234 2447 1234 2448 1291 2448 1250 2448 1275 2449 1292 2449 1235 2449 1235 2450 1292 2450 1251 2450 1236 2451 1293 2451 1252 2451 1276 2452 1293 2452 1236 2452 1237 2453 1294 2453 1253 2453 1277 2454 1294 2454 1237 2454 1278 2455 1295 2455 1238 2455 1238 2456 1295 2456 1254 2456 1279 2457 1296 2457 1239 2457 1239 2458 1296 2458 1255 2458 1240 2459 1297 2459 1256 2459 1280 2460 1297 2460 1240 2460 1281 2461 1298 2461 1241 2461 1241 2462 1298 2462 1257 2462 1282 2463 1299 2463 1242 2463 1242 2464 1299 2464 1258 2464 1284 2465 1300 2465 1243 2465 1285 2466 1300 2466 1284 2466 1243 2467 1300 2467 1244 2467 1244 2468 1300 2468 1259 2468 1245 2469 1301 2469 1260 2469 1286 2470 1301 2470 1245 2470 1246 2471 1302 2471 1261 2471 1287 2472 1302 2472 1246 2472 1288 2473 1303 2473 1247 2473 1247 2474 1303 2474 1262 2474 1289 2475 1304 2475 1248 2475 1248 2476 1304 2476 1263 2476 1290 2477 1305 2477 1249 2477 1249 2478 1305 2478 1264 2478 1291 2479 1306 2479 1250 2479 1250 2480 1306 2480 1265 2480 1292 2481 1307 2481 1251 2481 1266 2482 1307 2482 1268 2482 1251 2483 1307 2483 1266 2483 1252 2484 1308 2484 1269 2484 1293 2485 1308 2485 1252 2485 1294 2486 1309 2486 1253 2486 1253 2487 1309 2487 1270 2487 1295 2488 1310 2488 1254 2488 1254 2489 1310 2489 1271 2489 1296 2490 1311 2490 1255 2490 1255 2491 1311 2491 1272 2491 1297 2492 1312 2492 1256 2492 1256 2493 1312 2493 1273 2493 1257 2494 1313 2494 1274 2494 1298 2495 1313 2495 1257 2495 1258 2496 1314 2496 1275 2496 1299 2497 1314 2497 1258 2497 1300 2498 1315 2498 1259 2498 1259 2499 1315 2499 1276 2499 1260 2500 1316 2500 1277 2500 1301 2501 1316 2501 1260 2501 1261 2502 1317 2502 1278 2502 1302 2503 1317 2503 1261 2503 1262 2504 1318 2504 1279 2504 1303 2505 1318 2505 1262 2505 1263 2506 1319 2506 1280 2506 1304 2507 1319 2507 1263 2507 1264 2508 1320 2508 1281 2508 1305 2509 1320 2509 1264 2509 1265 2510 1321 2510 1282 2510 1306 2511 1321 2511 1265 2511 1268 2512 1322 2512 1323 2512 1323 2513 1322 2513 1307 2513 1307 2514 1322 2514 1268 2514 1269 2515 1324 2515 1286 2515 1308 2516 1324 2516 1269 2516 1270 2517 1325 2517 1287 2517 1309 2518 1325 2518 1270 2518 1271 2519 1326 2519 1288 2519 1310 2520 1326 2520 1271 2520 1272 2521 1327 2521 1289 2521 1311 2522 1327 2522 1272 2522 1273 2523 1328 2523 1290 2523 1312 2524 1328 2524 1273 2524 1313 2525 1329 2525 1274 2525 1274 2526 1329 2526 1291 2526 1314 2527 1330 2527 1275 2527 1275 2528 1330 2528 1292 2528 1315 2529 1331 2529 1276 2529 1276 2530 1331 2530 1293 2530 1277 2531 1332 2531 1294 2531 1316 2532 1332 2532 1277 2532 1317 2533 1333 2533 1278 2533 1278 2534 1333 2534 1295 2534 1318 2535 1334 2535 1279 2535 1279 2536 1334 2536 1296 2536 1280 2537 1335 2537 1297 2537 1319 2538 1335 2538 1280 2538 1281 2539 1336 2539 1298 2539 1320 2540 1336 2540 1281 2540 1282 2541 1337 2541 1299 2541 1321 2542 1337 2542 1282 2542 1338 2543 1339 2543 1285 2543 1285 2544 1339 2544 1300 2544 1324 2545 1340 2545 1286 2545 1286 2546 1340 2546 1301 2546 1325 2547 1341 2547 1287 2547 1287 2548 1341 2548 1302 2548 1326 2549 1342 2549 1288 2549 1288 2550 1342 2550 1303 2550 1327 2551 1343 2551 1289 2551 1289 2552 1343 2552 1304 2552 1328 2553 1344 2553 1290 2553 1290 2554 1344 2554 1305 2554 1329 2555 1345 2555 1291 2555 1291 2556 1345 2556 1306 2556 1307 2557 1346 2557 1323 2557 1330 2558 1346 2558 1292 2558 1292 2559 1346 2559 1307 2559 1331 2560 1347 2560 1293 2560 1293 2561 1347 2561 1308 2561 1332 2562 1348 2562 1294 2562 1294 2563 1348 2563 1309 2563 1295 2564 1349 2564 1310 2564 1333 2565 1349 2565 1295 2565 1296 2566 1350 2566 1311 2566 1334 2567 1350 2567 1296 2567 1335 2568 1351 2568 1297 2568 1297 2569 1351 2569 1312 2569 1336 2570 1352 2570 1298 2570 1298 2571 1352 2571 1313 2571 1299 2572 1353 2572 1314 2572 1337 2573 1353 2573 1299 2573 1300 2574 1354 2574 1315 2574 1338 2575 1354 2575 1339 2575 1339 2576 1354 2576 1300 2576 1301 2577 1355 2577 1316 2577 1340 2578 1355 2578 1301 2578 1302 2579 1356 2579 1317 2579 1341 2580 1356 2580 1302 2580 1303 2581 1357 2581 1318 2581 1342 2582 1357 2582 1303 2582 1304 2583 1358 2583 1319 2583 1343 2584 1358 2584 1304 2584 1344 2585 1359 2585 1305 2585 1305 2586 1359 2586 1320 2586 1306 2587 1360 2587 1321 2587 1345 2588 1360 2588 1306 2588 1346 2589 1361 2589 1323 2589 1323 2590 1361 2590 1362 2590 1362 2591 1361 2591 1363 2591 1308 2592 1364 2592 1324 2592 1347 2593 1364 2593 1308 2593 1309 2594 1365 2594 1325 2594 1348 2595 1365 2595 1309 2595 1349 2596 1366 2596 1310 2596 1310 2597 1366 2597 1326 2597 1311 2598 1367 2598 1327 2598 1350 2599 1367 2599 1311 2599 1351 2600 1368 2600 1312 2600 1312 2601 1368 2601 1328 2601 1352 2602 1369 2602 1313 2602 1313 2603 1369 2603 1329 2603 1353 2604 1370 2604 1314 2604 1314 2605 1370 2605 1330 2605 1354 2606 1371 2606 1315 2606 1315 2607 1371 2607 1331 2607 1316 2608 1372 2608 1332 2608 1355 2609 1372 2609 1316 2609 1356 2610 1373 2610 1317 2610 1317 2611 1373 2611 1333 2611 1318 2612 1374 2612 1334 2612 1357 2613 1374 2613 1318 2613 1319 2614 1375 2614 1335 2614 1358 2615 1375 2615 1319 2615 1320 2616 1376 2616 1336 2616 1359 2617 1376 2617 1320 2617 1321 2618 1377 2618 1337 2618 1360 2619 1377 2619 1321 2619 1378 2620 1379 2620 1338 2620 1364 2621 1380 2621 1324 2621 1324 2622 1380 2622 1340 2622 1365 2623 1381 2623 1325 2623 1325 2624 1381 2624 1341 2624 1366 2625 1382 2625 1326 2625 1326 2626 1382 2626 1342 2626 1367 2627 1383 2627 1327 2627 1327 2628 1383 2628 1343 2628 1328 2629 1384 2629 1344 2629 1368 2630 1384 2630 1328 2630 1329 2631 1385 2631 1345 2631 1369 2632 1385 2632 1329 2632 1330 2633 1386 2633 1346 2633 1370 2634 1386 2634 1330 2634 1331 2635 1387 2635 1347 2635 1371 2636 1387 2636 1331 2636 1372 2637 1388 2637 1332 2637 1332 2638 1388 2638 1348 2638 1373 2639 1389 2639 1333 2639 1333 2640 1389 2640 1349 2640 1334 2641 1390 2641 1350 2641 1374 2642 1390 2642 1334 2642 1335 2643 1391 2643 1351 2643 1375 2644 1391 2644 1335 2644 1336 2645 1392 2645 1352 2645 1376 2646 1392 2646 1336 2646 1337 2647 1393 2647 1353 2647 1377 2648 1393 2648 1337 2648 1379 2649 1394 2649 1338 2649 1378 2650 1394 2650 1379 2650 1338 2651 1394 2651 1354 2651 1340 2652 1395 2652 1355 2652 1380 2653 1395 2653 1340 2653 1341 2654 1396 2654 1356 2654 1381 2655 1396 2655 1341 2655 1382 2656 1397 2656 1342 2656 1342 2657 1397 2657 1357 2657 1383 2658 1398 2658 1343 2658 1343 2659 1398 2659 1358 2659 1344 2660 1399 2660 1359 2660 1384 2661 1399 2661 1344 2661 1345 2662 1400 2662 1360 2662 1385 2663 1400 2663 1345 2663 1361 2664 1401 2664 1363 2664 1346 2665 1401 2665 1361 2665 1386 2666 1401 2666 1346 2666 1347 2667 1402 2667 1364 2667 1387 2668 1402 2668 1347 2668 1388 2669 1403 2669 1348 2669 1348 2670 1403 2670 1365 2670 1349 2671 1404 2671 1366 2671 1389 2672 1404 2672 1349 2672 1390 2673 1405 2673 1350 2673 1350 2674 1405 2674 1367 2674 1351 2675 1406 2675 1368 2675 1391 2676 1406 2676 1351 2676 1352 2677 1407 2677 1369 2677 1392 2678 1407 2678 1352 2678 1393 2679 1408 2679 1353 2679 1353 2680 1408 2680 1370 2680 1394 2681 1409 2681 1354 2681 1354 2682 1409 2682 1371 2682 1395 2683 1410 2683 1355 2683 1355 2684 1410 2684 1372 2684 1396 2685 1411 2685 1356 2685 1356 2686 1411 2686 1373 2686 1397 2687 1412 2687 1357 2687 1357 2688 1412 2688 1374 2688 1358 2689 1413 2689 1375 2689 1398 2690 1413 2690 1358 2690 1399 2691 1414 2691 1359 2691 1359 2692 1414 2692 1376 2692 1400 2693 1415 2693 1360 2693 1360 2694 1415 2694 1377 2694 1416 2695 1417 2695 1401 2695 1363 2696 1417 2696 1416 2696 1401 2697 1417 2697 1363 2697 1402 2698 1418 2698 1364 2698 1364 2699 1418 2699 1380 2699 1403 2700 1419 2700 1365 2700 1365 2701 1419 2701 1381 2701 1404 2702 1420 2702 1366 2702 1366 2703 1420 2703 1382 2703 1367 2704 1421 2704 1383 2704 1405 2705 1421 2705 1367 2705 1368 2706 1422 2706 1384 2706 1406 2707 1422 2707 1368 2707 1407 2708 1423 2708 1369 2708 1369 2709 1423 2709 1385 2709 1370 2710 1424 2710 1386 2710 1408 2711 1424 2711 1370 2711 1371 2712 1425 2712 1387 2712 1409 2713 1425 2713 1371 2713 1372 2714 1426 2714 1388 2714 1410 2715 1426 2715 1372 2715 1373 2716 1427 2716 1389 2716 1411 2717 1427 2717 1373 2717 1374 2718 1428 2718 1390 2718 1412 2719 1428 2719 1374 2719 1375 2720 1429 2720 1391 2720 1413 2721 1429 2721 1375 2721 1414 2722 1430 2722 1376 2722 1376 2723 1430 2723 1392 2723 1415 2724 1431 2724 1377 2724 1377 2725 1431 2725 1393 2725 1432 2726 1433 2726 1378 2726 1434 2727 1433 2727 1432 2727 1378 2728 1433 2728 1394 2728 1380 2729 1435 2729 1395 2729 1418 2730 1435 2730 1380 2730 1419 2731 1436 2731 1381 2731 1381 2732 1436 2732 1396 2732 1420 2733 1437 2733 1382 2733 1382 2734 1437 2734 1397 2734 1383 2735 1438 2735 1398 2735 1421 2736 1438 2736 1383 2736 1422 2737 1439 2737 1384 2737 1384 2738 1439 2738 1399 2738 1385 2739 1440 2739 1400 2739 1423 2740 1440 2740 1385 2740 1386 2741 1441 2741 1401 2741 1401 2742 1441 2742 1416 2742 1424 2743 1441 2743 1386 2743 1387 2744 1442 2744 1402 2744 1425 2745 1442 2745 1387 2745 1426 2746 1443 2746 1388 2746 1388 2747 1443 2747 1403 2747 1427 2748 1444 2748 1389 2748 1389 2749 1444 2749 1404 2749 1390 2750 1445 2750 1405 2750 1428 2751 1445 2751 1390 2751 1391 2752 1446 2752 1406 2752 1429 2753 1446 2753 1391 2753 1430 2754 1447 2754 1392 2754 1392 2755 1447 2755 1407 2755 1393 2756 1448 2756 1408 2756 1431 2757 1448 2757 1393 2757 1434 2758 1449 2758 1433 2758 1433 2759 1449 2759 1394 2759 1394 2760 1449 2760 1409 2760 1435 2761 1450 2761 1395 2761 1395 2762 1450 2762 1410 2762 1396 2763 1451 2763 1411 2763 1436 2764 1451 2764 1396 2764 1437 2765 1452 2765 1397 2765 1397 2766 1452 2766 1412 2766 1438 2767 1453 2767 1398 2767 1398 2768 1453 2768 1413 2768 1439 2769 1454 2769 1399 2769 1399 2770 1454 2770 1414 2770 1440 2771 1455 2771 1400 2771 1400 2772 1455 2772 1415 2772 1416 2773 1456 2773 1457 2773 1441 2774 1456 2774 1416 2774 1402 2775 1458 2775 1418 2775 1442 2776 1458 2776 1402 2776 1403 2777 1459 2777 1419 2777 1443 2778 1459 2778 1403 2778 1404 2779 1460 2779 1420 2779 1444 2780 1460 2780 1404 2780 1405 2781 1461 2781 1421 2781 1445 2782 1461 2782 1405 2782 1406 2783 1462 2783 1422 2783 1446 2784 1462 2784 1406 2784 1407 2785 1463 2785 1423 2785 1447 2786 1463 2786 1407 2786 1408 2787 1464 2787 1424 2787 1448 2788 1464 2788 1408 2788 1449 2789 1465 2789 1409 2789 1409 2790 1465 2790 1425 2790 1410 2791 1466 2791 1426 2791 1450 2792 1466 2792 1410 2792 1411 2793 1467 2793 1427 2793 1451 2794 1467 2794 1411 2794 1452 2795 1468 2795 1412 2795 1412 2796 1468 2796 1428 2796 1453 2797 1469 2797 1413 2797 1413 2798 1469 2798 1429 2798 1454 2799 1470 2799 1414 2799 1414 2800 1470 2800 1430 2800 1455 2801 1471 2801 1415 2801 1415 2802 1471 2802 1431 2802 1472 2803 1473 2803 1434 2803 1418 2804 1474 2804 1435 2804 1458 2805 1474 2805 1418 2805 1419 2806 1475 2806 1436 2806 1459 2807 1475 2807 1419 2807 1420 2808 1476 2808 1437 2808 1460 2809 1476 2809 1420 2809 1461 2810 1477 2810 1421 2810 1421 2811 1477 2811 1438 2811 1462 2812 1478 2812 1422 2812 1422 2813 1478 2813 1439 2813 1463 2814 1479 2814 1423 2814 1423 2815 1479 2815 1440 2815 1424 2816 1480 2816 1441 2816 1464 2817 1480 2817 1424 2817 1465 2818 1481 2818 1425 2818 1425 2819 1481 2819 1442 2819 1466 2820 1482 2820 1426 2820 1426 2821 1482 2821 1443 2821 1427 2822 1483 2822 1444 2822 1467 2823 1483 2823 1427 2823 1468 2824 1484 2824 1428 2824 1428 2825 1484 2825 1445 2825 1469 2826 1485 2826 1429 2826 1429 2827 1485 2827 1446 2827 1470 2828 1486 2828 1430 2828 1430 2829 1486 2829 1447 2829 1471 2830 1487 2830 1431 2830 1431 2831 1487 2831 1448 2831 1473 2832 1488 2832 1434 2832 1472 2833 1488 2833 1473 2833 1434 2834 1488 2834 1449 2834 1474 2835 1489 2835 1435 2835 1435 2836 1489 2836 1450 2836 1475 2837 1490 2837 1436 2837 1436 2838 1490 2838 1451 2838 1437 2839 1491 2839 1452 2839 1476 2840 1491 2840 1437 2840 1438 2841 1492 2841 1453 2841 1477 2842 1492 2842 1438 2842 1478 2843 1493 2843 1439 2843 1439 2844 1493 2844 1454 2844 1479 2845 1494 2845 1440 2845 1440 2846 1494 2846 1455 2846 1456 2847 1495 2847 1457 2847 1441 2848 1495 2848 1456 2848 1480 2849 1495 2849 1441 2849 1442 2850 1496 2850 1458 2850 1481 2851 1496 2851 1442 2851 1443 2852 1497 2852 1459 2852 1482 2853 1497 2853 1443 2853 1444 2854 1498 2854 1460 2854 1483 2855 1498 2855 1444 2855 1445 2856 1499 2856 1461 2856 1484 2857 1499 2857 1445 2857 1446 2858 1500 2858 1462 2858 1485 2859 1500 2859 1446 2859 1447 2860 1501 2860 1463 2860 1486 2861 1501 2861 1447 2861 1487 2862 1502 2862 1448 2862 1448 2863 1502 2863 1464 2863 1488 2864 1503 2864 1449 2864 1449 2865 1503 2865 1465 2865 1489 2866 1504 2866 1450 2866 1450 2867 1504 2867 1466 2867 1451 2868 1505 2868 1467 2868 1490 2869 1505 2869 1451 2869 1491 2870 1506 2870 1452 2870 1452 2871 1506 2871 1468 2871 1492 2872 1507 2872 1453 2872 1453 2873 1507 2873 1469 2873 1493 2874 1508 2874 1454 2874 1454 2875 1508 2875 1470 2875 1494 2876 1509 2876 1455 2876 1455 2877 1509 2877 1471 2877 1495 2878 1510 2878 1457 2878 1457 2879 1510 2879 1511 2879 1511 2880 1510 2880 1512 2880 1512 2881 1510 2881 1495 2881 1496 2882 1513 2882 1458 2882 1458 2883 1513 2883 1474 2883 1459 2884 1514 2884 1475 2884 1497 2885 1514 2885 1459 2885 1460 2886 1515 2886 1476 2886 1498 2887 1515 2887 1460 2887 1461 2888 1516 2888 1477 2888 1499 2889 1516 2889 1461 2889 1462 2890 1517 2890 1478 2890 1500 2891 1517 2891 1462 2891 1463 2892 1518 2892 1479 2892 1501 2893 1518 2893 1463 2893 1502 2894 1519 2894 1464 2894 1464 2895 1519 2895 1480 2895 1465 2896 1520 2896 1481 2896 1503 2897 1520 2897 1465 2897 1504 2898 1521 2898 1466 2898 1466 2899 1521 2899 1482 2899 1505 2900 1522 2900 1467 2900 1467 2901 1522 2901 1483 2901 1506 2902 1523 2902 1468 2902 1468 2903 1523 2903 1484 2903 1507 2904 1524 2904 1469 2904 1469 2905 1524 2905 1485 2905 1508 2906 1525 2906 1470 2906 1470 2907 1525 2907 1486 2907 1471 2908 1526 2908 1487 2908 1509 2909 1526 2909 1471 2909 1527 2910 1528 2910 1472 2910 1529 2911 1528 2911 1527 2911 1472 2912 1528 2912 1488 2912 1474 2913 1530 2913 1489 2913 1513 2914 1530 2914 1474 2914 1475 2915 1531 2915 1490 2915 1514 2916 1531 2916 1475 2916 1476 2917 1532 2917 1491 2917 1515 2918 1532 2918 1476 2918 1477 2919 1533 2919 1492 2919 1516 2920 1533 2920 1477 2920 1517 2921 1534 2921 1478 2921 1478 2922 1534 2922 1493 2922 1479 2923 1535 2923 1494 2923 1518 2924 1535 2924 1479 2924 1480 2925 1536 2925 1495 2925 1519 2926 1536 2926 1480 2926 1481 2927 1537 2927 1496 2927 1520 2928 1537 2928 1481 2928 1482 2929 1538 2929 1497 2929 1521 2930 1538 2930 1482 2930 1483 2931 1539 2931 1498 2931 1522 2932 1539 2932 1483 2932 1523 2933 1540 2933 1484 2933 1484 2934 1540 2934 1499 2934 1485 2935 1541 2935 1500 2935 1524 2936 1541 2936 1485 2936 1525 2937 1542 2937 1486 2937 1486 2938 1542 2938 1501 2938 1487 2939 1543 2939 1502 2939 1526 2940 1543 2940 1487 2940 1528 2941 1544 2941 1488 2941 1488 2942 1544 2942 1503 2942 1489 2943 1545 2943 1504 2943 1530 2944 1545 2944 1489 2944 1490 2945 1546 2945 1505 2945 1531 2946 1546 2946 1490 2946 1532 2947 1547 2947 1491 2947 1491 2948 1547 2948 1506 2948 1492 2949 1548 2949 1507 2949 1533 2950 1548 2950 1492 2950 1493 2951 1549 2951 1508 2951 1534 2952 1549 2952 1493 2952 1494 2953 1550 2953 1509 2953 1535 2954 1550 2954 1494 2954 1536 2955 1551 2955 1495 2955 1552 2956 1551 2956 1536 2956 1512 2957 1551 2957 1552 2957 1495 2958 1551 2958 1512 2958 1537 2959 1553 2959 1496 2959 1496 2960 1553 2960 1513 2960 1497 2961 1554 2961 1514 2961 1538 2962 1554 2962 1497 2962 1539 2963 1555 2963 1498 2963 1498 2964 1555 2964 1515 2964 1540 2965 1556 2965 1499 2965 1499 2966 1556 2966 1516 2966 1541 2967 1557 2967 1500 2967 1500 2968 1557 2968 1517 2968 1501 2969 1558 2969 1518 2969 1542 2970 1558 2970 1501 2970 1543 2971 1559 2971 1502 2971 1502 2972 1559 2972 1519 2972 1503 2973 1560 2973 1520 2973 1544 2974 1560 2974 1503 2974 1504 2975 1561 2975 1521 2975 1545 2976 1561 2976 1504 2976 1546 2977 1562 2977 1505 2977 1505 2978 1562 2978 1522 2978 1547 2979 1563 2979 1506 2979 1506 2980 1563 2980 1523 2980 1507 2981 1564 2981 1524 2981 1548 2982 1564 2982 1507 2982 1549 2983 1565 2983 1508 2983 1508 2984 1565 2984 1525 2984 1509 2985 1566 2985 1526 2985 1550 2986 1566 2986 1509 2986 1567 2987 1568 2987 1529 2987 1513 2988 1569 2988 1530 2988 1553 2989 1569 2989 1513 2989 1514 2990 1570 2990 1531 2990 1554 2991 1570 2991 1514 2991 1555 2992 1571 2992 1515 2992 1515 2993 1571 2993 1532 2993 1556 2994 1572 2994 1516 2994 1516 2995 1572 2995 1533 2995 1517 2996 1573 2996 1534 2996 1557 2997 1573 2997 1517 2997 1518 2998 1574 2998 1535 2998 1558 2999 1574 2999 1518 2999 1519 3000 1575 3000 1536 3000 1559 3001 1575 3001 1519 3001 1560 3002 1576 3002 1520 3002 1520 3003 1576 3003 1537 3003 1521 3004 1577 3004 1538 3004 1561 3005 1577 3005 1521 3005 1562 3006 1578 3006 1522 3006 1522 3007 1578 3007 1539 3007 1563 3008 1579 3008 1523 3008 1523 3009 1579 3009 1540 3009 1524 3010 1580 3010 1541 3010 1564 3011 1580 3011 1524 3011 1525 3012 1581 3012 1542 3012 1565 3013 1581 3013 1525 3013 1566 3014 1582 3014 1526 3014 1526 3015 1582 3015 1543 3015 1529 3016 1583 3016 1528 3016 1567 3017 1583 3017 1568 3017 1568 3018 1583 3018 1529 3018 1528 3019 1583 3019 1544 3019 1569 3020 1584 3020 1530 3020 1530 3021 1584 3021 1545 3021 1531 3022 1585 3022 1546 3022 1570 3023 1585 3023 1531 3023 1571 3024 1586 3024 1532 3024 1532 3025 1586 3025 1547 3025 1533 3026 1587 3026 1548 3026 1572 3027 1587 3027 1533 3027 1534 3028 1588 3028 1549 3028 1573 3029 1588 3029 1534 3029 1574 3030 1589 3030 1535 3030 1535 3031 1589 3031 1550 3031 1536 3032 1590 3032 1552 3032 1575 3033 1590 3033 1536 3033 1537 3034 1591 3034 1553 3034 1576 3035 1591 3035 1537 3035 1577 3036 1592 3036 1538 3036 1538 3037 1592 3037 1554 3037 1578 3038 1593 3038 1539 3038 1539 3039 1593 3039 1555 3039 1540 3040 1594 3040 1556 3040 1579 3041 1594 3041 1540 3041 1541 3042 1595 3042 1557 3042 1580 3043 1595 3043 1541 3043 1581 3044 1596 3044 1542 3044 1542 3045 1596 3045 1558 3045 1543 3046 1597 3046 1559 3046 1582 3047 1597 3047 1543 3047 1544 3048 1598 3048 1560 3048 1583 3049 1598 3049 1544 3049 1545 3050 1599 3050 1561 3050 1584 3051 1599 3051 1545 3051 1546 3052 1600 3052 1562 3052 1585 3053 1600 3053 1546 3053 1547 3054 1601 3054 1563 3054 1586 3055 1601 3055 1547 3055 1548 3056 1602 3056 1564 3056 1587 3057 1602 3057 1548 3057 1588 3058 1603 3058 1549 3058 1549 3059 1603 3059 1565 3059 1589 3060 1604 3060 1550 3060 1550 3061 1604 3061 1566 3061 1552 3062 1605 3062 1606 3062 1590 3063 1605 3063 1552 3063 1606 3064 1605 3064 1590 3064 1591 3065 1607 3065 1553 3065 1553 3066 1607 3066 1569 3066 1554 3067 1608 3067 1570 3067 1592 3068 1608 3068 1554 3068 1593 3069 1609 3069 1555 3069 1555 3070 1609 3070 1571 3070 1594 3071 1610 3071 1556 3071 1556 3072 1610 3072 1572 3072 1595 3073 1611 3073 1557 3073 1557 3074 1611 3074 1573 3074 1596 3075 1612 3075 1558 3075 1558 3076 1612 3076 1574 3076 1559 3077 1613 3077 1575 3077 1597 3078 1613 3078 1559 3078 1560 3079 1614 3079 1576 3079 1598 3080 1614 3080 1560 3080 1561 3081 1615 3081 1577 3081 1599 3082 1615 3082 1561 3082 1600 3083 1616 3083 1562 3083 1562 3084 1616 3084 1578 3084 1563 3085 1617 3085 1579 3085 1601 3086 1617 3086 1563 3086 1602 3087 1618 3087 1564 3087 1564 3088 1618 3088 1580 3088 1603 3089 1619 3089 1565 3089 1565 3090 1619 3090 1581 3090 1604 3091 1620 3091 1566 3091 1566 3092 1620 3092 1582 3092 1621 3093 1622 3093 1567 3093 1623 3094 1622 3094 1621 3094 1607 3095 1624 3095 1569 3095 1569 3096 1624 3096 1584 3096 1570 3097 1625 3097 1585 3097 1608 3098 1625 3098 1570 3098 1571 3099 1626 3099 1586 3099 1609 3100 1626 3100 1571 3100 1610 3101 1627 3101 1572 3101 1572 3102 1627 3102 1587 3102 1611 3103 1628 3103 1573 3103 1573 3104 1628 3104 1588 3104 1574 3105 1629 3105 1589 3105 1612 3106 1629 3106 1574 3106 1613 3107 1630 3107 1575 3107 1575 3108 1630 3108 1590 3108 1614 3109 1631 3109 1576 3109 1576 3110 1631 3110 1591 3110 1577 3111 1632 3111 1592 3111 1615 3112 1632 3112 1577 3112 1578 3113 1633 3113 1593 3113 1616 3114 1633 3114 1578 3114 1579 3115 1634 3115 1594 3115 1617 3116 1634 3116 1579 3116 1580 3117 1635 3117 1595 3117 1618 3118 1635 3118 1580 3118 1581 3119 1636 3119 1596 3119 1619 3120 1636 3120 1581 3120 1582 3121 1637 3121 1597 3121 1620 3122 1637 3122 1582 3122 1622 3123 1638 3123 1567 3123 1583 3124 1638 3124 1598 3124 1567 3125 1638 3125 1583 3125 1624 3126 1639 3126 1584 3126 1584 3127 1639 3127 1599 3127 1625 3128 1640 3128 1585 3128 1585 3129 1640 3129 1600 3129 1586 3130 1641 3130 1601 3130 1626 3131 1641 3131 1586 3131 1587 3132 1642 3132 1602 3132 1627 3133 1642 3133 1587 3133 1588 3134 1643 3134 1603 3134 1628 3135 1643 3135 1588 3135 1589 3136 1644 3136 1604 3136 1629 3137 1644 3137 1589 3137 1630 3138 1645 3138 1590 3138 1606 3139 1645 3139 1646 3139 1646 3140 1645 3140 1647 3140 1647 3141 1645 3141 1630 3141 1590 3142 1645 3142 1606 3142 1631 3143 1648 3143 1591 3143 1591 3144 1648 3144 1607 3144 1632 3145 1649 3145 1592 3145 1592 3146 1649 3146 1608 3146 1593 3147 1650 3147 1609 3147 1633 3148 1650 3148 1593 3148 1594 3149 1651 3149 1610 3149 1634 3150 1651 3150 1594 3150 1595 3151 1652 3151 1611 3151 1635 3152 1652 3152 1595 3152 1596 3153 1653 3153 1612 3153 1636 3154 1653 3154 1596 3154 1637 3155 1654 3155 1597 3155 1597 3156 1654 3156 1613 3156 1638 3157 1655 3157 1598 3157 1598 3158 1655 3158 1614 3158 1639 3159 1656 3159 1599 3159 1599 3160 1656 3160 1615 3160 1600 3161 1657 3161 1616 3161 1640 3162 1657 3162 1600 3162 1641 3163 1658 3163 1601 3163 1601 3164 1658 3164 1617 3164 1602 3165 1659 3165 1618 3165 1642 3166 1659 3166 1602 3166 1603 3167 1660 3167 1619 3167 1643 3168 1660 3168 1603 3168 1644 3169 1661 3169 1604 3169 1604 3170 1661 3170 1620 3170 1662 3171 1663 3171 1623 3171 1648 3172 1664 3172 1607 3172 1607 3173 1664 3173 1624 3173 1649 3174 1665 3174 1608 3174 1608 3175 1665 3175 1625 3175 1650 3176 1666 3176 1609 3176 1609 3177 1666 3177 1626 3177 1651 3178 1667 3178 1610 3178 1610 3179 1667 3179 1627 3179 1652 3180 1668 3180 1611 3180 1611 3181 1668 3181 1628 3181 1612 3182 1669 3182 1629 3182 1653 3183 1669 3183 1612 3183 1654 3184 1670 3184 1613 3184 1613 3185 1670 3185 1630 3185 1614 3186 1671 3186 1631 3186 1655 3187 1671 3187 1614 3187 1656 3188 1672 3188 1615 3188 1615 3189 1672 3189 1632 3189 1616 3190 1673 3190 1633 3190 1657 3191 1673 3191 1616 3191 1617 3192 1674 3192 1634 3192 1658 3193 1674 3193 1617 3193 1659 3194 1675 3194 1618 3194 1618 3195 1675 3195 1635 3195 1619 3196 1676 3196 1636 3196 1660 3197 1676 3197 1619 3197 1620 3198 1677 3198 1637 3198 1661 3199 1677 3199 1620 3199 1663 3200 1678 3200 1623 3200 1662 3201 1678 3201 1663 3201 1623 3202 1678 3202 1622 3202 1622 3203 1678 3203 1638 3203 1664 3204 1679 3204 1624 3204 1624 3205 1679 3205 1639 3205 1625 3206 1680 3206 1640 3206 1665 3207 1680 3207 1625 3207 1626 3208 1681 3208 1641 3208 1666 3209 1681 3209 1626 3209 1627 3210 1682 3210 1642 3210 1667 3211 1682 3211 1627 3211 1668 3212 1683 3212 1628 3212 1628 3213 1683 3213 1643 3213 1629 3214 1684 3214 1644 3214 1669 3215 1684 3215 1629 3215 1630 3216 1685 3216 1647 3216 1670 3217 1685 3217 1630 3217 1631 3218 1686 3218 1648 3218 1671 3219 1686 3219 1631 3219 1672 3220 1687 3220 1632 3220 1632 3221 1687 3221 1649 3221 1633 3222 1688 3222 1650 3222 1673 3223 1688 3223 1633 3223 1674 3224 1689 3224 1634 3224 1634 3225 1689 3225 1651 3225 1675 3226 1690 3226 1635 3226 1635 3227 1690 3227 1652 3227 1676 3228 1691 3228 1636 3228 1636 3229 1691 3229 1653 3229 1677 3230 1692 3230 1637 3230 1637 3231 1692 3231 1654 3231 1678 3232 1693 3232 1638 3232 1638 3233 1693 3233 1655 3233 1639 3234 1694 3234 1656 3234 1679 3235 1694 3235 1639 3235 1640 3236 1695 3236 1657 3236 1680 3237 1695 3237 1640 3237 1641 3238 1696 3238 1658 3238 1681 3239 1696 3239 1641 3239 1642 3240 1697 3240 1659 3240 1682 3241 1697 3241 1642 3241 1683 3242 1698 3242 1643 3242 1643 3243 1698 3243 1660 3243 1684 3244 1699 3244 1644 3244 1644 3245 1699 3245 1661 3245 1647 3246 1700 3246 1701 3246 1685 3247 1700 3247 1647 3247 1701 3248 1700 3248 1685 3248 1686 3249 1702 3249 1648 3249 1648 3250 1702 3250 1664 3250 1687 3251 1703 3251 1649 3251 1649 3252 1703 3252 1665 3252 1688 3253 1704 3253 1650 3253 1650 3254 1704 3254 1666 3254 1689 3255 1705 3255 1651 3255 1651 3256 1705 3256 1667 3256 1652 3257 1706 3257 1668 3257 1690 3258 1706 3258 1652 3258 1653 3259 1707 3259 1669 3259 1691 3260 1707 3260 1653 3260 1654 3261 1708 3261 1670 3261 1692 3262 1708 3262 1654 3262 1655 3263 1709 3263 1671 3263 1693 3264 1709 3264 1655 3264 1694 3265 1710 3265 1656 3265 1656 3266 1710 3266 1672 3266 1657 3267 1711 3267 1673 3267 1695 3268 1711 3268 1657 3268 1696 3269 1712 3269 1658 3269 1658 3270 1712 3270 1674 3270 1697 3271 1713 3271 1659 3271 1659 3272 1713 3272 1675 3272 1660 3273 1714 3273 1676 3273 1698 3274 1714 3274 1660 3274 1661 3275 1715 3275 1677 3275 1699 3276 1715 3276 1661 3276 1716 3277 1717 3277 1662 3277 1702 3278 1718 3278 1664 3278 1664 3279 1718 3279 1679 3279 1703 3280 1719 3280 1665 3280 1665 3281 1719 3281 1680 3281 1704 3282 1720 3282 1666 3282 1666 3283 1720 3283 1681 3283 1667 3284 1721 3284 1682 3284 1705 3285 1721 3285 1667 3285 1668 3286 1722 3286 1683 3286 1706 3287 1722 3287 1668 3287 1669 3288 1723 3288 1684 3288 1707 3289 1723 3289 1669 3289 1670 3290 1724 3290 1685 3290 1708 3291 1724 3291 1670 3291 1709 3292 1725 3292 1671 3292 1671 3293 1725 3293 1686 3293 1710 3294 1726 3294 1672 3294 1672 3295 1726 3295 1687 3295 1711 3296 1727 3296 1673 3296 1673 3297 1727 3297 1688 3297 1712 3298 1728 3298 1674 3298 1674 3299 1728 3299 1689 3299 1675 3300 1729 3300 1690 3300 1713 3301 1729 3301 1675 3301 1676 3302 1730 3302 1691 3302 1714 3303 1730 3303 1676 3303 1677 3304 1731 3304 1692 3304 1715 3305 1731 3305 1677 3305 1732 3306 1733 3306 1716 3306 1717 3307 1733 3307 1662 3307 1716 3308 1733 3308 1717 3308 1678 3309 1733 3309 1693 3309 1662 3310 1733 3310 1678 3310 1679 3311 1734 3311 1694 3311 1718 3312 1734 3312 1679 3312 1680 3313 1735 3313 1695 3313 1719 3314 1735 3314 1680 3314 1681 3315 1736 3315 1696 3315 1720 3316 1736 3316 1681 3316 1682 3317 1737 3317 1697 3317 1721 3318 1737 3318 1682 3318 1722 3319 1738 3319 1683 3319 1683 3320 1738 3320 1698 3320 1723 3321 1739 3321 1684 3321 1684 3322 1739 3322 1699 3322 1701 3323 1740 3323 1741 3323 1741 3324 1740 3324 1742 3324 1685 3325 1740 3325 1701 3325 1724 3326 1740 3326 1685 3326 1686 3327 1743 3327 1702 3327 1725 3328 1743 3328 1686 3328 1726 3329 1744 3329 1687 3329 1687 3330 1744 3330 1703 3330 1727 3331 1745 3331 1688 3331 1688 3332 1745 3332 1704 3332 1728 3333 1746 3333 1689 3333 1689 3334 1746 3334 1705 3334 1690 3335 1747 3335 1706 3335 1729 3336 1747 3336 1690 3336 1730 3337 1748 3337 1691 3337 1691 3338 1748 3338 1707 3338 1731 3339 1749 3339 1692 3339 1692 3340 1749 3340 1708 3340 1693 3341 1750 3341 1709 3341 1733 3342 1750 3342 1693 3342 1732 3343 1750 3343 1733 3343 1734 3344 1751 3344 1694 3344 1694 3345 1751 3345 1710 3345 1695 3346 1752 3346 1711 3346 1735 3347 1752 3347 1695 3347 1696 3348 1753 3348 1712 3348 1736 3349 1753 3349 1696 3349 1697 3350 1754 3350 1713 3350 1737 3351 1754 3351 1697 3351 1738 3352 1755 3352 1698 3352 1698 3353 1755 3353 1714 3353 1739 3354 1756 3354 1699 3354 1699 3355 1756 3355 1715 3355 1702 3356 1757 3356 1718 3356 1743 3357 1757 3357 1702 3357 1703 3358 1758 3358 1719 3358 1744 3359 1758 3359 1703 3359 1745 3360 1759 3360 1704 3360 1704 3361 1759 3361 1720 3361 1746 3362 1760 3362 1705 3362 1705 3363 1760 3363 1721 3363 1747 3364 1761 3364 1706 3364 1706 3365 1761 3365 1722 3365 1707 3366 1762 3366 1723 3366 1748 3367 1762 3367 1707 3367 1749 3368 1763 3368 1708 3368 1708 3369 1763 3369 1724 3369 1750 3370 1764 3370 1709 3370 1732 3371 1764 3371 1750 3371 1709 3372 1764 3372 1725 3372 1710 3373 1765 3373 1726 3373 1751 3374 1765 3374 1710 3374 1711 3375 1766 3375 1727 3375 1752 3376 1766 3376 1711 3376 1712 3377 1767 3377 1728 3377 1753 3378 1767 3378 1712 3378 1754 3379 1768 3379 1713 3379 1713 3380 1768 3380 1729 3380 1714 3381 1769 3381 1730 3381 1755 3382 1769 3382 1714 3382 1715 3383 1770 3383 1731 3383 1756 3384 1770 3384 1715 3384 1757 3385 1771 3385 1718 3385 1718 3386 1771 3386 1734 3386 1719 3387 1772 3387 1735 3387 1758 3388 1772 3388 1719 3388 1720 3389 1773 3389 1736 3389 1759 3390 1773 3390 1720 3390 1721 3391 1774 3391 1737 3391 1760 3392 1774 3392 1721 3392 1722 3393 1775 3393 1738 3393 1761 3394 1775 3394 1722 3394 1762 3395 1776 3395 1723 3395 1723 3396 1776 3396 1739 3396 1763 3397 1777 3397 1724 3397 1740 3398 1777 3398 1742 3398 1724 3399 1777 3399 1740 3399 1725 3400 1778 3400 1743 3400 1764 3401 1778 3401 1725 3401 1732 3402 1778 3402 1764 3402 1726 3403 1779 3403 1744 3403 1765 3404 1779 3404 1726 3404 1766 3405 1780 3405 1727 3405 1727 3406 1780 3406 1745 3406 1767 3407 1781 3407 1728 3407 1728 3408 1781 3408 1746 3408 1729 3409 1782 3409 1747 3409 1768 3410 1782 3410 1729 3410 1730 3411 1783 3411 1748 3411 1769 3412 1783 3412 1730 3412 1731 3413 1784 3413 1749 3413 1770 3414 1784 3414 1731 3414 1734 3415 1785 3415 1751 3415 1771 3416 1785 3416 1734 3416 1735 3417 1786 3417 1752 3417 1772 3418 1786 3418 1735 3418 1736 3419 1787 3419 1753 3419 1773 3420 1787 3420 1736 3420 1774 3421 1788 3421 1737 3421 1737 3422 1788 3422 1754 3422 1775 3423 1789 3423 1738 3423 1738 3424 1789 3424 1755 3424 1776 3425 1790 3425 1739 3425 1739 3426 1790 3426 1756 3426 1777 3427 1791 3427 1742 3427 1792 3428 1791 3428 1777 3428 1742 3429 1791 3429 1792 3429 1732 3430 1793 3430 1778 3430 1743 3431 1793 3431 1757 3431 1778 3432 1793 3432 1743 3432 1744 3433 1794 3433 1758 3433 1779 3434 1794 3434 1744 3434 1780 3435 1795 3435 1745 3435 1745 3436 1795 3436 1759 3436 1781 3437 1796 3437 1746 3437 1746 3438 1796 3438 1760 3438 1747 3439 1797 3439 1761 3439 1782 3440 1797 3440 1747 3440 1783 3441 1798 3441 1748 3441 1748 3442 1798 3442 1762 3442 1749 3443 1799 3443 1763 3443 1784 3444 1799 3444 1749 3444 1751 3445 1800 3445 1765 3445 1785 3446 1800 3446 1751 3446 1752 3447 1801 3447 1766 3447 1786 3448 1801 3448 1752 3448 1787 3449 1802 3449 1753 3449 1753 3450 1802 3450 1767 3450 1788 3451 1803 3451 1754 3451 1754 3452 1803 3452 1768 3452 1755 3453 1804 3453 1769 3453 1789 3454 1804 3454 1755 3454 1790 3455 1805 3455 1756 3455 1756 3456 1805 3456 1770 3456 1793 3457 1806 3457 1757 3457 1757 3458 1806 3458 1771 3458 1732 3459 1806 3459 1793 3459 1794 3460 1807 3460 1758 3460 1758 3461 1807 3461 1772 3461 1759 3462 1808 3462 1773 3462 1795 3463 1808 3463 1759 3463 1796 3464 1809 3464 1760 3464 1760 3465 1809 3465 1774 3465 1797 3466 1810 3466 1761 3466 1761 3467 1810 3467 1775 3467 1798 3468 1811 3468 1762 3468 1762 3469 1811 3469 1776 3469 1777 3470 1812 3470 1792 3470 1763 3471 1812 3471 1777 3471 1799 3472 1812 3472 1763 3472 1765 3473 1813 3473 1779 3473 1800 3474 1813 3474 1765 3474 1801 3475 1814 3475 1766 3475 1766 3476 1814 3476 1780 3476 1767 3477 1815 3477 1781 3477 1802 3478 1815 3478 1767 3478 1768 3479 1816 3479 1782 3479 1803 3480 1816 3480 1768 3480 1769 3481 1817 3481 1783 3481 1804 3482 1817 3482 1769 3482 1770 3483 1818 3483 1784 3483 1805 3484 1818 3484 1770 3484 1771 3485 1819 3485 1785 3485 1732 3486 1819 3486 1806 3486 1806 3487 1819 3487 1771 3487 1772 3488 1820 3488 1786 3488 1807 3489 1820 3489 1772 3489 1773 3490 1821 3490 1787 3490 1808 3491 1821 3491 1773 3491 1809 3492 1822 3492 1774 3492 1774 3493 1822 3493 1788 3493 1775 3494 1823 3494 1789 3494 1810 3495 1823 3495 1775 3495 1811 3496 1824 3496 1776 3496 1776 3497 1824 3497 1790 3497 1812 3498 1825 3498 1792 3498 1792 3499 1825 3499 1826 3499 1826 3500 1825 3500 1827 3500 1813 3501 1828 3501 1779 3501 1779 3502 1828 3502 1794 3502 1814 3503 1829 3503 1780 3503 1780 3504 1829 3504 1795 3504 1815 3505 1830 3505 1781 3505 1781 3506 1830 3506 1796 3506 1782 3507 1831 3507 1797 3507 1816 3508 1831 3508 1782 3508 1817 3509 1832 3509 1783 3509 1783 3510 1832 3510 1798 3510 1818 3511 1833 3511 1784 3511 1784 3512 1833 3512 1799 3512 1819 3513 1834 3513 1785 3513 1785 3514 1834 3514 1800 3514 1732 3515 1834 3515 1819 3515 1820 3516 1835 3516 1786 3516 1786 3517 1835 3517 1801 3517 1787 3518 1836 3518 1802 3518 1821 3519 1836 3519 1787 3519 1822 3520 1837 3520 1788 3520 1788 3521 1837 3521 1803 3521 1823 3522 1838 3522 1789 3522 1789 3523 1838 3523 1804 3523 1824 3524 1839 3524 1790 3524 1790 3525 1839 3525 1805 3525 1794 3526 1840 3526 1807 3526 1828 3527 1840 3527 1794 3527 1829 3528 1841 3528 1795 3528 1795 3529 1841 3529 1808 3529 1830 3530 1842 3530 1796 3530 1796 3531 1842 3531 1809 3531 1831 3532 1843 3532 1797 3532 1797 3533 1843 3533 1810 3533 1832 3534 1844 3534 1798 3534 1798 3535 1844 3535 1811 3535 1833 3536 1845 3536 1799 3536 1799 3537 1845 3537 1812 3537 1800 3538 1846 3538 1813 3538 1834 3539 1846 3539 1800 3539 1732 3540 1846 3540 1834 3540 1835 3541 1847 3541 1801 3541 1801 3542 1847 3542 1814 3542 1802 3543 1848 3543 1815 3543 1836 3544 1848 3544 1802 3544 1803 3545 1849 3545 1816 3545 1837 3546 1849 3546 1803 3546 1804 3547 1850 3547 1817 3547 1838 3548 1850 3548 1804 3548 1805 3549 1851 3549 1818 3549 1839 3550 1851 3550 1805 3550 1807 3551 1852 3551 1820 3551 1840 3552 1852 3552 1807 3552 1808 3553 1853 3553 1821 3553 1841 3554 1853 3554 1808 3554 1809 3555 1854 3555 1822 3555 1842 3556 1854 3556 1809 3556 1810 3557 1855 3557 1823 3557 1843 3558 1855 3558 1810 3558 1844 3559 1856 3559 1811 3559 1811 3560 1856 3560 1824 3560 1825 3561 1857 3561 1827 3561 1812 3562 1857 3562 1825 3562 1845 3563 1857 3563 1812 3563 1732 3564 1858 3564 1846 3564 1813 3565 1858 3565 1828 3565 1846 3566 1858 3566 1813 3566 1847 3567 1859 3567 1814 3567 1814 3568 1859 3568 1829 3568 1815 3569 1860 3569 1830 3569 1848 3570 1860 3570 1815 3570 1849 3571 1861 3571 1816 3571 1816 3572 1861 3572 1831 3572 1850 3573 1862 3573 1817 3573 1817 3574 1862 3574 1832 3574 1851 3575 1863 3575 1818 3575 1818 3576 1863 3576 1833 3576 1852 3577 1864 3577 1820 3577 1820 3578 1864 3578 1835 3578 1853 3579 1865 3579 1821 3579 1821 3580 1865 3580 1836 3580 1822 3581 1866 3581 1837 3581 1854 3582 1866 3582 1822 3582 1823 3583 1867 3583 1838 3583 1855 3584 1867 3584 1823 3584 1824 3585 1868 3585 1839 3585 1856 3586 1868 3586 1824 3586 1869 3587 1870 3587 1857 3587 1857 3588 1870 3588 1827 3588 1827 3589 1870 3589 1869 3589 1858 3590 1871 3590 1828 3590 1732 3591 1871 3591 1858 3591 1828 3592 1871 3592 1840 3592 1859 3593 1872 3593 1829 3593 1829 3594 1872 3594 1841 3594 1860 3595 1873 3595 1830 3595 1830 3596 1873 3596 1842 3596 1861 3597 1874 3597 1831 3597 1831 3598 1874 3598 1843 3598 1832 3599 1875 3599 1844 3599 1862 3600 1875 3600 1832 3600 1863 3601 1876 3601 1833 3601 1833 3602 1876 3602 1845 3602 1835 3603 1877 3603 1847 3603 1864 3604 1877 3604 1835 3604 1865 3605 1878 3605 1836 3605 1836 3606 1878 3606 1848 3606 1866 3607 1879 3607 1837 3607 1837 3608 1879 3608 1849 3608 1838 3609 1880 3609 1850 3609 1867 3610 1880 3610 1838 3610 1839 3611 1881 3611 1851 3611 1868 3612 1881 3612 1839 3612 1840 3613 1882 3613 1852 3613 1732 3614 1882 3614 1871 3614 1871 3615 1882 3615 1840 3615 1841 3616 1883 3616 1853 3616 1872 3617 1883 3617 1841 3617 1842 3618 1884 3618 1854 3618 1873 3619 1884 3619 1842 3619 1874 3620 1885 3620 1843 3620 1843 3621 1885 3621 1855 3621 1875 3622 1886 3622 1844 3622 1844 3623 1886 3623 1856 3623 1857 3624 1887 3624 1869 3624 1845 3625 1887 3625 1857 3625 1876 3626 1887 3626 1845 3626 1847 3627 1888 3627 1859 3627 1877 3628 1888 3628 1847 3628 1878 3629 1889 3629 1848 3629 1848 3630 1889 3630 1860 3630 1849 3631 1890 3631 1861 3631 1879 3632 1890 3632 1849 3632 1850 3633 1891 3633 1862 3633 1880 3634 1891 3634 1850 3634 1851 3635 1892 3635 1863 3635 1881 3636 1892 3636 1851 3636 1732 3637 1893 3637 1882 3637 1852 3638 1893 3638 1864 3638 1882 3639 1893 3639 1852 3639 1883 3640 1894 3640 1853 3640 1853 3641 1894 3641 1865 3641 1884 3642 1895 3642 1854 3642 1854 3643 1895 3643 1866 3643 1855 3644 1896 3644 1867 3644 1885 3645 1896 3645 1855 3645 1886 3646 1897 3646 1856 3646 1856 3647 1897 3647 1868 3647 1869 3648 1898 3648 1899 3648 1887 3649 1898 3649 1869 3649 1888 3650 1900 3650 1859 3650 1859 3651 1900 3651 1872 3651 1889 3652 1901 3652 1860 3652 1860 3653 1901 3653 1873 3653 1890 3654 1902 3654 1861 3654 1861 3655 1902 3655 1874 3655 1891 3656 1903 3656 1862 3656 1862 3657 1903 3657 1875 3657 1863 3658 1904 3658 1876 3658 1892 3659 1904 3659 1863 3659 1732 3660 1905 3660 1893 3660 1864 3661 1905 3661 1877 3661 1893 3662 1905 3662 1864 3662 1894 3663 1906 3663 1865 3663 1865 3664 1906 3664 1878 3664 1895 3665 1907 3665 1866 3665 1866 3666 1907 3666 1879 3666 1896 3667 1908 3667 1867 3667 1867 3668 1908 3668 1880 3668 1868 3669 1909 3669 1881 3669 1897 3670 1909 3670 1868 3670 1872 3671 1910 3671 1883 3671 1900 3672 1910 3672 1872 3672 1901 3673 1911 3673 1873 3673 1873 3674 1911 3674 1884 3674 1902 3675 1912 3675 1874 3675 1874 3676 1912 3676 1885 3676 1875 3677 1913 3677 1886 3677 1903 3678 1913 3678 1875 3678 1876 3679 1914 3679 1887 3679 1904 3680 1914 3680 1876 3680 1905 3681 1915 3681 1877 3681 1877 3682 1915 3682 1888 3682 1732 3683 1915 3683 1905 3683 1906 3684 1916 3684 1878 3684 1878 3685 1916 3685 1889 3685 1879 3686 1917 3686 1890 3686 1907 3687 1917 3687 1879 3687 1880 3688 1918 3688 1891 3688 1908 3689 1918 3689 1880 3689 1881 3690 1919 3690 1892 3690 1909 3691 1919 3691 1881 3691 1910 3692 1920 3692 1883 3692 1883 3693 1920 3693 1894 3693 1884 3694 1921 3694 1895 3694 1911 3695 1921 3695 1884 3695 1885 3696 1922 3696 1896 3696 1912 3697 1922 3697 1885 3697 1886 3698 1923 3698 1897 3698 1913 3699 1923 3699 1886 3699 1898 3700 1924 3700 1899 3700 1887 3701 1924 3701 1898 3701 1914 3702 1924 3702 1887 3702 1732 3703 1925 3703 1915 3703 1915 3704 1925 3704 1888 3704 1888 3705 1925 3705 1900 3705 1889 3706 1926 3706 1901 3706 1916 3707 1926 3707 1889 3707 1917 3708 1927 3708 1890 3708 1890 3709 1927 3709 1902 3709 1891 3710 1928 3710 1903 3710 1918 3711 1928 3711 1891 3711 1892 3712 1929 3712 1904 3712 1919 3713 1929 3713 1892 3713 1920 3714 1930 3714 1894 3714 1894 3715 1930 3715 1906 3715 1895 3716 1931 3716 1907 3716 1921 3717 1931 3717 1895 3717 1922 3718 1932 3718 1896 3718 1896 3719 1932 3719 1908 3719 1897 3720 1933 3720 1909 3720 1923 3721 1933 3721 1897 3721 1934 3722 1935 3722 1924 3722 1924 3723 1935 3723 1899 3723 1899 3724 1935 3724 1936 3724 1936 3725 1935 3725 1934 3725 1732 3726 1937 3726 1925 3726 1925 3727 1937 3727 1900 3727 1900 3728 1937 3728 1910 3728 1901 3729 1938 3729 1911 3729 1926 3730 1938 3730 1901 3730 1927 3731 1939 3731 1902 3731 1902 3732 1939 3732 1912 3732 1928 3733 1940 3733 1903 3733 1903 3734 1940 3734 1913 3734 1904 3735 1941 3735 1914 3735 1929 3736 1941 3736 1904 3736 1930 3737 1942 3737 1906 3737 1906 3738 1942 3738 1916 3738 1931 3739 1943 3739 1907 3739 1907 3740 1943 3740 1917 3740 1908 3741 1944 3741 1918 3741 1932 3742 1944 3742 1908 3742 1909 3743 1945 3743 1919 3743 1933 3744 1945 3744 1909 3744 1732 3745 1946 3745 1937 3745 1937 3746 1946 3746 1910 3746 1910 3747 1946 3747 1920 3747 1911 3748 1947 3748 1921 3748 1938 3749 1947 3749 1911 3749 1912 3750 1948 3750 1922 3750 1939 3751 1948 3751 1912 3751 1913 3752 1949 3752 1923 3752 1940 3753 1949 3753 1913 3753 1914 3754 1950 3754 1924 3754 1941 3755 1950 3755 1914 3755 1916 3756 1951 3756 1926 3756 1942 3757 1951 3757 1916 3757 1917 3758 1952 3758 1927 3758 1943 3759 1952 3759 1917 3759 1944 3760 1953 3760 1918 3760 1918 3761 1953 3761 1928 3761 1919 3762 1954 3762 1929 3762 1945 3763 1954 3763 1919 3763 1732 3764 1955 3764 1946 3764 1920 3765 1955 3765 1930 3765 1946 3766 1955 3766 1920 3766 1921 3767 1956 3767 1931 3767 1947 3768 1956 3768 1921 3768 1922 3769 1957 3769 1932 3769 1948 3770 1957 3770 1922 3770 1923 3771 1958 3771 1933 3771 1949 3772 1958 3772 1923 3772 1959 3773 1960 3773 1950 3773 1924 3774 1960 3774 1934 3774 1934 3775 1960 3775 1959 3775 1950 3776 1960 3776 1924 3776 1926 3777 1961 3777 1938 3777 1951 3778 1961 3778 1926 3778 1927 3779 1962 3779 1939 3779 1952 3780 1962 3780 1927 3780 1928 3781 1963 3781 1940 3781 1953 3782 1963 3782 1928 3782 1954 3783 1964 3783 1929 3783 1929 3784 1964 3784 1941 3784 1955 3785 1965 3785 1930 3785 1930 3786 1965 3786 1942 3786 1732 3787 1965 3787 1955 3787 1956 3788 1966 3788 1931 3788 1931 3789 1966 3789 1943 3789 1957 3790 1967 3790 1932 3790 1932 3791 1967 3791 1944 3791 1933 3792 1968 3792 1945 3792 1958 3793 1968 3793 1933 3793 1961 3794 1969 3794 1938 3794 1938 3795 1969 3795 1947 3795 1939 3796 1970 3796 1948 3796 1962 3797 1970 3797 1939 3797 1940 3798 1971 3798 1949 3798 1963 3799 1971 3799 1940 3799 1941 3800 1972 3800 1950 3800 1964 3801 1972 3801 1941 3801 1965 3802 1973 3802 1942 3802 1732 3803 1973 3803 1965 3803 1942 3804 1973 3804 1951 3804 1943 3805 1974 3805 1952 3805 1966 3806 1974 3806 1943 3806 1967 3807 1975 3807 1944 3807 1944 3808 1975 3808 1953 3808 1968 3809 1976 3809 1945 3809 1945 3810 1976 3810 1954 3810 1969 3811 1977 3811 1947 3811 1947 3812 1977 3812 1956 3812 1970 3813 1978 3813 1948 3813 1948 3814 1978 3814 1957 3814 1971 3815 1979 3815 1949 3815 1949 3816 1979 3816 1958 3816 1950 3817 1980 3817 1959 3817 1972 3818 1980 3818 1950 3818 1951 3819 1981 3819 1961 3819 1973 3820 1981 3820 1951 3820 1732 3821 1981 3821 1973 3821 1952 3822 1982 3822 1962 3822 1974 3823 1982 3823 1952 3823 1953 3824 1983 3824 1963 3824 1975 3825 1983 3825 1953 3825 1976 3826 1984 3826 1954 3826 1954 3827 1984 3827 1964 3827 1977 3828 1985 3828 1956 3828 1956 3829 1985 3829 1966 3829 1957 3830 1986 3830 1967 3830 1978 3831 1986 3831 1957 3831 1958 3832 1987 3832 1968 3832 1979 3833 1987 3833 1958 3833 1980 3834 1988 3834 1959 3834 1959 3835 1988 3835 1989 3835 1989 3836 1988 3836 1980 3836 1961 3837 1990 3837 1969 3837 1981 3838 1990 3838 1961 3838 1732 3839 1990 3839 1981 3839 1962 3840 1991 3840 1970 3840 1982 3841 1991 3841 1962 3841 1963 3842 1992 3842 1971 3842 1983 3843 1992 3843 1963 3843 1984 3844 1993 3844 1964 3844 1964 3845 1993 3845 1972 3845 1985 3846 1994 3846 1966 3846 1966 3847 1994 3847 1974 3847 1967 3848 1995 3848 1975 3848 1986 3849 1995 3849 1967 3849 1987 3850 1996 3850 1968 3850 1968 3851 1996 3851 1976 3851 1990 3852 1997 3852 1969 3852 1969 3853 1997 3853 1977 3853 1732 3854 1997 3854 1990 3854 1970 3855 1998 3855 1978 3855 1991 3856 1998 3856 1970 3856 1992 3857 1999 3857 1971 3857 1971 3858 1999 3858 1979 3858 1993 3859 2000 3859 1972 3859 1972 3860 2000 3860 1980 3860 1994 3861 2001 3861 1974 3861 1974 3862 2001 3862 1982 3862 1995 3863 2002 3863 1975 3863 1975 3864 2002 3864 1983 3864 1976 3865 2003 3865 1984 3865 1996 3866 2003 3866 1976 3866 1732 3867 2004 3867 1997 3867 1997 3868 2004 3868 1977 3868 1977 3869 2004 3869 1985 3869 1978 3870 2005 3870 1986 3870 1998 3871 2005 3871 1978 3871 1999 3872 2006 3872 1979 3872 1979 3873 2006 3873 1987 3873 2000 3874 2007 3874 1980 3874 1989 3875 2007 3875 2008 3875 2008 3876 2007 3876 2009 3876 2009 3877 2007 3877 2000 3877 1980 3878 2007 3878 1989 3878 2001 3879 2010 3879 1982 3879 1982 3880 2010 3880 1991 3880 2002 3881 2011 3881 1983 3881 1983 3882 2011 3882 1992 3882 1984 3883 2012 3883 1993 3883 2003 3884 2012 3884 1984 3884 1985 3885 2013 3885 1994 3885 2004 3886 2013 3886 1985 3886 1732 3887 2013 3887 2004 3887 1986 3888 2014 3888 1995 3888 2005 3889 2014 3889 1986 3889 1987 3890 2015 3890 1996 3890 2006 3891 2015 3891 1987 3891 1991 3892 2016 3892 1998 3892 2010 3893 2016 3893 1991 3893 2011 3894 2017 3894 1992 3894 1992 3895 2017 3895 1999 3895 1993 3896 2018 3896 2000 3896 2012 3897 2018 3897 1993 3897 2013 3898 2019 3898 1994 3898 1994 3899 2019 3899 2001 3899 1732 3900 2019 3900 2013 3900 1995 3901 2020 3901 2002 3901 2014 3902 2020 3902 1995 3902 1996 3903 2021 3903 2003 3903 2015 3904 2021 3904 1996 3904 2016 3905 2022 3905 1998 3905 1998 3906 2022 3906 2005 3906 1999 3907 2023 3907 2006 3907 2017 3908 2023 3908 1999 3908 2018 3909 2024 3909 2000 3909 2000 3910 2024 3910 2009 3910 1732 3911 2025 3911 2019 3911 2019 3912 2025 3912 2001 3912 2001 3913 2025 3913 2010 3913 2020 3914 2026 3914 2002 3914 2002 3915 2026 3915 2011 3915 2003 3916 2027 3916 2012 3916 2021 3917 2027 3917 2003 3917 2022 3918 2028 3918 2005 3918 2005 3919 2028 3919 2014 3919 2006 3920 2029 3920 2015 3920 2023 3921 2029 3921 2006 3921 2009 3922 2030 3922 2031 3922 2024 3923 2030 3923 2009 3923 2031 3924 2030 3924 2024 3924 2025 3925 2032 3925 2010 3925 1732 3926 2032 3926 2025 3926 2010 3927 2032 3927 2016 3927 2026 3928 2033 3928 2011 3928 2011 3929 2033 3929 2017 3929 2027 3930 2034 3930 2012 3930 2012 3931 2034 3931 2018 3931 2014 3932 2035 3932 2020 3932 2028 3933 2035 3933 2014 3933 2015 3934 2036 3934 2021 3934 2029 3935 2036 3935 2015 3935 2016 3936 2037 3936 2022 3936 2032 3937 2037 3937 2016 3937 1732 3938 2037 3938 2032 3938 2017 3939 2038 3939 2023 3939 2033 3940 2038 3940 2017 3940 2018 3941 2039 3941 2024 3941 2034 3942 2039 3942 2018 3942 2020 3943 2040 3943 2026 3943 2035 3944 2040 3944 2020 3944 2036 3945 2041 3945 2021 3945 2021 3946 2041 3946 2027 3946 2022 3947 2042 3947 2028 3947 2037 3948 2042 3948 2022 3948 1732 3949 2042 3949 2037 3949 2023 3950 2043 3950 2029 3950 2038 3951 2043 3951 2023 3951 2039 3952 2044 3952 2024 3952 2031 3953 2044 3953 2045 3953 2045 3954 2044 3954 2046 3954 2024 3955 2044 3955 2031 3955 2026 3956 2047 3956 2033 3956 2040 3957 2047 3957 2026 3957 2027 3958 2048 3958 2034 3958 2041 3959 2048 3959 2027 3959 2028 3960 2049 3960 2035 3960 2042 3961 2049 3961 2028 3961 1732 3962 2049 3962 2042 3962 2043 3963 2050 3963 2029 3963 2029 3964 2050 3964 2036 3964 2033 3965 2051 3965 2038 3965 2047 3966 2051 3966 2033 3966 2034 3967 2052 3967 2039 3967 2048 3968 2052 3968 2034 3968 2035 3969 2053 3969 2040 3969 2049 3970 2053 3970 2035 3970 1732 3971 2053 3971 2049 3971 2036 3972 2054 3972 2041 3972 2050 3973 2054 3973 2036 3973 2038 3974 2055 3974 2043 3974 2051 3975 2055 3975 2038 3975 2039 3976 2056 3976 2044 3976 2044 3977 2056 3977 2046 3977 2052 3978 2056 3978 2039 3978 2040 3979 2057 3979 2047 3979 2053 3980 2057 3980 2040 3980 1732 3981 2057 3981 2053 3981 2041 3982 2058 3982 2048 3982 2054 3983 2058 3983 2041 3983 2043 3984 2059 3984 2050 3984 2055 3985 2059 3985 2043 3985 2060 3986 2061 3986 2056 3986 2046 3987 2061 3987 2060 3987 2056 3988 2061 3988 2046 3988 1732 3989 2062 3989 2057 3989 2047 3990 2062 3990 2051 3990 2057 3991 2062 3991 2047 3991 2048 3992 2063 3992 2052 3992 2058 3993 2063 3993 2048 3993 2050 3994 2064 3994 2054 3994 2059 3995 2064 3995 2050 3995 2062 3996 2065 3996 2051 3996 1732 3997 2065 3997 2062 3997 2051 3998 2065 3998 2055 3998 2056 3999 2066 3999 2060 3999 2052 4000 2066 4000 2056 4000 2063 4001 2066 4001 2052 4001 2054 4002 2067 4002 2058 4002 2064 4003 2067 4003 2054 4003 2055 4004 2068 4004 2059 4004 2065 4005 2068 4005 2055 4005 1732 4006 2068 4006 2065 4006 2066 4007 2069 4007 2060 4007 2060 4008 2069 4008 2070 4008 2070 4009 2069 4009 2071 4009 2058 4010 2072 4010 2063 4010 2067 4011 2072 4011 2058 4011 2059 4012 2073 4012 2064 4012 1732 4013 2073 4013 2068 4013 2068 4014 2073 4014 2059 4014 2072 4015 2074 4015 2063 4015 2063 4016 2074 4016 2066 4016 2064 4017 2075 4017 2067 4017 2073 4018 2075 4018 2064 4018 1732 4019 2075 4019 2073 4019 2066 4020 2076 4020 2069 4020 2069 4021 2076 4021 2071 4021 2074 4022 2076 4022 2066 4022 2067 4023 2077 4023 2072 4023 2075 4024 2077 4024 2067 4024 1732 4025 2077 4025 2075 4025 2076 4026 2078 4026 2071 4026 2079 4027 2078 4027 2076 4027 2071 4028 2078 4028 2079 4028 2072 4029 2080 4029 2074 4029 2077 4030 2080 4030 2072 4030 1732 4031 2080 4031 2077 4031 2074 4032 2081 4032 2076 4032 2076 4033 2081 4033 2079 4033 2080 4034 2081 4034 2074 4034 1732 4035 2081 4035 2080 4035 2082 4036 2081 4036 1732 4036 2081 4037 2083 4037 2079 4037 2079 4038 2083 4038 2082 4038 2082 4039 2083 4039 2081 4039 221 4040 181 4040 156 4040 154 4041 221 4041 156 4041 253 4042 223 4042 221 4042 253 4043 221 4043 154 4043 100 4044 121 4044 101 4044 100 4045 154 4045 121 4045 338 4046 300 4046 253 4046 338 4047 336 4047 300 4047 393 4048 338 4048 253 4048 39 4049 73 4049 58 4049 39 4050 100 4050 73 4050 39 4051 154 4051 100 4051 26 4052 39 4052 37 4052 14 4053 39 4053 26 4053 526 4054 432 4054 393 4054 526 4055 487 4055 432 4055 526 4056 488 4056 487 4056 9 4057 39 4057 14 4057 7 4058 39 4058 9 4058 583 4059 582 4059 526 4059 583 4060 393 4060 253 4060 583 4061 526 4061 393 4061 2 4062 7 4062 0 4062 677 4063 675 4063 621 4063 361 4064 2 4064 4 4064 361 4065 7 4065 2 4065 770 4066 716 4066 677 4066 417 4067 253 4067 154 4067 417 4068 154 4068 39 4068 417 4069 361 4069 377 4069 417 4070 377 4070 416 4070 417 4071 39 4071 7 4071 417 4072 7 4072 361 4072 810 4073 770 4073 677 4073 810 4074 812 4074 770 4074 511 4075 417 4075 471 4075 511 4076 253 4076 417 4076 959 4077 865 4077 810 4077 959 4078 905 4078 865 4078 959 4079 810 4079 677 4079 961 4080 959 4080 677 4080 961 4081 621 4081 583 4081 961 4082 583 4082 253 4082 961 4083 677 4083 621 4083 700 4084 606 4084 660 4084 1094 4085 1056 4085 1054 4085 1148 4086 1054 4086 999 4086 1148 4087 1094 4087 1054 4087 1150 4088 961 4088 253 4088 1150 4089 999 4089 961 4089 1150 4090 1148 4090 999 4090 1150 4091 511 4091 565 4091 1150 4092 565 4092 566 4092 1150 4093 566 4093 606 4093 1150 4094 253 4094 511 4094 890 4095 850 4095 889 4095 1285 4096 1283 4096 1243 4096 1338 4097 1150 4097 606 4097 1338 4098 1189 4098 1150 4098 1338 4099 1243 4099 1189 4099 1338 4100 1285 4100 1243 4100 1038 4101 890 4101 944 4101 1038 4102 944 4102 984 4102 1472 4103 1432 4103 1378 4103 1472 4104 1434 4104 1432 4104 1133 4105 850 4105 890 4105 1133 4106 890 4106 1038 4106 1133 4107 795 4107 850 4107 1133 4108 1038 4108 1039 4108 1133 4109 1039 4109 1078 4109 1527 4110 1378 4110 1338 4110 1527 4111 1472 4111 1378 4111 1173 4112 701 4112 755 4112 1173 4113 755 4113 794 4113 1173 4114 794 4114 795 4114 1173 4115 795 4115 1133 4115 1174 4116 700 4116 701 4116 1174 4117 701 4117 1173 4117 1567 4118 606 4118 700 4118 1567 4119 1529 4119 1527 4119 1567 4120 1338 4120 606 4120 1567 4121 1527 4121 1338 4121 1228 4122 700 4122 1174 4122 1323 4123 1228 4123 1267 4123 1323 4124 1267 4124 1268 4124 1732 4125 1662 4125 1623 4125 1732 4126 1716 4126 1662 4126 1363 4127 1323 4127 1362 4127 1416 4128 1323 4128 1363 4128 2079 4129 2082 4129 1732 4129 2071 4130 2079 4130 1732 4130 1511 4131 1323 4131 1416 4131 1511 4132 1416 4132 1457 4132 2070 4133 1732 4133 1623 4133 2070 4134 2071 4134 1732 4134 1552 4135 1228 4135 1323 4135 1552 4136 1323 4136 1511 4136 1552 4137 1511 4137 1512 4137 2046 4138 2060 4138 2070 4138 1646 4139 1552 4139 1606 4139 1646 4140 1228 4140 1552 4140 1646 4141 1567 4141 700 4141 1646 4142 1621 4142 1567 4142 1646 4143 700 4143 1228 4143 2031 4144 2045 4144 2046 4144 2031 4145 2046 4145 2070 4145 2008 4146 2009 4146 2031 4146 2008 4147 2070 4147 1623 4147 2008 4148 2031 4148 2070 4148 2008 4149 1623 4149 1621 4149 1741 4150 1647 4150 1701 4150 1742 4151 1646 4151 1647 4151 1742 4152 1647 4152 1741 4152 1959 4153 1989 4153 2008 4153 1792 4154 1621 4154 1646 4154 1792 4155 1646 4155 1742 4155 1899 4156 1936 4156 1934 4156 1869 4157 1792 4157 1826 4157 1869 4158 1826 4158 1827 4158 1869 4159 1934 4159 1959 4159 1869 4160 1959 4160 2008 4160 1869 4161 1621 4161 1792 4161 1869 4162 2008 4162 1621 4162 1869 4163 1899 4163 1934 4163</p>
        </triangles>
      </mesh>
    </geometry>
  </library_geometries>
  <library_materials>
    <material id="mat_Body002_shape" name="Body002_shape">
      <instance_effect url="#effect_Body002_shape"/>
    </material>
  </library_materials>
  <library_visual_scenes>
    <visual_scene id="myscene">
      <node id="node0" name="node0">
        <instance_geometry url="#geometry0">
          <bind_material>
            <technique_common>
              <instance_material symbol="ref_Body002_shape" target="#mat_Body002_shape"/>
            </technique_common>
          </bind_material>
        </instance_geometry>
      </node>
    </visual_scene>
  </library_visual_scenes>
  <scene>
    <instance_visual_scene url="#myscene"/>
  </scene>
</COLLADA>
